/*******************************************************************************
 * Size: 33 px
 * Bpp: 2
 * Opts: --font DejaVuSans.ttf -r 32-126 -r 160-383 --font ../lvgl/lvgl/scripts/generators/built_in_font/FontAwesome5-Solid+Brands+Regular.woff -r 61441,61448,61451,61452,61452,61453,61457,61459,61461,61465,61468,61473,61478,61479,61480,61502,61507,61512,61515,61516,61517,61521,61522,61523,61524,61543,61544,61550,61552,61553,61556,61559,61560,61561,61563,61587,61589,61636,61637,61639,61641,61664,61671,61674,61683,61724,61732,61787,61931,62016,62017,62018,62019,62020,62087,62099,62212,62189,62810,63426,63650 --size 33 --bpp 2 --format lvgl --lv-font-name dejavu_40 -o fonts/dejavu_40.c
 ******************************************************************************/

#ifdef LV_LVGL_H_INCLUDE_SIMPLE
#include "lvgl.h"
#else
#include "lvgl/lvgl.h"
#endif

#ifndef DEJAVU_40
#define DEJAVU_40 1
#endif

#if DEJAVU_40

/*-----------------
 *    BITMAPS
 *----------------*/

/*Store the image of the glyphs*/
static LV_ATTRIBUTE_LARGE_CONST const uint8_t glyph_bitmap[] = {
    /* U+0020 " " */

    /* U+0021 "!" */
    0x3e, 0x43, 0xff, 0xca, 0x87, 0xff, 0x39, 0x10,
    0x5c, 0x1f, 0xfc, 0x5f, 0x90, 0xff, 0xe1, 0x80,

    /* U+0022 "\"" */
    0xf8, 0x2b, 0xc1, 0xff, 0xfc, 0xf8, 0x2b, 0xc0,

    /* U+0023 "#" */
    0xf, 0xe7, 0xc8, 0x6f, 0x41, 0xff, 0xc4, 0x43,
    0xd8, 0x7f, 0xf0, 0x70, 0xf2, 0x4, 0x3f, 0xf8,
    0x28, 0x86, 0xc3, 0xff, 0x8d, 0x86, 0x44, 0x3f,
    0xf8, 0x28, 0x10, 0xff, 0xe4, 0x61, 0xe4, 0x18,
    0x7c, 0xd7, 0x20, 0xae, 0x7, 0x58, 0x2d, 0x78,
    0x25, 0xc1, 0x2f, 0x7, 0xff, 0x3e, 0xfc, 0x83,
    0xf4, 0xb, 0xf8, 0x3f, 0x21, 0xfc, 0x87, 0xff,
    0xd, 0xd, 0x87, 0xff, 0xd, 0x6, 0x19, 0x10,
    0xff, 0xe0, 0xe0, 0x43, 0xd8, 0x7e, 0xae, 0x41,
    0x5c, 0xe, 0xb0, 0x4b, 0xe0, 0x97, 0x80, 0xbe,
    0xf, 0xfe, 0x73, 0xfa, 0x7, 0xf0, 0x2f, 0xe4,
    0x3e, 0xc3, 0xc8, 0x10, 0xff, 0xe0, 0xa2, 0x1b,
    0xf, 0xfe, 0x36, 0x19, 0x10, 0xff, 0xe0, 0xa0,
    0x43, 0xd8, 0x7f, 0xf0, 0x70, 0xf2, 0x4, 0x3f,
    0xf8, 0x28, 0x86, 0xc3, 0xff, 0x80,

    /* U+0024 "$" */
    0xf, 0x9c, 0x3f, 0xfe, 0x77, 0xa3, 0xe9, 0xe,
    0x74, 0x3e, 0x6c, 0x26, 0xa, 0x4a, 0x21, 0xe8,
    0xe, 0xe2, 0xaf, 0x41, 0xe8, 0x3f, 0x90, 0xff,
    0xee, 0x21, 0xff, 0xc1, 0x41, 0x40, 0xff, 0xe0,
    0x41, 0x3c, 0x48, 0x7e, 0xd0, 0xe6, 0xe0, 0xfa,
    0xd0, 0xf3, 0xa1, 0xf5, 0xc2, 0x82, 0x90, 0xff,
    0x53, 0xa, 0xf, 0xfe, 0xe, 0x1f, 0xfe, 0xb7,
    0x83, 0xfb, 0x2, 0x13, 0xe9, 0xca, 0x61, 0x42,
    0x19, 0x91, 0x41, 0x41, 0x7a, 0x43, 0xcd, 0xa1,
    0xcd, 0xe8, 0xf4, 0x87, 0xff, 0xf0,

    /* U+0025 "%" */
    0xd, 0x7d, 0x7, 0xfc, 0xf8, 0x3f, 0x3a, 0x13,
    0x87, 0xfa, 0x10, 0xfd, 0x2, 0xe0, 0x61, 0xfa,
    0x4, 0x1f, 0x40, 0xd1, 0x80, 0x87, 0xc9, 0x7,
    0xe4, 0x43, 0x20, 0xc3, 0xd8, 0x10, 0xff, 0x61,
    0xf2, 0x1c, 0x83, 0xf, 0xfe, 0x2a, 0x1f, 0x42,
    0x1f, 0xfc, 0x64, 0x3d, 0x2, 0xf, 0xfe, 0x6,
    0x1f, 0x21, 0x92, 0xf, 0xf9, 0x10, 0xc8, 0x30,
    0xb0, 0x21, 0xff, 0x40, 0xd1, 0x80, 0x81, 0x6,
    0x1f, 0xfc, 0x18, 0x17, 0x3, 0xa, 0x10, 0xff,
    0xe1, 0x3a, 0x13, 0x85, 0x2, 0xa, 0xfd, 0x7,
    0xd7, 0xd0, 0x64, 0x82, 0xd0, 0xce, 0x1f, 0xfc,
    0x2c, 0x8, 0x20, 0x5e, 0x41, 0x7, 0xff, 0x1,
    0x6, 0x12, 0x28, 0x12, 0x21, 0xff, 0xc0, 0x84,
    0x24, 0x18, 0x6c, 0x8, 0x7f, 0xa0, 0x41, 0x60,
    0x43, 0x21, 0xff, 0xc1, 0x48, 0x3f, 0xf8, 0x78,
    0x7f, 0x62, 0x83, 0xff, 0x87, 0x87, 0xe4, 0x10,
    0x76, 0x4, 0x32, 0x1f, 0xf4, 0x21, 0xe4, 0x18,
    0x68, 0x8, 0x7d, 0x2, 0xf, 0x91, 0x81, 0x1,
    0xf, 0xc9, 0x7, 0xe9, 0x1f, 0x23, 0x7, 0xd8,
    0xa0, 0xfe, 0xa0, 0x6a, 0x0,

    /* U+0026 "&" */
    0xf, 0x5f, 0xd2, 0x1f, 0xfc, 0x17, 0x43, 0x9a,
    0x7, 0xff, 0x2, 0xc, 0xa0, 0xff, 0xe1, 0xc1,
    0x7a, 0x9e, 0x43, 0xff, 0x80, 0x83, 0xf, 0x50,
    0x3f, 0xfe, 0x8, 0x7f, 0xf1, 0xe0, 0x41, 0xff,
    0xc7, 0x42, 0xc3, 0xff, 0x8c, 0x86, 0xc3, 0xff,
    0x88, 0xc1, 0xd8, 0x7f, 0x28, 0x26, 0x7, 0x82,
    0xc3, 0xe6, 0x88, 0x20, 0x60, 0xc2, 0xc3, 0xd8,
    0x64, 0x8, 0x6c, 0x2c, 0x39, 0x2, 0x60, 0xc3,
    0xb0, 0xb0, 0xf2, 0x4, 0x8, 0x7b, 0xb, 0x4,
    0x8, 0x39, 0xf, 0xb0, 0xb1, 0x10, 0xff, 0xe1,
    0xe1, 0x60, 0x82, 0x41, 0x7, 0xf6, 0x1a, 0xd,
    0x5, 0x7, 0xff, 0x7, 0xe, 0x40, 0xe1, 0xe7,
    0xc, 0xc1, 0xa4, 0x2f, 0x53, 0xd0, 0x18, 0xc,
    0x1a, 0x81, 0x94, 0x1a, 0x8a, 0x2, 0x83, 0x3c,
    0x86, 0x6d, 0x4, 0x82, 0x40,

    /* U+0027 "'" */
    0xf8, 0x3f, 0xf9, 0x9f, 0x0,

    /* U+0028 "(" */
    0xe, 0xbc, 0x1e, 0x48, 0x3b, 0x2, 0x19, 0x4,
    0x1d, 0x1, 0xf, 0x90, 0xe8, 0x18, 0x72, 0x4,
    0x3f, 0xf8, 0x28, 0x10, 0xec, 0x18, 0x72, 0x4,
    0x3f, 0xff, 0x8, 0x10, 0xec, 0x18, 0x72, 0x4,
    0x3f, 0xf8, 0x68, 0x10, 0xe8, 0x18, 0x7e, 0x43,
    0xd0, 0x10, 0xe4, 0x10, 0x7b, 0x2, 0x1e, 0x48,

    /* U+0029 ")" */
    0x3d, 0x7, 0x91, 0xf, 0x40, 0x83, 0xc8, 0x87,
    0xa0, 0x41, 0xf9, 0xf, 0x40, 0x43, 0x90, 0x41,
    0xff, 0xc3, 0x40, 0x87, 0xec, 0x3b, 0xf, 0xc8,
    0x10, 0xff, 0xf3, 0x20, 0x43, 0xb0, 0xff, 0xb0,
    0xe4, 0x8, 0x7f, 0xf0, 0x50, 0x41, 0xd0, 0x10,
    0xf9, 0xe, 0x81, 0x7, 0x22, 0x1d, 0x2, 0xe,
    0x44, 0x38,

    /* U+002A "*" */
    0xf, 0xac, 0x3f, 0xfb, 0x8e, 0x1f, 0xe7, 0x6,
    0x70, 0x7d, 0xc2, 0x50, 0x74, 0x2b, 0x1d, 0x3,
    0xc4, 0x9a, 0x70, 0x79, 0xd0, 0xac, 0x3f, 0xa4,
    0x29, 0xf, 0x9d, 0x40, 0x4a, 0x6, 0x78, 0xa2,
    0x5a, 0xb8, 0x18, 0xe8, 0x75, 0x4, 0x17, 0x7,
    0xe7, 0x83, 0xff, 0x86, 0x87, 0xff, 0x33, 0x83,
    0xe0,

    /* U+002B "+" */
    0xf, 0xf2, 0x83, 0xff, 0x8f, 0x50, 0x7f, 0xff,
    0xc3, 0xff, 0xfe, 0x1f, 0xfd, 0x8b, 0xff, 0x20,
    0xff, 0xe0, 0xff, 0xe5, 0xe1, 0xff, 0xc9, 0x7f,
    0xf2, 0xf, 0xfe, 0xf, 0xff, 0xf8, 0x7f, 0xff,
    0xc3, 0xff, 0x9e,

    /* U+002C "," */
    0xf, 0xdf, 0x21, 0xff, 0x22, 0x1d, 0x82, 0x2,
    0x4, 0x34, 0x4, 0x8, 0x0,

    /* U+002D "-" */
    0x6b, 0xf0, 0x17, 0xf8, 0x3f, 0xc0,

    /* U+002E "." */
    0xc, 0xfc, 0x1f, 0xfc, 0x0,

    /* U+002F "/" */
    0xf, 0xdf, 0x7, 0xfc, 0x87, 0xe4, 0x18, 0x7e,
    0xc0, 0x87, 0xe4, 0x3f, 0xc8, 0x20, 0xfd, 0x81,
    0xf, 0xc8, 0x7f, 0xf0, 0x50, 0xfc, 0x83, 0xf,
    0xd0, 0x10, 0xff, 0x21, 0xf9, 0x6, 0x1f, 0xb0,
    0x21, 0xf9, 0xf, 0xf2, 0x8, 0x3f, 0x60, 0x43,
    0xf2, 0x1f, 0xfc, 0x14, 0x3f, 0x20, 0xc3, 0xf4,
    0x4, 0x3f, 0xc8, 0x7e, 0x41, 0x87, 0xec, 0x8,
    0x7e, 0x43, 0xfc, 0x82, 0xf, 0xd8, 0x10, 0xfc,
    0x87, 0xfc,

    /* U+0030 "0" */
    0xe, 0x6f, 0xa4, 0x3f, 0xb9, 0x9, 0xb0, 0xfb,
    0xc, 0x86, 0xc3, 0xb0, 0xbd, 0x78, 0x2c, 0x24,
    0x2c, 0x3b, 0x9, 0x4, 0x4, 0x3e, 0x41, 0x87,
    0x41, 0xf4, 0x4, 0x43, 0xff, 0x86, 0xe0, 0x43,
    0xf9, 0xf, 0xfe, 0x3e, 0x1f, 0xfc, 0x54, 0x18,
    0x7f, 0x61, 0xff, 0xc7, 0x43, 0xff, 0x88, 0xa0,
    0x61, 0xfd, 0x87, 0xff, 0x63, 0xc0, 0x43, 0xf9,
    0x9, 0xf, 0xfe, 0x1a, 0x1a, 0xf, 0xa0, 0xe8,
    0x8, 0x7c, 0x82, 0x2, 0x16, 0x1d, 0x84, 0x85,
    0x85, 0xeb, 0xc1, 0x61, 0xd8, 0x64, 0x36, 0x1f,
    0x72, 0x13, 0x61, 0x80,

    /* U+0031 "1" */
    0x9, 0xbf, 0x41, 0xcf, 0xa4, 0x3f, 0xfa, 0xd,
    0x10, 0xfc, 0xfa, 0x50, 0x7f, 0xff, 0xc3, 0xff,
    0xfe, 0x1f, 0xff, 0xf0, 0xff, 0xee, 0x5f, 0x90,
    0x3f, 0xc2, 0x1f, 0xfd, 0x0,

    /* U+0032 "2" */
    0x9, 0xbf, 0xa0, 0xf5, 0xc8, 0x73, 0xc1, 0x28,
    0x3f, 0xce, 0x1c, 0xdf, 0xc8, 0x50, 0x1e, 0x43,
    0xa4, 0x8, 0xc1, 0xfd, 0x4, 0x87, 0xff, 0xf,
    0xf, 0xfe, 0x2, 0x1f, 0xfc, 0x34, 0x18, 0x7f,
    0xc8, 0x48, 0x7f, 0xd0, 0x10, 0xff, 0xa0, 0xa0,
    0xff, 0x28, 0x10, 0x7f, 0x98, 0xa, 0xf, 0xf4,
    0x6, 0xf, 0xf6, 0x6, 0xf, 0xf6, 0x6, 0xf,
    0xf6, 0x14, 0x1f, 0xec, 0x2c, 0x3f, 0xd8, 0x58,
    0x7f, 0xb0, 0xb0, 0xff, 0x61, 0x61, 0xfe, 0x83,
    0x7f, 0xfa, 0xf, 0xfe, 0xa0,

    /* U+0033 "3" */
    0x2, 0xaf, 0xe9, 0xf, 0x74, 0x43, 0x9b, 0x43,
    0xff, 0x89, 0x21, 0x2a, 0xff, 0x41, 0x41, 0x51,
    0xf, 0x38, 0x50, 0x7f, 0xf0, 0x50, 0xff, 0xe2,
    0x60, 0x43, 0xff, 0x83, 0x81, 0xf, 0xfe, 0xa,
    0xc, 0x3f, 0xeb, 0x2, 0x83, 0x9f, 0xe4, 0xc,
    0x1f, 0xfc, 0x2e, 0xf, 0x90, 0xfb, 0x83, 0xf7,
    0xf4, 0x7, 0xf, 0xfe, 0x3, 0x85, 0x7, 0xff,
    0x6, 0x2, 0x1f, 0xfc, 0x14, 0x24, 0x3f, 0xfc,
    0x48, 0x48, 0x7f, 0xf0, 0x20, 0xcf, 0x7, 0xce,
    0x14, 0x13, 0xff, 0x41, 0x48, 0x7f, 0xf0, 0xa4,
    0xf, 0x21, 0xe6, 0xd0, 0x80,

    /* U+0034 "4" */
    0xf, 0xf5, 0xf4, 0x1f, 0xfc, 0x15, 0x7, 0xff,
    0x16, 0xf, 0xfe, 0x2c, 0x4, 0x3f, 0xf8, 0x68,
    0x87, 0xff, 0xf, 0x4, 0x1f, 0xfc, 0x28, 0x10,
    0x7f, 0xf0, 0xd1, 0x41, 0xff, 0xc2, 0xc1, 0x7,
    0xff, 0x9, 0x4, 0x1f, 0xfc, 0x38, 0x8, 0x7f,
    0xf0, 0xa0, 0x61, 0xff, 0xc2, 0x50, 0x87, 0xff,
    0xe, 0x4, 0x1f, 0xfc, 0x28, 0x10, 0x7f, 0xf0,
    0xd1, 0x41, 0xff, 0xc2, 0x40, 0xff, 0xc8, 0x1f,
    0x83, 0xff, 0xb6, 0xff, 0xf9, 0x3, 0xf0, 0x7f,
    0xff, 0xc3, 0xff, 0x92,

    /* U+0035 "5" */
    0x1f, 0xff, 0xe0, 0x21, 0xff, 0xdc, 0x7f, 0xf9,
    0xf, 0xff, 0xfd, 0x3a, 0x21, 0xfe, 0x58, 0x55,
    0xa1, 0xff, 0xc4, 0xa0, 0x79, 0xbf, 0x41, 0x30,
    0x4f, 0x21, 0x9c, 0x24, 0x3f, 0xf8, 0x38, 0x50,
    0x7f, 0xf0, 0x60, 0x21, 0xff, 0xc1, 0x43, 0xff,
    0xcc, 0x87, 0xff, 0x12, 0x2, 0x1f, 0xfc, 0x8,
    0x2c, 0x78, 0x3c, 0xe8, 0x48, 0x4f, 0xfa, 0xd,
    0x87, 0xff, 0x9, 0xc2, 0x79, 0xe, 0x57, 0x6,

    /* U+0036 "6" */
    0xf, 0xaf, 0xe8, 0x3f, 0x5a, 0x1c, 0xe8, 0x76,
    0x87, 0xff, 0xb, 0xa, 0xfe, 0x90, 0xd0, 0x5a,
    0x1c, 0xc8, 0x14, 0xc, 0x3f, 0xf8, 0x18, 0x10,
    0xff, 0xe0, 0xa0, 0x83, 0xff, 0x80, 0x87, 0x3f,
    0xa4, 0x3e, 0x4e, 0xc, 0xd8, 0x58, 0x58, 0x4a,
    0xd, 0x87, 0x20, 0xba, 0x70, 0x50, 0x7a, 0x43,
    0x30, 0x10, 0xe5, 0x7, 0x90, 0xa0, 0xd8, 0x7e,
    0x43, 0xe4, 0x3f, 0x60, 0x70, 0xff, 0xe2, 0x21,
    0xff, 0xc8, 0x43, 0xf6, 0x4, 0x41, 0x87, 0xe4,
    0x19, 0x1, 0x41, 0xe4, 0x24, 0x8, 0x24, 0x33,
    0x1, 0xa, 0xa, 0xe9, 0xc1, 0x41, 0xb4, 0x25,
    0x4, 0xe1, 0xea, 0x21, 0x9e, 0x8,

    /* U+0037 "7" */
    0x7f, 0xff, 0x86, 0x1f, 0xfc, 0x64, 0x3f, 0xf8,
    0xbf, 0xff, 0x5, 0x7, 0xff, 0x1, 0x9, 0xf,
    0xfe, 0x6, 0x4, 0x3f, 0xf8, 0x28, 0x30, 0xff,
    0xe0, 0x21, 0x21, 0xff, 0xc0, 0x80, 0x87, 0xff,
    0x12, 0xf, 0xfe, 0x4, 0x1f, 0xfc, 0x44, 0x10,
    0x7f, 0xf0, 0x10, 0x90, 0xff, 0xe0, 0x60, 0x43,
    0xff, 0x82, 0x83, 0xf, 0xfe, 0x2, 0x12, 0x1f,
    0xfc, 0x8, 0x8, 0x7f, 0xf1, 0x20, 0xff, 0xe0,
    0x41, 0xff, 0xc4, 0x41, 0x7, 0xff, 0x1, 0x9,
    0xf, 0xfe, 0x6, 0x4, 0x3f, 0xf8, 0x28, 0x30,
    0xff, 0xe0, 0x21, 0x21, 0xff, 0xc0, 0x80, 0x87,
    0xf0,

    /* U+0038 "8" */
    0xc, 0xdf, 0xd2, 0x1f, 0x51, 0xe, 0x6c, 0x3b,
    0x43, 0x21, 0xd8, 0x50, 0x57, 0xaf, 0x21, 0x40,
    0x40, 0xa0, 0xe9, 0x2, 0x1d, 0x7, 0xd0, 0x7f,
    0xf7, 0xa0, 0xfa, 0x2, 0xc, 0xe, 0x84, 0xe8,
    0xc1, 0x61, 0x5f, 0x40, 0x60, 0xee, 0xf, 0x98,
    0x3d, 0x40, 0x2c, 0x7, 0x43, 0x69, 0x75, 0x70,
    0x24, 0x18, 0x24, 0x39, 0x81, 0x8, 0x48, 0x7c,
    0x84, 0xe0, 0x43, 0xf9, 0x6, 0x1f, 0xfd, 0x94,
    0x3f, 0x90, 0xb0, 0x90, 0xf9, 0xa, 0x42, 0x90,
    0xe6, 0xe, 0xc2, 0xba, 0xb8, 0x2c, 0x2c, 0x32,
    0xc1, 0xb0, 0xee, 0x43, 0x9b, 0x8,

    /* U+0039 "9" */
    0xc, 0xdf, 0xa4, 0x3f, 0x72, 0x19, 0xa0, 0x7b,
    0xc, 0xa0, 0x9c, 0x34, 0x15, 0xd3, 0x82, 0x80,
    0xa0, 0x48, 0x67, 0x2, 0xc, 0x24, 0x3e, 0x41,
    0x8, 0x10, 0xfd, 0x81, 0xd, 0x87, 0xe4, 0x3f,
    0xf9, 0x8, 0x7f, 0xf0, 0x10, 0xb4, 0x10, 0x7e,
    0xc3, 0x61, 0x21, 0xf2, 0x19, 0xa, 0x43, 0xb0,
    0xf6, 0x15, 0xd3, 0xc0, 0x43, 0xb0, 0xca, 0xb,
    0xf, 0xb9, 0xd, 0x62, 0xc, 0x33, 0x7e, 0x43,
    0x90, 0xff, 0xe0, 0x21, 0xff, 0xc4, 0xc0, 0x87,
    0xff, 0x1, 0x40, 0x83, 0xff, 0x81, 0x1, 0x9,
    0x90, 0xe7, 0xa, 0xc, 0xdf, 0xd0, 0x58, 0x7f,
    0xf0, 0x9c, 0x39, 0x90, 0xe7, 0x83, 0x80,

    /* U+003A ":" */
    0xf, 0x7c, 0x87, 0xff, 0x13, 0xe4, 0x3f, 0xfb,
    0xbf, 0x21, 0xff, 0xc3,

    /* U+003B ";" */
    0xf, 0xdf, 0x21, 0xff, 0xc8, 0xf9, 0xf, 0xff,
    0x37, 0xc8, 0x7f, 0xc8, 0x87, 0x60, 0x80, 0x81,
    0xd, 0x1, 0x2, 0x0,

    /* U+003C "<" */
    0xf, 0xfe, 0x42, 0x1f, 0xfc, 0x66, 0xe0, 0xff,
    0xe2, 0x5c, 0x87, 0xff, 0xd, 0xf2, 0x19, 0xf,
    0xf3, 0x70, 0x66, 0xe0, 0xfd, 0x72, 0x13, 0x72,
    0x1f, 0x5e, 0x43, 0x5c, 0x87, 0xcf, 0x90, 0xcf,
    0x90, 0xfe, 0xa0, 0x66, 0xe0, 0xff, 0xe2, 0xd1,
    0xf, 0xfe, 0x16, 0x1a, 0xe0, 0xff, 0xe1, 0x3c,
    0x19, 0xf2, 0x1f, 0xfc, 0x17, 0xc8, 0x6b, 0x90,
    0xff, 0xe0, 0xdc, 0x84, 0xdc, 0x87, 0xff, 0x1,
    0xb8, 0x33, 0x70, 0x7f, 0xf0, 0x5f, 0x21, 0x9f,
    0x7, 0xff, 0xa, 0xe4, 0x3f, 0xf9, 0xd, 0xc1,
    0xff, 0xc9, 0x7c, 0x0,

    /* U+003D "=" */
    0x7f, 0xff, 0x90, 0x61, 0xff, 0xdf, 0xbf, 0xff,
    0x90, 0x1f, 0xff, 0x77, 0xff, 0xf9, 0x6, 0x1f,
    0xfd, 0xf0,

    /* U+003E ">" */
    0x50, 0x7f, 0xf2, 0x3b, 0x83, 0xff, 0x92, 0xf9,
    0xf, 0xfe, 0x1c, 0x86, 0xb9, 0xf, 0xfe, 0xd,
    0xc1, 0x9b, 0x83, 0xff, 0x82, 0xf9, 0xc, 0xf9,
    0xf, 0xfe, 0xd, 0xe4, 0x35, 0xc8, 0x7f, 0xf0,
    0x6e, 0x42, 0x6e, 0x43, 0xff, 0x80, 0xdc, 0x19,
    0x83, 0xff, 0x86, 0xe8, 0x7f, 0xf1, 0x9b, 0x43,
    0xff, 0x89, 0x72, 0x13, 0x61, 0xfc, 0xf9, 0xd,
    0x72, 0x1f, 0x3e, 0x83, 0x3e, 0x43, 0xe6, 0xe0,
    0xcd, 0xc1, 0xf9, 0xe4, 0x35, 0xc8, 0x7f, 0xb0,
    0xcf, 0x90, 0xff, 0xe1, 0xb7, 0x7, 0xff, 0x12,
    0xe4, 0x3f, 0xf8, 0xc0,

    /* U+003F "?" */
    0xa, 0xfe, 0x83, 0xad, 0xe, 0x74, 0x12, 0x1f,
    0xd0, 0x66, 0xfd, 0x5, 0x9d, 0x10, 0xcc, 0x19,
    0x41, 0xf2, 0x1f, 0xfc, 0xf4, 0x3f, 0xf8, 0x30,
    0x20, 0xfe, 0xc0, 0xa0, 0xfd, 0x81, 0x83, 0xf6,
    0x14, 0x1f, 0xb0, 0xb0, 0xfc, 0x85, 0x87, 0xff,
    0x1, 0xf, 0xf6, 0xc, 0x3f, 0xfb, 0x55, 0x21,
    0xff, 0x28, 0x3f, 0xf9, 0xb7, 0xa0, 0xff, 0xf2,
    0x0,

    /* U+0040 "@" */
    0xf, 0xf3, 0x7f, 0xa4, 0x3f, 0xf8, 0xaf, 0x21,
    0xe6, 0xd0, 0xff, 0xe0, 0xbc, 0x13, 0x59, 0xa,
    0xc3, 0xfe, 0xa0, 0x1f, 0x4b, 0xaf, 0x20, 0xd0,
    0xfd, 0x20, 0xe0, 0xff, 0x50, 0x12, 0x1e, 0x91,
    0xc3, 0xff, 0x82, 0xe0, 0x83, 0x94, 0x30, 0x7f,
    0xf1, 0x30, 0x61, 0xa0, 0x41, 0xf2, 0x83, 0xfa,
    0x2, 0x4, 0x18, 0x73, 0xea, 0x79, 0x3c, 0x81,
    0x44, 0x8, 0x43, 0x98, 0x3d, 0x40, 0xf4, 0x1e,
    0x83, 0xa0, 0x3f, 0x42, 0x1f, 0xca, 0xf, 0xa0,
    0x50, 0x26, 0xf, 0xf7, 0x84, 0x39, 0x14, 0x1c,
    0xa0, 0xf9, 0xf, 0xfe, 0x6, 0x1f, 0x61, 0xfe,
    0x4c, 0x32, 0x1f, 0xe4, 0x3f, 0xfb, 0x9, 0x83,
    0xc, 0x87, 0xf9, 0xf, 0x20, 0x50, 0x7f, 0x61,
    0xf6, 0x1e, 0x82, 0xc4, 0x39, 0x14, 0x1c, 0xa0,
    0xe8, 0x18, 0x87, 0xd0, 0x24, 0x26, 0xc, 0xe9,
    0x7, 0x41, 0xd0, 0x2f, 0xa2, 0x5, 0x1, 0x21,
    0x42, 0x1c, 0xc1, 0xe9, 0xc, 0xe8, 0x64, 0x18,
    0x73, 0xea, 0x79, 0x29, 0xe8, 0x3e, 0x81, 0x7,
    0xca, 0xc, 0xa0, 0xff, 0x28, 0x60, 0xff, 0xe6,
    0xc0, 0x60, 0xff, 0xe0, 0xd8, 0x7f, 0xb4, 0x78,
    0x3f, 0x9d, 0x20, 0xff, 0x50, 0xf, 0xa5, 0xa9,
    0xc0, 0x60, 0xff, 0x9d, 0x9, 0xa9, 0x40, 0x78,
    0x3f, 0xf8, 0x57, 0x21, 0xcd, 0xc1, 0xf8,

    /* U+0041 "A" */
    0xf, 0xeb, 0xe4, 0x3f, 0xf8, 0xc8, 0x58, 0x7f,
    0xf1, 0x50, 0xc8, 0x7f, 0xf1, 0x60, 0xe4, 0x3f,
    0xf8, 0xf0, 0x20, 0xff, 0xe1, 0xc0, 0x50, 0x7f,
    0xf1, 0x90, 0x62, 0x8, 0x3f, 0xf8, 0x28, 0x49,
    0x81, 0xf, 0xfe, 0xe, 0x4, 0x8, 0x7f, 0xf1,
    0x10, 0x41, 0x20, 0x83, 0xfe, 0x43, 0xec, 0x8,
    0x7f, 0xd0, 0x20, 0xc8, 0x48, 0x7f, 0xf0, 0x50,
    0xe4, 0x18, 0x7f, 0x41, 0xfd, 0x1, 0xf, 0xe4,
    0x10, 0x7f, 0x90, 0xf9, 0x9, 0xf, 0xa0, 0x41,
    0xf6, 0x17, 0xfe, 0x83, 0xfc, 0x87, 0xff, 0xe,
    0xe, 0x43, 0xff, 0x88, 0x87, 0x60, 0x7f, 0xfe,
    0x9, 0xc, 0x83, 0xf, 0xf9, 0x6, 0x12, 0x12,
    0x1f, 0xf6, 0x4, 0x28, 0x8, 0x7f, 0xf0, 0x10,
    0x90, 0xe8, 0x3f, 0xf8, 0x28, 0x32, 0xf, 0xfe,
    0x2e, 0x4,

    /* U+0042 "B" */
    0xff, 0xfa, 0x43, 0xff, 0x88, 0xd8, 0x7f, 0xf1,
    0xb0, 0xf3, 0xff, 0x41, 0x41, 0xff, 0xc1, 0x60,
    0x21, 0xff, 0xc2, 0x43, 0xff, 0x92, 0x87, 0xff,
    0x15, 0xf, 0xfe, 0xa, 0x1f, 0xfc, 0x46, 0x4,
    0x1c, 0xd7, 0x7a, 0x4, 0x87, 0x97, 0x83, 0x68,
    0x7f, 0xf1, 0x38, 0x3c, 0xff, 0xd0, 0x18, 0x3f,
    0xf8, 0x2e, 0x5, 0x7, 0xff, 0xa, 0x4, 0x1f,
    0xfc, 0x24, 0x3f, 0xf9, 0x28, 0x7f, 0xf4, 0xd0,
    0x90, 0xff, 0xe0, 0xc1, 0xff, 0xc4, 0xc2, 0x83,
    0x3f, 0xf8, 0x25, 0x7, 0xff, 0xd, 0x83, 0xff,
    0x82, 0xae, 0x8,

    /* U+0043 "C" */
    0xf, 0xcd, 0xfd, 0x21, 0xfe, 0xb9, 0xe, 0x6e,
    0xf, 0xb4, 0x3f, 0xe7, 0xe, 0xc2, 0x6f, 0xf4,
    0x12, 0x16, 0x15, 0x10, 0xf3, 0xc1, 0xa0, 0xa4,
    0x3f, 0xce, 0x81, 0x2, 0x83, 0xff, 0x86, 0x85,
    0x7, 0xff, 0x13, 0xf, 0xfe, 0x42, 0x4, 0x3f,
    0xf9, 0x18, 0x7f, 0xff, 0xc3, 0xff, 0xa3, 0x87,
    0xff, 0x15, 0x2, 0x1f, 0xfc, 0x5c, 0x3f, 0xf9,
    0x8, 0x50, 0x7f, 0xf1, 0x50, 0x28, 0x3f, 0xf8,
    0x90, 0x52, 0x1f, 0xe7, 0x42, 0xc2, 0xa2, 0x1e,
    0x78, 0x3d, 0x84, 0xdf, 0xe8, 0x24, 0x3b, 0x43,
    0xfe, 0x70, 0xfa, 0xe4, 0x39, 0xb8, 0x0,

    /* U+0044 "D" */
    0xff, 0xf5, 0x10, 0xff, 0xe3, 0x2a, 0xe0, 0xff,
    0xe4, 0x3a, 0x1f, 0x3f, 0xf4, 0x85, 0x40, 0xff,
    0xe1, 0x36, 0x12, 0x83, 0xff, 0x89, 0x85, 0x7,
    0xff, 0x16, 0x9, 0xf, 0xfe, 0x22, 0x14, 0x1f,
    0xfc, 0x58, 0x3f, 0xf9, 0x8, 0x7f, 0xf3, 0x10,
    0xff, 0xff, 0x87, 0xff, 0x35, 0x9, 0xf, 0xfe,
    0xcc, 0x1f, 0xfc, 0x74, 0x28, 0x3f, 0xf8, 0x90,
    0x48, 0x7f, 0xf0, 0xf0, 0xa0, 0xff, 0xe0, 0xb6,
    0x12, 0x83, 0x9f, 0xfa, 0x42, 0xa0, 0x7f, 0xf1,
    0x5d, 0xf, 0xfe, 0x12, 0xae, 0xf, 0x0,

    /* U+0045 "E" */
    0xff, 0xfe, 0x1a, 0x1f, 0xfd, 0x77, 0xff, 0xe4,
    0x3f, 0xff, 0xe1, 0xff, 0xcc, 0x7f, 0xfe, 0xf,
    0xfe, 0xc3, 0xff, 0xf0, 0x7f, 0xff, 0xc3, 0xff,
    0xda, 0xff, 0xfd, 0x7, 0xff, 0x50,

    /* U+0046 "F" */
    0xff, 0xfe, 0x10, 0x7f, 0xf5, 0x9f, 0xff, 0x7,
    0xff, 0xfc, 0x3f, 0xf8, 0xef, 0xff, 0x7, 0xff,
    0x5d, 0xff, 0xe0, 0xff, 0xff, 0x87, 0xff, 0xfc,
    0x3f, 0xf8, 0xa0,

    /* U+0047 "G" */
    0xf, 0xcd, 0xfe, 0x90, 0xff, 0x5c, 0x87, 0x9b,
    0x83, 0xed, 0xf, 0xfe, 0x3, 0x87, 0x61, 0xaf,
    0xf9, 0xf, 0xb0, 0xad, 0xf, 0xae, 0xd, 0x5,
    0x21, 0xff, 0x38, 0x48, 0x14, 0x1f, 0xfc, 0x44,
    0x28, 0x3f, 0xf8, 0xb8, 0x7f, 0xf2, 0x50, 0x21,
    0xff, 0xc9, 0xc3, 0xff, 0xa5, 0x7f, 0xd0, 0x7f,
    0xf2, 0x50, 0xff, 0xeb, 0xdf, 0xa0, 0xfb, 0xf,
    0xfe, 0x32, 0x4, 0x3f, 0xf8, 0xd8, 0x7f, 0xf2,
    0x50, 0xa0, 0xff, 0xe3, 0x20, 0x50, 0x7f, 0xf1,
    0x60, 0xa4, 0x3f, 0xf8, 0xb8, 0x54, 0x43, 0xe6,
    0xf, 0xb0, 0x9b, 0xfe, 0x82, 0x83, 0xb4, 0x3f,
    0xf8, 0xe, 0x87, 0xae, 0x43, 0xcd, 0xc0,

    /* U+0048 "H" */
    0xfa, 0xf, 0xfa, 0xf4, 0x1f, 0xff, 0xf0, 0xff,
    0xff, 0x87, 0xff, 0x31, 0xff, 0xf9, 0xf, 0xff,
    0x3, 0xff, 0xf2, 0x1f, 0xff, 0xf0, 0xff, 0xff,
    0x87, 0xff, 0xc8,

    /* U+0049 "I" */
    0xfa, 0xf, 0xff, 0xf8, 0x7f, 0xf2, 0x40,

    /* U+004A "J" */
    0xe, 0xfa, 0xf, 0xff, 0xf8, 0x7f, 0xff, 0xc3,
    0xff, 0xd9, 0x87, 0xff, 0x39, 0xc, 0x87, 0xcc,
    0x4, 0xbd, 0x5, 0x7, 0xd0, 0x79, 0xd0, 0x0,

    /* U+004B "K" */
    0xfa, 0xf, 0xe7, 0xf0, 0x7f, 0xf0, 0x98, 0x2c,
    0x3f, 0xf8, 0x2c, 0x16, 0x1f, 0xfc, 0x16, 0xb,
    0xf, 0xfe, 0xb, 0x5, 0x87, 0xff, 0x5, 0x82,
    0xc3, 0xff, 0x82, 0xc1, 0x61, 0xff, 0xc1, 0x60,
    0xb0, 0xff, 0xe0, 0xb0, 0x1c, 0x3f, 0xf8, 0x2c,
    0x6, 0xf, 0xfe, 0xb, 0x1, 0x83, 0xff, 0x8d,
    0x7, 0xff, 0x1d, 0xf, 0xfe, 0x1a, 0x14, 0x87,
    0xff, 0xf, 0xa, 0x43, 0xff, 0x87, 0x85, 0x21,
    0xff, 0xc3, 0xc2, 0x83, 0xff, 0x89, 0x85, 0x87,
    0xff, 0x13, 0xb, 0xf, 0xfe, 0x24, 0x16, 0x1f,
    0xfc, 0x36, 0xb, 0xf, 0xfe, 0x1b, 0x5, 0x87,
    0xff, 0xd, 0x82, 0xc3, 0xff, 0x86, 0xc1, 0x61,
    0xff, 0xc3, 0x60, 0xb0,

    /* U+004C "L" */
    0xfa, 0xf, 0xff, 0xf8, 0x7f, 0xff, 0xc3, 0xff,
    0xfe, 0x1f, 0xff, 0xf0, 0xff, 0xf3, 0xbf, 0xff,
    0x7, 0xff, 0x54,

    /* U+004D "M" */
    0xfe, 0x43, 0xfe, 0xfe, 0x43, 0xb0, 0xff, 0xe5,
    0x21, 0xfe, 0x83, 0xff, 0x80, 0x87, 0xf2, 0x1f,
    0xd0, 0x30, 0xff, 0x90, 0xfc, 0x88, 0x7e, 0x81,
    0x7, 0xec, 0x8, 0x7c, 0x87, 0xfc, 0x82, 0xf,
    0x20, 0x83, 0xfc, 0x87, 0xec, 0x8, 0x7f, 0xb0,
    0x41, 0xc8, 0x87, 0xfc, 0x81, 0xc, 0x83, 0xf,
    0xfe, 0x2, 0x1e, 0x80, 0x87, 0xff, 0x2, 0x4,
    0x1c, 0x87, 0xff, 0x11, 0x2, 0xc, 0x3f, 0xf8,
    0x50, 0x12, 0x2, 0x1f, 0xfc, 0x24, 0x18, 0x48,
    0x7f, 0xf1, 0x11, 0x81, 0x7, 0xff, 0x13, 0x2,
    0x1f, 0xfc, 0x74, 0x34, 0x1f, 0xfc, 0x64, 0x24,
    0x3f, 0xf8, 0xd7, 0xc1, 0xff, 0xff, 0xf, 0xfe,
    0x78,

    /* U+004E "N" */
    0xfe, 0xf, 0xf5, 0xe4, 0x39, 0xf, 0xfe, 0x34,
    0x1f, 0xfc, 0x74, 0x3f, 0xf8, 0xd0, 0x7f, 0xf0,
    0xe0, 0x90, 0xff, 0xe1, 0xc0, 0x83, 0xff, 0x86,
    0x84, 0x87, 0xff, 0xe, 0x4, 0x1f, 0xfc, 0x34,
    0x24, 0x3f, 0xf8, 0x70, 0x20, 0xff, 0xe1, 0xa1,
    0x21, 0xff, 0xc3, 0x81, 0x7, 0xff, 0xd, 0xa,
    0xf, 0xfe, 0x1c, 0x4, 0x3f, 0xf8, 0x68, 0x50,
    0x7f, 0xf0, 0xe0, 0x21, 0xff, 0xc3, 0x42, 0x83,
    0xff, 0x87, 0x1, 0xf, 0xfe, 0x1a, 0x81, 0x7,
    0xff, 0xe, 0x2, 0x83, 0xff, 0x86, 0x87, 0xff,
    0x1a, 0xf, 0xfe, 0x3a, 0x1f, 0xfc, 0x68, 0x38,

    /* U+004F "O" */
    0xf, 0xcd, 0xfa, 0x43, 0xff, 0x85, 0x72, 0x19,
    0xb8, 0x3f, 0xed, 0xf, 0xf3, 0x87, 0xf6, 0x13,
    0xfe, 0x42, 0xc3, 0xec, 0x2a, 0x7, 0xa8, 0x16,
    0x1d, 0x5, 0x21, 0xf9, 0x82, 0x83, 0x20, 0x50,
    0x7f, 0x94, 0x4, 0x24, 0x28, 0x3f, 0xf8, 0x10,
    0x48, 0x30, 0xff, 0xe4, 0x60, 0x40, 0x87, 0xff,
    0x9, 0x2, 0x1d, 0x87, 0xff, 0xb, 0xf, 0xff,
    0xf8, 0x7f, 0xf4, 0x70, 0xff, 0xe1, 0x61, 0xc8,
    0x10, 0xff, 0xe1, 0x20, 0x41, 0x87, 0xff, 0x23,
    0x2, 0x14, 0x1f, 0xfc, 0x8, 0x24, 0x24, 0xa,
    0xf, 0xf2, 0x80, 0x86, 0x82, 0x90, 0xfc, 0xc1,
    0x41, 0xd8, 0x54, 0xf, 0x50, 0x2c, 0x3e, 0xc2,
    0x7f, 0xc8, 0x58, 0x7f, 0x68, 0x7f, 0x9c, 0x3f,
    0xeb, 0x90, 0xcd, 0xc1, 0xe0,

    /* U+0050 "P" */
    0xff, 0xf4, 0x87, 0xff, 0x9, 0xb0, 0xff, 0xe2,
    0x61, 0xcf, 0xf9, 0xb, 0xf, 0xfa, 0x42, 0x43,
    0xfe, 0x82, 0xc3, 0xff, 0x80, 0x87, 0xff, 0x8d,
    0xf, 0xfe, 0x14, 0x16, 0x1f, 0xe9, 0x9, 0x9,
    0xff, 0x21, 0x61, 0xff, 0xc2, 0x83, 0xff, 0x80,
    0xda, 0x1c, 0xff, 0xa4, 0x3f, 0xff, 0xe1, 0xff,
    0xfd,

    /* U+0051 "Q" */
    0xf, 0xcd, 0xfa, 0x43, 0xff, 0x85, 0x72, 0x19,
    0xb8, 0x3f, 0xed, 0xf, 0xf3, 0x87, 0xf6, 0x13,
    0xfe, 0x42, 0xc3, 0xec, 0x2a, 0x7, 0xa8, 0x16,
    0x1d, 0x5, 0x21, 0xf9, 0x82, 0x83, 0x20, 0x50,
    0x7f, 0x94, 0x4, 0x24, 0x28, 0x3f, 0xf8, 0x10,
    0x48, 0x30, 0xff, 0xe4, 0x60, 0x40, 0x87, 0xff,
    0x9, 0x2, 0x1d, 0x87, 0xff, 0xb, 0xf, 0xff,
    0xf8, 0x7f, 0xf4, 0x70, 0xff, 0xe1, 0x61, 0xc8,
    0x10, 0xff, 0xe1, 0x20, 0x41, 0x87, 0xff, 0x23,
    0x2, 0x14, 0x1f, 0xfc, 0x8, 0x24, 0x24, 0xa,
    0xf, 0xf2, 0x80, 0x86, 0x82, 0x83, 0xfd, 0x5,
    0x7, 0x61, 0x70, 0x7a, 0xc2, 0x83, 0xec, 0x27,
    0xd4, 0xf2, 0x14, 0x87, 0xed, 0xc, 0xa0, 0xed,
    0xf, 0xf5, 0xc8, 0x7d, 0x87, 0xff, 0x9, 0xbf,
    0x5, 0x7, 0xff, 0x22, 0x3, 0x7, 0xff, 0x1d,
    0x80, 0xa0, 0xff, 0xe3, 0xa8, 0x12, 0x10,

    /* U+0052 "R" */
    0xff, 0xf4, 0x87, 0xff, 0x15, 0xb4, 0x3f, 0xf8,
    0xd2, 0x1f, 0x3f, 0xe8, 0x28, 0x3f, 0xf8, 0x4c,
    0x12, 0x1f, 0xfc, 0x24, 0x2c, 0x3f, 0xf8, 0x68,
    0x7f, 0xf6, 0x50, 0xff, 0xe4, 0xe1, 0xff, 0xc2,
    0x82, 0x43, 0xff, 0x80, 0xc8, 0x20, 0xf9, 0xfe,
    0x90, 0x48, 0x7f, 0xf1, 0x34, 0x3f, 0xf8, 0xba,
    0x1f, 0x9f, 0xe8, 0x28, 0x3f, 0xf8, 0x4e, 0x16,
    0x1f, 0xfc, 0x38, 0x24, 0x3f, 0xf8, 0x4a, 0x4,
    0x1f, 0xfc, 0x38, 0x24, 0x3f, 0xf8, 0x68, 0x20,
    0xff, 0xe1, 0xe1, 0x21, 0xff, 0xc2, 0x42, 0x83,
    0xff, 0x87, 0x4, 0x87, 0xff, 0x9, 0xb,

    /* U+0053 "S" */
    0xc, 0xdf, 0xe9, 0xf, 0xb9, 0xf, 0x37, 0x4,
    0xe1, 0xc8, 0x7f, 0xa0, 0xaf, 0x5f, 0x48, 0x64,
    0x2d, 0xf, 0x37, 0x3, 0x2, 0x1f, 0xfc, 0x24,
    0x18, 0x7f, 0xf1, 0x70, 0xff, 0xe1, 0x20, 0x43,
    0xff, 0x85, 0x85, 0xa1, 0xff, 0xc0, 0x50, 0x57,
    0x44, 0x3f, 0xa4, 0x32, 0xaf, 0x41, 0xf5, 0x10,
    0xf9, 0xd0, 0xf3, 0x72, 0x83, 0xa8, 0x1f, 0x9a,
    0x79, 0x9, 0x41, 0xff, 0xc0, 0xa0, 0x58, 0x7f,
    0xf0, 0x54, 0x4, 0x3f, 0xf8, 0x58, 0x7f, 0xf5,
    0xf0, 0xd2, 0x1f, 0xf2, 0x4, 0x17, 0x7, 0xce,
    0x14, 0x19, 0xfa, 0x9e, 0x82, 0x81, 0x87, 0x94,
    0x1d, 0x20, 0x7d, 0x21, 0xe6, 0xd0, 0x80,

    /* U+0054 "T" */
    0x3f, 0xff, 0x90, 0x87, 0xff, 0x7d, 0x3f, 0xf2,
    0x7, 0xff, 0x7, 0xff, 0xfc, 0x3f, 0xff, 0xe1,
    0xff, 0xff, 0xf, 0xff, 0xf8, 0x7f, 0xff, 0xc3,
    0xff, 0xfe, 0x1f, 0xfc, 0x10,

    /* U+0055 "U" */
    0x3e, 0xf, 0xfe, 0x7, 0xc8, 0x7f, 0xff, 0xc3,
    0xff, 0xfe, 0x1f, 0xff, 0xf0, 0xff, 0xff, 0x87,
    0xff, 0x1d, 0xc, 0x87, 0xff, 0x1f, 0xf, 0xf2,
    0x1c, 0x81, 0xf, 0xf4, 0x4, 0x10, 0x50, 0x7e,
    0x42, 0xc2, 0x40, 0xc1, 0xea, 0x1, 0x41, 0x41,
    0x3f, 0x5e, 0x42, 0x83, 0xb4, 0x39, 0xc, 0xe1,
    0xf5, 0xc8, 0x73, 0xc1, 0x80,

    /* U+0056 "V" */
    0xbe, 0xf, 0xfe, 0x13, 0xf1, 0x7, 0xff, 0x17,
    0x2, 0x1d, 0x7, 0xff, 0x5, 0x6, 0x8, 0x8,
    0x7f, 0xf0, 0x10, 0x90, 0x21, 0x21, 0xff, 0x60,
    0x43, 0x20, 0xc3, 0xfe, 0x41, 0x86, 0xc0, 0x87,
    0xf9, 0x9, 0xc, 0x84, 0x87, 0xf4, 0x4, 0x3c,
    0x83, 0xf, 0xfe, 0x4, 0x1e, 0xc0, 0x87, 0xe8,
    0x3f, 0xc8, 0x48, 0x7c, 0x82, 0xf, 0xc8, 0x20,
    0xf2, 0x12, 0x1f, 0xa0, 0xfe, 0xc0, 0x87, 0xff,
    0x6, 0xe, 0x41, 0x87, 0xfa, 0x2, 0x19, 0x9,
    0xf, 0xf2, 0x12, 0x16, 0x4, 0x3f, 0xf8, 0x8,
    0x30, 0x90, 0x41, 0xff, 0xc0, 0xc0, 0x81, 0xf,
    0xfe, 0x22, 0x12, 0x40, 0x43, 0xff, 0x84, 0x83,
    0xd, 0x7, 0xff, 0xa, 0x3, 0x7, 0xff, 0x29,
    0x4, 0x1f, 0xfc, 0x48, 0x39, 0xf, 0xfe, 0x22,
    0x19, 0xf, 0xfe, 0x32, 0x16, 0x1f, 0xc0,

    /* U+0057 "W" */
    0xfa, 0xf, 0xeb, 0xe4, 0x3f, 0xbe, 0x50, 0x7f,
    0xf0, 0x10, 0xff, 0xe2, 0x38, 0x10, 0xff, 0xe0,
    0xe1, 0xf9, 0xc, 0x87, 0xfc, 0x86, 0x43, 0xf6,
    0x4, 0x39, 0xf, 0xb0, 0x41, 0xfe, 0x41, 0x81,
    0x6, 0x1f, 0x20, 0x40, 0x87, 0xf9, 0x6, 0x4,
    0x3f, 0x90, 0xb0, 0xf2, 0x1e, 0x43, 0xf9, 0x6,
    0x22, 0x1e, 0xc0, 0x87, 0xc8, 0x76, 0x4, 0xc3,
    0xf2, 0xc, 0x32, 0xc, 0x39, 0xc, 0x81, 0xf,
    0xc8, 0x6c, 0x8, 0x7c, 0x87, 0x61, 0x90, 0xfc,
    0x87, 0xc8, 0x30, 0x91, 0xf, 0xfe, 0x2a, 0x16,
    0x4, 0x3f, 0xd8, 0x10, 0xf2, 0xc, 0x3f, 0xd8,
    0x10, 0x90, 0x61, 0xec, 0x8, 0x48, 0x86, 0x41,
    0x87, 0x90, 0xf2, 0x1f, 0xb0, 0xf9, 0x2, 0x1f,
    0xfc, 0x24, 0x40, 0x87, 0x21, 0xb0, 0x21, 0xf9,
    0x6, 0x61, 0xfb, 0x2, 0x20, 0xc3, 0xf6, 0x4,
    0x43, 0xf2, 0xc, 0x32, 0x1f, 0x90, 0xf2, 0x1f,
    0xca, 0xf, 0xfe, 0x24, 0xc, 0x3e, 0x41, 0x81,
    0xf, 0xf2, 0x4, 0x8, 0x7d, 0x81, 0x6, 0x1f,
    0xec, 0x3f, 0xf8, 0x28, 0x72, 0x1f, 0xe4, 0x32,
    0x1f, 0xfd, 0x2c, 0x3f, 0x90, 0x90, 0xf0,

    /* U+0058 "X" */
    0x5, 0xf0, 0x7f, 0xdf, 0x41, 0x41, 0x41, 0xfc,
    0x85, 0x6, 0x80, 0x87, 0xf4, 0x8, 0x39, 0x40,
    0xc3, 0xe8, 0x24, 0x3d, 0x4, 0x87, 0x28, 0x18,
    0x7e, 0x81, 0x7, 0x40, 0x43, 0xf9, 0x40, 0x82,
    0x82, 0x83, 0xfd, 0x1, 0x42, 0x81, 0x87, 0xff,
    0x2, 0x4, 0x40, 0x43, 0xff, 0x82, 0x85, 0x85,
    0x7, 0xff, 0xb, 0xe, 0x83, 0xff, 0x88, 0x84,
    0xa0, 0xff, 0xe2, 0x21, 0xff, 0xc8, 0x83, 0x28,
    0x3f, 0xf8, 0x4a, 0x2, 0x8, 0x3f, 0xf8, 0x50,
    0x18, 0x28, 0x3f, 0xf8, 0x10, 0x51, 0x1, 0xf,
    0xfe, 0x2, 0x8, 0xa, 0x6, 0x1f, 0xec, 0xa,
    0xa, 0x9, 0xf, 0xc8, 0x50, 0x74, 0x8, 0x3f,
    0x40, 0x83, 0xc8, 0x50, 0x7b, 0x2, 0x83, 0xec,
    0xa, 0xc, 0x85, 0x7, 0xf2, 0x8, 0x34, 0x8,
    0x3f, 0xd0, 0x50, 0x20, 0x90, 0xff, 0xb0, 0x28,

    /* U+0059 "Y" */
    0x2f, 0x83, 0xff, 0x81, 0x7c, 0x8, 0x24, 0x3f,
    0xca, 0x6, 0x14, 0x8, 0x3f, 0xd0, 0x10, 0xc8,
    0x50, 0x7e, 0x82, 0x83, 0xb0, 0x28, 0x3e, 0x41,
    0x7, 0xd0, 0x20, 0xf6, 0x5, 0x7, 0xc8, 0x50,
    0x64, 0x28, 0x3f, 0xb0, 0x28, 0x28, 0x10, 0x7f,
    0xc8, 0x20, 0x40, 0x50, 0x7f, 0xd0, 0x52, 0x81,
    0x7, 0xff, 0x6, 0x3, 0x2, 0xf, 0xfe, 0x12,
    0x83, 0x28, 0x3f, 0xf8, 0x70, 0x68, 0x3f, 0xf8,
    0xa8, 0x10, 0xff, 0xff, 0x87, 0xff, 0xfc, 0x3f,
    0xff, 0xe1, 0xff, 0xce,

    /* U+005A "Z" */
    0x3f, 0xff, 0x8e, 0x1f, 0xfd, 0xd4, 0x1f, 0xff,
    0xc2, 0xd, 0x7, 0xff, 0xe, 0xa, 0xf, 0xfe,
    0x1a, 0x81, 0x21, 0xff, 0xc3, 0x80, 0xa0, 0xff,
    0xe1, 0xe1, 0x41, 0xff, 0xc3, 0x82, 0xc3, 0xff,
    0x86, 0xa0, 0x41, 0xff, 0xc3, 0x60, 0x28, 0x3f,
    0xf8, 0x70, 0x50, 0x7f, 0xf0, 0xf0, 0xb0, 0xff,
    0xe1, 0xc1, 0x41, 0xff, 0xc3, 0x50, 0x14, 0x1f,
    0xfc, 0x38, 0xc, 0x1f, 0xfc, 0x3c, 0x28, 0x3f,
    0xf8, 0x70, 0x58, 0x7f, 0xf0, 0xd4, 0x8, 0x3f,
    0xf8, 0x90, 0x14, 0x1f, 0xfc, 0x3c, 0x28, 0x3f,
    0xf8, 0x78, 0x58, 0x7f, 0xf0, 0xd0, 0xdf, 0xff,
    0xc3, 0x30, 0xff, 0xee, 0x80,

    /* U+005B "[" */
    0x3f, 0xd0, 0x7f, 0xf0, 0x2b, 0x6, 0x58, 0x3f,
    0xff, 0xe1, 0xff, 0xff, 0xf, 0xff, 0x1f, 0xd0,
    0x7f, 0x57, 0xc0,

    /* U+005C "\\" */
    0xf8, 0x3f, 0x90, 0xff, 0xb0, 0x21, 0xf9, 0x4,
    0x1f, 0xc8, 0x7f, 0xd8, 0x10, 0xfc, 0x83, 0xf,
    0xf9, 0xf, 0xe8, 0x8, 0x7e, 0x41, 0x87, 0xfc,
    0x87, 0xf2, 0x1f, 0xf6, 0x4, 0x3f, 0x20, 0x83,
    0xf9, 0xf, 0xfb, 0x2, 0x1f, 0x90, 0x61, 0xff,
    0x21, 0xfd, 0x1, 0xf, 0xc8, 0x30, 0xff, 0x90,
    0xfe, 0x43, 0xfe, 0xc0, 0x87, 0xe4, 0x10, 0x7f,
    0x21, 0xff, 0x60, 0x43, 0xf2, 0xc, 0x3f, 0xe4,

    /* U+005D "]" */
    0xff, 0x83, 0xfa, 0xb0, 0x65, 0xc1, 0xff, 0xff,
    0xf, 0xff, 0xf8, 0x7f, 0xf8, 0xbf, 0x7, 0xff,
    0x2, 0xbe, 0x0,

    /* U+005E "^" */
    0xf, 0xcf, 0xe0, 0xff, 0xe2, 0xc1, 0xb0, 0xff,
    0xe1, 0xe1, 0xec, 0x3f, 0xf8, 0x38, 0x5c, 0x16,
    0x1f, 0xf6, 0x7, 0x1c, 0x28, 0x3f, 0xb0, 0x30,
    0x6c, 0xc, 0x1f, 0x60, 0x60, 0xf6, 0x6, 0xe,
    0xc1, 0x40, 0xfd, 0xa3, 0x5, 0x82, 0x43, 0xfd,
    0x23, 0x0,

    /* U+005F "_" */
    0x17, 0xff, 0x8d, 0x5f, 0xfc, 0x50, 0xff, 0xe3,
    0x0,

    /* U+0060 "`" */
    0x3e, 0x43, 0xb0, 0x41, 0xec, 0x18, 0x7b, 0x4,
    0x1e, 0x85, 0x7, 0x31, 0x0,

    /* U+0061 "a" */
    0xc, 0xdf, 0xd0, 0x7d, 0x72, 0x1c, 0xf0, 0x7f,
    0x2e, 0x9, 0x83, 0xaf, 0x56, 0xe0, 0x21, 0xa4,
    0x3e, 0x60, 0x41, 0xff, 0xc1, 0x40, 0x87, 0xff,
    0x2e, 0xff, 0x83, 0xeb, 0x43, 0xff, 0x83, 0xa1,
    0x35, 0xc1, 0xc8, 0x5e, 0x97, 0x83, 0xa0, 0x41,
    0xff, 0xc4, 0x43, 0xff, 0x98, 0x87, 0xe4, 0x3e,
    0x83, 0x90, 0x41, 0xce, 0x1e, 0x82, 0xf5, 0x38,
    0x50, 0x74, 0x19, 0x40, 0x60, 0xf3, 0xa1, 0x9a,
    0x7, 0x0,

    /* U+0062 "b" */
    0xf8, 0x3f, 0xff, 0xe1, 0xff, 0xe3, 0xbf, 0x21,
    0xfd, 0x68, 0x6b, 0xf, 0x94, 0x5, 0x6, 0xc3,
    0xd1, 0x74, 0xe0, 0xa0, 0xf4, 0x86, 0x60, 0x21,
    0xca, 0xf, 0x28, 0x10, 0x6c, 0x3f, 0x60, 0x43,
    0x21, 0xf9, 0xf, 0xff, 0xfa, 0x1f, 0x90, 0xfb,
    0xf, 0xd8, 0x10, 0xca, 0xf, 0x28, 0x10, 0x74,
    0x86, 0x60, 0x21, 0xd1, 0x74, 0xe0, 0xa0, 0xe5,
    0x1, 0x41, 0xb0, 0xfa, 0xd0, 0xd6, 0x18,

    /* U+0063 "c" */
    0xf, 0x37, 0xe9, 0xf, 0x3c, 0x86, 0x6c, 0x35,
    0x3, 0x2c, 0x1e, 0x50, 0x1f, 0x55, 0xc8, 0x50,
    0x18, 0x3c, 0xc0, 0x82, 0x83, 0xfe, 0x41, 0x7,
    0xff, 0xd, 0xf, 0xff, 0xf8, 0x64, 0x3f, 0xf8,
    0x8, 0x20, 0xff, 0xe0, 0x41, 0x41, 0xff, 0xc0,
    0x80, 0xc1, 0xe6, 0x9, 0x40, 0x7d, 0x57, 0x21,
    0xa4, 0x32, 0xc1, 0xfa, 0xe0, 0xe6, 0xc0,

    /* U+0064 "d" */
    0xf, 0xfe, 0x17, 0xc1, 0xff, 0xff, 0xf, 0xfe,
    0xa3, 0xfa, 0xf, 0xf7, 0x6, 0x78, 0x3e, 0xc3,
    0x28, 0xa, 0xe, 0x82, 0xf5, 0x38, 0x83, 0x90,
    0x61, 0xcc, 0x1d, 0x1, 0xf, 0x90, 0xe4, 0x18,
    0x7e, 0x83, 0xe4, 0x3f, 0x21, 0xff, 0xff, 0x43,
    0xf2, 0x19, 0x6, 0x1f, 0xa0, 0xd0, 0x10, 0xf9,
    0xf, 0x20, 0xc3, 0x98, 0x3d, 0x5, 0xea, 0x71,
    0x7, 0xb0, 0xca, 0x2, 0x83, 0xee, 0xc, 0xf0,
    0x60,

    /* U+0065 "e" */
    0xf, 0x3f, 0xd0, 0x7f, 0x3c, 0x1c, 0xe8, 0x7a,
    0x81, 0x2c, 0x15, 0x3, 0x28, 0x17, 0x57, 0x1,
    0x41, 0x40, 0xd0, 0xe6, 0x4, 0x4, 0x8, 0x7e,
    0x43, 0xa0, 0x41, 0xfc, 0x81, 0xc, 0xbf, 0xe0,
    0xfd, 0x5f, 0xe4, 0x18, 0x7f, 0xf2, 0xbf, 0xff,
    0x83, 0x7, 0xff, 0x29, 0xf, 0xfe, 0x12, 0x8,
    0x3f, 0xf8, 0x50, 0x50, 0x7f, 0xf0, 0xa0, 0x30,
    0x7c, 0xd8, 0x4a, 0x3, 0xea, 0xbd, 0x21, 0xd4,
    0xc, 0xb0, 0x64, 0x39, 0xe4, 0x39, 0xb8,

    /* U+0066 "f" */
    0xf, 0x5f, 0xc8, 0x76, 0x87, 0xfb, 0x9, 0x78,
    0x3e, 0xeb, 0x6, 0x40, 0x87, 0xff, 0x51, 0xf4,
    0x7, 0xf2, 0x1f, 0xfc, 0x26, 0x88, 0x1a, 0xc8,
    0x15, 0x84, 0xb8, 0x3f, 0xff, 0xe1, 0xff, 0xff,
    0xf, 0xff, 0x18,

    /* U+0067 "g" */
    0xe, 0x7f, 0x41, 0x7c, 0x1b, 0x83, 0x3c, 0x1f,
    0x61, 0x94, 0x5, 0x7, 0x41, 0x7a, 0x9c, 0x41,
    0xc8, 0x30, 0xe6, 0xe, 0x80, 0x87, 0xca, 0xc,
    0x82, 0xf, 0xd8, 0x7f, 0xf1, 0x10, 0xff, 0xff,
    0x87, 0xf2, 0x19, 0x4, 0x1f, 0xb0, 0xd0, 0x10,
    0xf9, 0x41, 0xc8, 0x30, 0xe6, 0xf, 0x41, 0x7a,
    0x9c, 0x41, 0xec, 0x32, 0x80, 0xa0, 0xfb, 0x83,
    0x3c, 0x1f, 0xcf, 0xe8, 0x8, 0x10, 0xff, 0xe0,
    0xe0, 0xc3, 0xff, 0x82, 0x81, 0xa, 0xf, 0x9c,
    0x8, 0x67, 0xd5, 0xb8, 0x28, 0x3e, 0x5c, 0x1b,
    0xe, 0xe4, 0x39, 0xb0, 0x80,

    /* U+0068 "h" */
    0xf8, 0x3f, 0xff, 0xe1, 0xff, 0xdc, 0xbf, 0x21,
    0xf9, 0xd0, 0xd6, 0x1e, 0x60, 0x28, 0x36, 0x1d,
    0x17, 0x4e, 0x9, 0xe, 0xd0, 0xca, 0x6, 0x19,
    0xf, 0xa0, 0x21, 0xa0, 0xff, 0xff, 0x87, 0xff,
    0xfc, 0x3f, 0xfd, 0x40,

    /* U+0069 "i" */
    0xf8, 0x3f, 0xf8, 0x3f, 0x7, 0xf7, 0xc1, 0xff,
    0xfd,

    /* U+006A "j" */
    0xd, 0xf0, 0x7f, 0xf4, 0x7e, 0xf, 0xfe, 0x4f,
    0xc1, 0xff, 0xff, 0xf, 0xff, 0xf8, 0x7f, 0xf2,
    0x90, 0x23, 0x70, 0x33, 0x42, 0x50, 0x66, 0x80,

    /* U+006B "k" */
    0xf8, 0x3f, 0xff, 0xe1, 0xff, 0xe8, 0xbe, 0xf,
    0xfe, 0x4, 0x83, 0xf, 0xfb, 0x41, 0x87, 0xfd,
    0x85, 0x87, 0xfd, 0x81, 0xc3, 0xfe, 0xc0, 0xc1,
    0xff, 0x60, 0x60, 0xff, 0x38, 0x18, 0x3f, 0xe8,
    0x14, 0xf, 0xfe, 0x1e, 0x1f, 0xfc, 0x18, 0xc,
    0x1f, 0xfc, 0x6, 0x3, 0x7, 0xff, 0x1, 0x80,
    0xc1, 0xff, 0xc0, 0x60, 0x30, 0x7f, 0xf0, 0x18,
    0xc, 0x1f, 0xfc, 0x6, 0x3, 0x7, 0xff, 0x1,
    0x80, 0xc1, 0xff, 0xc0, 0x60, 0x30, 0x7f, 0xf0,
    0x18, 0xc, 0x0,

    /* U+006C "l" */
    0xf8, 0x3f, 0xff, 0xe1, 0xff, 0xce,

    /* U+006D "m" */
    0xf8, 0x2b, 0xe9, 0xe, 0x6f, 0xa0, 0xfc, 0xe8,
    0x4d, 0x2, 0xe4, 0x27, 0x43, 0x98, 0xa, 0x9,
    0x46, 0x12, 0x1a, 0xe, 0x8b, 0xa6, 0x82, 0x83,
    0xeb, 0xc1, 0x41, 0xda, 0x1a, 0x9, 0x20, 0xe8,
    0x8, 0x64, 0x3e, 0x42, 0xc3, 0xc8, 0x7d, 0x7,
    0xd8, 0x7f, 0xc8, 0x10, 0xff, 0xe1, 0x21, 0xff,
    0xff, 0xf, 0xff, 0xf8, 0x7f, 0xff, 0xc3, 0xff,
    0xfe, 0x1f, 0xc0,

    /* U+006E "n" */
    0xf8, 0x2b, 0xf2, 0x1f, 0x9d, 0xd, 0x61, 0xe6,
    0x2, 0x83, 0x61, 0xd1, 0x74, 0xe0, 0x90, 0xed,
    0xc, 0xa0, 0x61, 0x90, 0xfa, 0x2, 0x1a, 0xf,
    0xff, 0xf8, 0x7f, 0xff, 0xc3, 0xff, 0xd4,

    /* U+006F "o" */
    0xe, 0x6f, 0xd2, 0x1f, 0xd4, 0x43, 0x36, 0x1f,
    0x68, 0x4a, 0xd, 0x87, 0x41, 0x5d, 0x38, 0x2c,
    0x32, 0x9, 0xc, 0xe1, 0x20, 0x80, 0xa0, 0xf9,
    0x4, 0x4, 0x18, 0x7e, 0x83, 0xf2, 0x1f, 0xfd,
    0x24, 0x3f, 0xfd, 0x28, 0x64, 0x3f, 0xf8, 0x48,
    0x30, 0xfd, 0x7, 0x40, 0x50, 0x7c, 0x82, 0x9,
    0x4, 0x87, 0x61, 0x21, 0x41, 0x5d, 0x3c, 0x16,
    0x1d, 0xa1, 0x28, 0x36, 0x1f, 0x51, 0xc, 0xd8,
    0x60,

    /* U+0070 "p" */
    0xf8, 0x2b, 0xf2, 0x1f, 0xd6, 0x86, 0xb0, 0xf9,
    0x40, 0x50, 0x6c, 0x3d, 0x17, 0x4e, 0xa, 0xf,
    0x48, 0x66, 0x2, 0x1c, 0xa0, 0xf2, 0x81, 0x6,
    0xc3, 0xf6, 0x4, 0x32, 0x1f, 0x90, 0xff, 0xff,
    0xa1, 0xf9, 0xf, 0xb0, 0xfd, 0x81, 0xc, 0xa0,
    0xf2, 0x81, 0x7, 0x48, 0x66, 0x2, 0x1d, 0x17,
    0x4e, 0xa, 0xe, 0x50, 0x14, 0x1b, 0xf, 0xad,
    0xd, 0x61, 0xfe, 0xbf, 0x21, 0xff, 0xff, 0xf,
    0xfe, 0xa0,

    /* U+0071 "q" */
    0xe, 0x7f, 0x41, 0x7c, 0x1b, 0x83, 0x3c, 0x1f,
    0x61, 0x94, 0x5, 0x7, 0x41, 0x7a, 0x9c, 0x41,
    0xc8, 0x30, 0xe6, 0xe, 0x80, 0x87, 0xc8, 0x72,
    0xc, 0x3f, 0x41, 0xf2, 0x1f, 0x90, 0xff, 0xff,
    0xa1, 0xf9, 0xc, 0x83, 0xf, 0xd0, 0x68, 0x8,
    0x7c, 0x87, 0x90, 0x61, 0xcc, 0x1e, 0x82, 0xf5,
    0x38, 0x83, 0xd8, 0x65, 0x1, 0x41, 0xf7, 0x6,
    0x78, 0x3f, 0x9f, 0xd0, 0x7f, 0xff, 0xc3, 0xff,
    0xaa,

    /* U+0072 "r" */
    0xf8, 0x2b, 0xe8, 0x33, 0xa1, 0xf3, 0x7, 0xf4,
    0x5f, 0xa0, 0xd2, 0x1f, 0x94, 0x1f, 0xd8, 0x7f,
    0x90, 0xff, 0xff, 0x87, 0xff, 0xa4,

    /* U+0073 "s" */
    0xd, 0x7f, 0xa4, 0x33, 0xa1, 0xe6, 0x80, 0x60,
    0x97, 0x7, 0xa0, 0x3d, 0x6f, 0x58, 0x74, 0x1f,
    0x28, 0x3f, 0xf9, 0x8, 0x7f, 0xc8, 0x28, 0x87,
    0xf4, 0x13, 0x7a, 0x43, 0xda, 0x1c, 0xda, 0x1d,
    0x7a, 0x43, 0x50, 0x3e, 0x6e, 0x40, 0x87, 0xf9,
    0x82, 0x43, 0xfe, 0x41, 0x87, 0xff, 0xb, 0x38,
    0x3e, 0x50, 0x10, 0x3e, 0xad, 0xc0, 0x43, 0xcb,
    0x82, 0x60, 0x72, 0x1e, 0x78, 0x0,

    /* U+0074 "t" */
    0xb, 0xe0, 0xff, 0xf8, 0x78, 0x2f, 0xf0, 0x7f,
    0xf0, 0xe8, 0x15, 0x78, 0xa, 0x9, 0x7c, 0x1f,
    0xff, 0xf0, 0xff, 0xfe, 0x20, 0x83, 0xfb, 0x3,
    0xd6, 0xc, 0xa0, 0x97, 0x7, 0x51, 0xf, 0x0,

    /* U+0075 "u" */
    0x3e, 0xf, 0xef, 0x83, 0xff, 0xfe, 0x1f, 0xff,
    0xf0, 0xff, 0xed, 0x21, 0xff, 0xc3, 0xc3, 0xe4,
    0x3c, 0xa0, 0xd0, 0x24, 0x33, 0x7, 0x21, 0x5d,
    0x38, 0x83, 0xb0, 0xca, 0x4, 0x87, 0xb4, 0x33,
    0xa1, 0x80,

    /* U+0076 "v" */
    0x3e, 0x43, 0xfd, 0xf2, 0x40, 0xc3, 0xff, 0x82,
    0x88, 0x10, 0xfe, 0x40, 0x87, 0x90, 0xfd, 0x3,
    0xa, 0x6, 0x1f, 0xf2, 0x12, 0x4, 0x3e, 0x80,
    0x87, 0x20, 0x43, 0xc8, 0x20, 0xec, 0x10, 0x7f,
    0xf0, 0xd0, 0xfd, 0x1, 0xf, 0x90, 0x21, 0x90,
    0x41, 0xf6, 0x8, 0x24, 0x3f, 0xe4, 0x3d, 0x82,
    0xf, 0xe4, 0x10, 0x10, 0x21, 0xfd, 0x1, 0x10,
    0x21, 0xff, 0xc2, 0x70, 0x61, 0xff, 0x40, 0xd0,
    0x21, 0xff, 0x20, 0x40, 0x87, 0xff, 0x1b, 0xf,
    0xfe, 0xc, 0x19, 0xf, 0x0,

    /* U+0077 "w" */
    0x7c, 0x87, 0x9f, 0x90, 0xf3, 0xe5, 0x3, 0xf,
    0x61, 0x61, 0xec, 0x8, 0x48, 0x79, 0x9, 0xf,
    0x21, 0x90, 0xff, 0xe4, 0xa0, 0xc0, 0x86, 0x41,
    0x1, 0xc, 0x83, 0x2, 0xc, 0x36, 0x4, 0x18,
    0x6c, 0x8, 0x72, 0x19, 0x11, 0x10, 0xc8, 0x79,
    0xf, 0xd9, 0x87, 0xe4, 0x3e, 0x40, 0x81, 0x10,
    0x20, 0x41, 0x86, 0xc1, 0x83, 0xf, 0xb0, 0x60,
    0x43, 0x20, 0x40, 0x88, 0x48, 0x81, 0xf, 0xfe,
    0x1e, 0x16, 0x1f, 0xfc, 0x14, 0xa, 0x2, 0x12,
    0x5, 0x1, 0xf, 0x60, 0xf0, 0x7f, 0x78, 0x18,
    0x79, 0x2, 0x84, 0x39, 0x14, 0x4, 0x3f, 0xf8,
    0x18, 0x76, 0x1f, 0xfc, 0x14, 0x32, 0x1c, 0x86,
    0x43, 0xf6, 0x1f, 0xfc, 0x3c, 0x3f, 0x21, 0x21,
    0xf2, 0x12, 0x18,

    /* U+0078 "x" */
    0x7, 0xc8, 0x7e, 0xbd, 0x5, 0x2, 0xf, 0x94,
    0x8, 0x25, 0x3, 0xf, 0x40, 0x83, 0xa0, 0xa0,
    0xd8, 0x14, 0x1e, 0x80, 0x85, 0x5, 0x7, 0xca,
    0x6, 0x28, 0x18, 0x7f, 0x41, 0x50, 0x8, 0x7f,
    0xd8, 0x10, 0xa0, 0xff, 0xe0, 0x41, 0xb0, 0xff,
    0xea, 0x41, 0x90, 0xff, 0xe0, 0x61, 0xd0, 0x7f,
    0xc8, 0x5a, 0xc, 0x3f, 0xd0, 0x22, 0xa, 0xf,
    0xd8, 0x14, 0xc, 0xa, 0xf, 0x41, 0x41, 0x90,
    0x41, 0xca, 0x6, 0x1d, 0x5, 0x6, 0x80, 0x87,
    0xd8, 0x14, 0x8, 0x28, 0x3f, 0x40, 0x80,

    /* U+0079 "y" */
    0x3e, 0x43, 0xfd, 0xf2, 0x40, 0xc3, 0xff, 0x82,
    0x88, 0x10, 0xfe, 0x80, 0x84, 0x81, 0xf, 0xc8,
    0x20, 0xa0, 0x41, 0xf2, 0x1f, 0xfc, 0x6c, 0x10,
    0x74, 0x8, 0x3c, 0x81, 0xe, 0x40, 0x87, 0x20,
    0x43, 0xe4, 0x8, 0x68, 0x18, 0x7d, 0x82, 0xf,
    0x90, 0xf9, 0xf, 0x40, 0x43, 0xfa, 0x4, 0x4,
    0x10, 0x7f, 0x20, 0x44, 0x8, 0x7f, 0xc8, 0x18,
    0x18, 0x7f, 0xd8, 0x20, 0x90, 0xff, 0x90, 0xe4,
    0x3f, 0xf8, 0x28, 0x68, 0x3f, 0xf8, 0x30, 0x7f,
    0xf2, 0xa0, 0xff, 0xe3, 0x21, 0xff, 0xc2, 0x40,
    0x87, 0xff, 0xe, 0x4, 0x1f, 0xfc, 0x24, 0x3f,
    0xf8, 0x74, 0xe0, 0x41, 0xff, 0x2c, 0x12, 0x83,
    0xff, 0x89, 0x40, 0xff, 0x0,

    /* U+007A "z" */
    0x3f, 0xff, 0x84, 0x1f, 0xfc, 0x4a, 0xff, 0x7,
    0x2f, 0xf0, 0x68, 0x3f, 0xd0, 0x14, 0x1f, 0xd8,
    0x18, 0x3f, 0xa0, 0xa0, 0xfe, 0x90, 0x61, 0xfc,
    0xa0, 0x41, 0xfe, 0x81, 0x21, 0xfd, 0x81, 0x41,
    0xfd, 0x85, 0x7, 0xf4, 0x16, 0x1f, 0xca, 0x4,
    0x1f, 0xe8, 0x12, 0x1f, 0xd8, 0x14, 0x1f, 0xd0,
    0x5a, 0xff, 0x83, 0x57, 0xfc, 0x1f, 0xfc, 0x30,

    /* U+007B "{" */
    0xf, 0x9b, 0xf0, 0x7a, 0x88, 0x7f, 0x28, 0xd,
    0x41, 0xd8, 0x19, 0x60, 0xe4, 0x18, 0x7f, 0xf0,
    0x10, 0xff, 0xff, 0x87, 0xff, 0x32, 0x2, 0x1c,
    0xab, 0x41, 0x7, 0x51, 0x3, 0x87, 0xfc, 0xa0,
    0xf7, 0xd0, 0x24, 0x3f, 0x30, 0x20, 0xfe, 0x43,
    0xff, 0xfe, 0x1f, 0xfd, 0x14, 0x8, 0x7f, 0x60,
    0x90, 0xfc, 0x85, 0x7c, 0x1e, 0xd0, 0xff, 0xe0,
    0x5e, 0xa8,

    /* U+007C "|" */
    0xf8, 0x3f, 0xff, 0xe1, 0xff, 0xcc,

    /* U+007D "}" */
    0xfd, 0x21, 0xff, 0x34, 0xf, 0x54, 0x81, 0x41,
    0xcb, 0x48, 0x30, 0xfe, 0xc3, 0xff, 0x80, 0x81,
    0xf, 0xff, 0xf8, 0x7f, 0xf3, 0x90, 0x41, 0xfd,
    0x1, 0xe5, 0x7, 0xb4, 0xd, 0x3, 0xca, 0xf,
    0xf3, 0x2, 0xf8, 0x3a, 0x4, 0x87, 0xfc, 0x87,
    0xff, 0xfc, 0x3f, 0xf9, 0x88, 0x10, 0xfc, 0xc0,
    0xc3, 0xbe, 0x82, 0x43, 0xfc, 0xe1, 0xea, 0xbd,
    0x7, 0xc0,

    /* U+007E "~" */
    0xf, 0xfe, 0x6b, 0x7d, 0x21, 0xfe, 0xc2, 0xe4,
    0x26, 0xe4, 0x3a, 0xc0, 0xe1, 0xfc, 0xde, 0xbc,
    0x85, 0x82, 0xfe, 0x83, 0x90, 0x9c, 0xe, 0x87,
    0x3e, 0x43, 0x3c, 0xa, 0x7, 0xfa, 0xfd, 0x6,

    /* U+00A0 " " */

    /* U+00A1 "¡" */
    0x3e, 0x43, 0xff, 0x89, 0xf2, 0x1f, 0xfc, 0x4b,
    0xc0, 0x43, 0xff, 0x9e, 0x87, 0xff, 0x95,

    /* U+00A2 "¢" */
    0xf, 0xee, 0xf, 0xff, 0xfb, 0xe1, 0xf2, 0x1e,
    0xb8, 0x3d, 0x61, 0xa4, 0x24, 0x8, 0x7a, 0x40,
    0xf0, 0xde, 0x42, 0x41, 0x40, 0xfa, 0x4, 0x12,
    0x1f, 0xf2, 0x8, 0x3f, 0xf8, 0x68, 0x7f, 0xff,
    0xc3, 0x21, 0xff, 0xc0, 0x41, 0x87, 0xff, 0x3,
    0x2, 0x1f, 0xfc, 0x5, 0x3, 0xf, 0xc8, 0x50,
    0x5c, 0x81, 0xb8, 0x36, 0x13, 0xc, 0x87, 0xdc,
    0x1f, 0xa0, 0xf3, 0xe8, 0x7e, 0x43, 0xf9, 0xf,
    0xff, 0xa7, 0x7, 0x0,

    /* U+00A3 "£" */
    0xf, 0x9b, 0xf4, 0x87, 0xee, 0x43, 0x36, 0x1e,
    0xc3, 0x28, 0x3f, 0x90, 0xae, 0x9e, 0x90, 0xec,
    0xa, 0xe, 0x60, 0xe4, 0x18, 0x7f, 0xf1, 0x10,
    0xff, 0xff, 0x87, 0xff, 0x1d, 0xf8, 0x2f, 0xf2,
    0x1f, 0xfc, 0x86, 0xa0, 0xab, 0xc8, 0x65, 0x82,
    0x5f, 0x7, 0xff, 0xfc, 0x3f, 0xfa, 0x77, 0xc1,
    0x7f, 0xf0, 0x87, 0xff, 0x54,

    /* U+00A4 "¤" */
    0xf, 0xfe, 0x43, 0x87, 0xff, 0x7, 0x41, 0x18,
    0x7f, 0xd9, 0x22, 0xc, 0x17, 0xd0, 0x30, 0x28,
    0x90, 0x79, 0x9, 0xf0, 0x18, 0x29, 0xc, 0xb0,
    0x66, 0xe, 0xc2, 0xea, 0xc2, 0xc3, 0xd0, 0x30,
    0xec, 0x10, 0x7e, 0x83, 0xe8, 0x3e, 0x40, 0x87,
    0xc8, 0x10, 0xff, 0xe5, 0xa0, 0x43, 0xe4, 0x8,
    0x7d, 0x7, 0xd0, 0x7e, 0x81, 0x87, 0x60, 0x83,
    0xd8, 0x5d, 0x58, 0x58, 0x74, 0x86, 0x58, 0x33,
    0x5, 0x20, 0xf2, 0x13, 0xe0, 0x30, 0x10, 0x60,
    0xbe, 0x81, 0x81, 0x4, 0x61, 0xff, 0x64, 0x7,
    0xf, 0xfe, 0xe, 0x80,

    /* U+00A5 "¥" */
    0x7d, 0x7, 0xfd, 0x79, 0x40, 0x43, 0xfe, 0x40,
    0x90, 0x20, 0xfe, 0x81, 0x1, 0x2, 0x1f, 0xc8,
    0x10, 0xa0, 0x41, 0xf4, 0x8, 0x32, 0x4, 0x3c,
    0xa0, 0x21, 0xd0, 0x20, 0xe8, 0x10, 0x79, 0x2,
    0x19, 0x9, 0xf, 0xa0, 0x61, 0x40, 0x83, 0xf2,
    0x12, 0x21, 0x21, 0xdf, 0x82, 0x88, 0x2f, 0xc1,
    0xfe, 0x83, 0xfd, 0xfe, 0x2, 0xf, 0xf0, 0x7e,
    0x42, 0x43, 0xff, 0x85, 0x5, 0x7, 0xef, 0xf8,
    0x2f, 0xf8, 0x3f, 0xf9, 0x3f, 0xf0, 0x5f, 0xf0,
    0x7f, 0xff, 0xc3, 0xff, 0xde,

    /* U+00A6 "¦" */
    0x6a, 0x50, 0x7f, 0xf5, 0x7e, 0xf, 0xe6, 0xa5,
    0x7, 0xff, 0x54,

    /* U+00A7 "§" */
    0xc, 0xff, 0x48, 0x77, 0x7, 0x32, 0x16, 0x13,
    0x44, 0x39, 0xb, 0x95, 0x72, 0x1c, 0x87, 0x90,
    0xff, 0xe2, 0xa0, 0x50, 0x7f, 0x90, 0x50, 0x3f,
    0xa0, 0x9d, 0xf, 0xb0, 0xea, 0x7, 0x40, 0xf4,
    0x7, 0x42, 0x48, 0xe, 0x82, 0x82, 0x4, 0x35,
    0x0, 0xa0, 0xfe, 0x60, 0x41, 0x41, 0xe4, 0x24,
    0xc, 0x1e, 0x42, 0xc0, 0xe8, 0x64, 0x41, 0x85,
    0x40, 0x40, 0x82, 0xe0, 0x3e, 0x48, 0x39, 0xd0,
    0xd2, 0x1f, 0x50, 0x28, 0x3f, 0x9c, 0x28, 0x3f,
    0xd0, 0x10, 0xff, 0x21, 0xff, 0xc1, 0x43, 0xdc,
    0x84, 0xc0, 0x83, 0x37, 0xd0, 0x14, 0x12, 0x1f,
    0x30, 0x6b, 0xd5, 0x7a, 0x8,

    /* U+00A8 "¨" */
    0x16, 0x9, 0x62, 0xac, 0x2a, 0x83, 0xff, 0x96,

    /* U+00A9 "©" */
    0xf, 0xe6, 0xb9, 0xf, 0xfe, 0x25, 0xcb, 0xd7,
    0x7, 0xff, 0x1, 0xd1, 0xfe, 0x47, 0x43, 0xf9,
    0x8b, 0x83, 0xae, 0x24, 0x3e, 0x63, 0x43, 0xf9,
    0xc9, 0xf, 0x46, 0x13, 0x7e, 0x90, 0x64, 0x1d,
    0x98, 0x5c, 0x86, 0x64, 0x19, 0x84, 0x88, 0x58,
    0x1f, 0xd2, 0x19, 0x10, 0x64, 0x8, 0x14, 0xc,
    0xc8, 0x51, 0x81, 0x41, 0x22, 0x83, 0xff, 0x80,
    0xa0, 0xb0, 0x20, 0xc3, 0xff, 0x83, 0x81, 0xd,
    0x81, 0xf, 0xfe, 0x1a, 0x4, 0x3f, 0xf8, 0xe8,
    0x7f, 0xf3, 0x10, 0xc8, 0x30, 0x21, 0xff, 0xc4,
    0x4c, 0x8, 0x30, 0xff, 0xe0, 0xe2, 0x4, 0x24,
    0x50, 0x7f, 0xf0, 0x10, 0xa1, 0x4, 0xa, 0x6,
    0x64, 0x24, 0x80, 0x90, 0x58, 0x1f, 0xd2, 0x1a,
    0x10, 0xa2, 0xb, 0x90, 0xcc, 0x82, 0x20, 0xcb,
    0x41, 0x37, 0xe9, 0x4, 0xb0, 0x74, 0xa8, 0x3f,
    0xe9, 0x50, 0x7d, 0x2b, 0x83, 0xeb, 0x54, 0x1f,
    0xd4, 0x1f, 0xaf, 0x92, 0x81, 0xff, 0x3c, 0x81,
    0x3, 0x68, 0x78,

    /* U+00AA "ª" */
    0x3, 0x7f, 0x21, 0xd2, 0x1d, 0x61, 0x9b, 0xf4,
    0x8, 0x29, 0xc, 0xc2, 0x1f, 0xe4, 0x3c, 0xff,
    0x80, 0x83, 0x83, 0xfd, 0x82, 0xfe, 0xf, 0x48,
    0x64, 0x3f, 0xf8, 0x10, 0x7a, 0xd, 0x7, 0x40,
    0xfc, 0xc1, 0x99, 0x9, 0xd7, 0x1, 0xbe, 0x81,
    0x40, 0xff, 0xe1, 0xff, 0xfc, 0x88, 0x7f, 0xc0,

    /* U+00AB "«" */
    0xf, 0xfe, 0x5e, 0x1e, 0xc3, 0xec, 0x3d, 0x87,
    0x9c, 0x39, 0xc3, 0xcc, 0xc, 0xc, 0xc, 0x26,
    0x6, 0x6, 0x6, 0x13, 0x3, 0x3, 0x3, 0x9,
    0x81, 0x81, 0x81, 0x87, 0xc8, 0x79, 0xe, 0x50,
    0xe0, 0x50, 0xe1, 0xd2, 0xc, 0x12, 0xc, 0x3a,
    0x80, 0xc1, 0x40, 0x61, 0xcc, 0xc, 0xc, 0xc,
    0x39, 0x83, 0x98, 0x3f, 0x38, 0x73, 0x87, 0xf6,
    0x1e, 0xc0,

    /* U+00AC "¬" */
    0x7f, 0xff, 0x90, 0x61, 0xff, 0xdf, 0xbf, 0xff,
    0x8a, 0x87, 0xff, 0xfc, 0x3f, 0xfd, 0x9a, 0x80,

    /* U+00AD "­" */
    0x6b, 0xf0, 0x17, 0xf8, 0x3f, 0xc0,

    /* U+00AE "®" */
    0xf, 0xe6, 0xb9, 0xf, 0xfe, 0x25, 0xcb, 0xd7,
    0x7, 0xff, 0x1, 0xd1, 0xfe, 0x47, 0x43, 0xf9,
    0x8b, 0x83, 0xae, 0x24, 0x3e, 0x63, 0x43, 0xf9,
    0xc9, 0xf, 0x46, 0x35, 0xe4, 0x36, 0x41, 0xd9,
    0x84, 0xbe, 0xb8, 0x2c, 0xc2, 0x44, 0x3d, 0xf9,
    0x14, 0x12, 0x20, 0xc8, 0x3f, 0xd0, 0x30, 0xa3,
    0x2, 0x83, 0xff, 0x84, 0x86, 0x50, 0x58, 0x7f,
    0xf0, 0x90, 0xd8, 0x10, 0xff, 0xe0, 0xc0, 0x83,
    0xc8, 0x10, 0xfb, 0xf2, 0x41, 0xc8, 0x7f, 0xf0,
    0x14, 0x16, 0x87, 0x21, 0x90, 0xfa, 0x98, 0x30,
    0xfe, 0x4c, 0x3f, 0xd8, 0x20, 0xec, 0x40, 0x87,
    0xfc, 0x88, 0x72, 0x14, 0x21, 0xfe, 0x81, 0x84,
    0x90, 0x12, 0xf, 0xfa, 0x2, 0x8, 0x42, 0x88,
    0xd, 0x3, 0x9a, 0x2, 0x20, 0xcb, 0x40, 0x50,
    0x79, 0x69, 0x60, 0xe9, 0x50, 0x7f, 0xd2, 0xa0,
    0xfa, 0x57, 0x7, 0xd6, 0xa8, 0x3f, 0xa8, 0x3f,
    0x5f, 0x25, 0x3, 0xfe, 0x79, 0x2, 0x6, 0xd0,
    0xf0,

    /* U+00AF "¯" */
    0x5f, 0xf1, 0xd7, 0xf0, 0x7f, 0xf0, 0x0,

    /* U+00B0 "°" */
    0xf, 0xfe, 0xb, 0xfa, 0xc, 0xc1, 0x9c, 0x28,
    0x7d, 0x2, 0x21, 0x80, 0xe2, 0x26, 0x1f, 0x21,
    0xff, 0x26, 0x1f, 0x30, 0xc0, 0x71, 0x4, 0x3e,
    0x81, 0x1, 0x90, 0xac, 0x0,

    /* U+00B1 "±" */
    0xf, 0xeb, 0xc1, 0xff, 0xff, 0xf, 0xff, 0xb,
    0xff, 0x90, 0x7f, 0xf1, 0x87, 0xff, 0x7e, 0xff,
    0xc8, 0x3f, 0xf8, 0x3f, 0xff, 0xe1, 0xff, 0xe1,
    0xd4, 0x1f, 0xfc, 0x76, 0x81, 0xff, 0xd4, 0x7f,
    0xff, 0x90, 0x61, 0xff, 0xdf,

    /* U+00B2 "²" */
    0x1b, 0xf4, 0x13, 0x21, 0x9c, 0x2b, 0xf8, 0x18,
    0xa0, 0xe8, 0x3f, 0xd8, 0x7f, 0x92, 0xf, 0xb1,
    0x41, 0xec, 0x60, 0xe7, 0x18, 0x39, 0x8a, 0x7,
    0x50, 0xd0, 0xe5, 0x3, 0xfc, 0x1f, 0xfc, 0x0,

    /* U+00B3 "³" */
    0x29, 0xfa, 0xc, 0xa0, 0xcf, 0x3, 0xfc, 0x88,
    0x7e, 0xc3, 0xf9, 0x83, 0xdf, 0x43, 0x86, 0x50,
    0x7f, 0x53, 0xca, 0xc3, 0xf4, 0x4, 0x3f, 0xd8,
    0x7d, 0x3, 0x7f, 0xc8, 0xb8, 0x39, 0xa0,

    /* U+00B4 "´" */
    0xe, 0xf9, 0xd, 0x2, 0x42, 0x50, 0xa0, 0xd0,
    0xc1, 0xb1, 0x83, 0x40, 0x83, 0x0,

    /* U+00B5 "µ" */
    0x3e, 0xf, 0xef, 0x83, 0xff, 0xfe, 0x1f, 0xff,
    0xf0, 0xff, 0xff, 0x87, 0xff, 0x19, 0xf, 0xf2,
    0x1f, 0x41, 0xfe, 0x90, 0xec, 0x3f, 0xf8, 0x17,
    0x4f, 0x7, 0x78, 0x3a, 0x2, 0x82, 0xd0, 0xfe,
    0x64, 0x27, 0x24, 0x8, 0x79, 0xbe, 0x82, 0xbd,
    0x7, 0xff, 0xfc, 0x3f, 0xfb, 0x80,

    /* U+00B6 "¶" */
    0xe, 0xbf, 0xf9, 0xa, 0xd0, 0xff, 0xe0, 0x68,
    0x7b, 0xe0, 0xd0, 0x7f, 0xf0, 0xd0, 0xff, 0xe1,
    0x21, 0xff, 0xf3, 0x43, 0xff, 0x88, 0x87, 0xff,
    0xe, 0xf, 0xfe, 0x26, 0x87, 0xff, 0xe, 0xd0,
    0xff, 0xe1, 0xde, 0xf, 0xff, 0xf8, 0x7f, 0xff,
    0xc3, 0xff, 0xfd, 0xe0, 0xbc, 0x80,

    /* U+00B7 "·" */
    0xc, 0xfc, 0x1f, 0xfc, 0x0,

    /* U+00B8 "¸" */
    0xc, 0xa0, 0xf7, 0x21, 0xd1, 0x7, 0xe4, 0x40,
    0x84, 0xde, 0x80, 0xa0, 0xce, 0x0,

    /* U+00B9 "¹" */
    0x6f, 0xc1, 0xa4, 0x3f, 0x5f, 0x7, 0x90, 0xff,
    0xff, 0x86, 0x7e, 0x7, 0xc8, 0x7f, 0x80,

    /* U+00BA "º" */
    0xd, 0x7e, 0x43, 0x9d, 0xd, 0x61, 0x30, 0xfd,
    0x3, 0x4, 0x8, 0x26, 0x2, 0x14, 0x1c, 0x83,
    0x40, 0x87, 0x91, 0xf, 0xfe, 0x72, 0x4, 0x3c,
    0x88, 0x50, 0x72, 0xc, 0x81, 0x4, 0xc0, 0x46,
    0x1f, 0xa0, 0x61, 0x3a, 0x1a, 0xc3, 0xd7, 0xe4,
    0x3f, 0xf8, 0xbf, 0xff, 0x22, 0x1f, 0xf0,

    /* U+00BB "»" */
    0xf, 0xfe, 0x1e, 0x87, 0x68, 0x7d, 0x21, 0xd2,
    0x1f, 0x48, 0x74, 0x86, 0xc1, 0x40, 0x60, 0xa0,
    0x6c, 0xc, 0xc, 0xc, 0x1b, 0x46, 0x6, 0x8c,
    0x1a, 0x46, 0x4, 0x8c, 0x1f, 0xfc, 0x69, 0x4,
    0x9, 0x4, 0x9, 0x1c, 0x12, 0x38, 0x24, 0x60,
    0x48, 0xc0, 0xd1, 0x81, 0xa3, 0x7, 0x50, 0x3a,
    0x81, 0xd2, 0x1d, 0x21, 0xda, 0x1d, 0xa1, 0xe0,

    /* U+00BC "¼" */
    0x6f, 0xc1, 0xff, 0xc2, 0xf2, 0x1e, 0x90, 0xff,
    0xe2, 0xc0, 0x43, 0xd4, 0xf0, 0x7f, 0xf0, 0x94,
    0x41, 0xf2, 0x83, 0xff, 0x89, 0xa, 0xf, 0xfe,
    0x62, 0x8, 0x3f, 0xf9, 0xb0, 0x87, 0xff, 0x36,
    0x4, 0x1f, 0xfc, 0xd4, 0x83, 0xff, 0x9b, 0x81,
    0xf, 0xfe, 0x62, 0xc, 0x3f, 0xf9, 0xb0, 0x87,
    0xff, 0x36, 0x4, 0x1e, 0x7e, 0x3, 0xf0, 0x3e,
    0x42, 0x48, 0x3e, 0x83, 0xff, 0x8b, 0x1, 0xf,
    0x41, 0xe7, 0xff, 0x22, 0x8c, 0x3c, 0xb8, 0x3f,
    0xf8, 0x70, 0x87, 0xd1, 0x7, 0xff, 0xe, 0x4,
    0x1e, 0xcc, 0x3f, 0xf8, 0x89, 0x7, 0xa2, 0xf,
    0xfe, 0x24, 0x4, 0x3c, 0xb0, 0x7f, 0xf0, 0xd4,
    0x41, 0xec, 0x83, 0xff, 0x89, 0xa, 0xe, 0x41,
    0xf9, 0x7, 0x7, 0xc8, 0x20, 0xff, 0xe2, 0xa1,
    0xf4, 0x21, 0xf3, 0xfe, 0x41, 0xe0, 0xf4, 0x8,
    0x3f, 0xf9, 0xa9, 0x7, 0xff, 0x35, 0x52, 0x1f,
    0xfc, 0x3b, 0xc0,

    /* U+00BD "½" */
    0x69, 0xf0, 0x7f, 0xf0, 0xbc, 0x87, 0x4a, 0xf,
    0xfe, 0x24, 0x4, 0x3a, 0x9e, 0xf, 0xfe, 0x12,
    0x88, 0x3c, 0xa0, 0xff, 0xe2, 0x42, 0x83, 0xff,
    0x96, 0x82, 0xf, 0xfe, 0x64, 0x21, 0xff, 0xcc,
    0x81, 0x7, 0xff, 0x31, 0x20, 0xff, 0xe6, 0x60,
    0x43, 0xff, 0x96, 0x83, 0xf, 0xfe, 0x64, 0x21,
    0xff, 0xcc, 0x81, 0x1, 0xbf, 0x20, 0x7e, 0x7,
    0xc8, 0x49, 0x2, 0x88, 0x6b, 0xf, 0xfe, 0xc,
    0x4, 0x2b, 0xf2, 0x5, 0x7f, 0xe4, 0x51, 0x85,
    0x21, 0xa0, 0x61, 0xff, 0x42, 0x1f, 0xf2, 0x1f,
    0xfc, 0x8, 0x10, 0x7f, 0xc9, 0x87, 0xf9, 0x20,
    0xff, 0xb1, 0x41, 0xfd, 0x1, 0xf, 0xf6, 0x8,
    0x3f, 0x94, 0x41, 0xfe, 0xc1, 0x87, 0xfa, 0x14,
    0x1f, 0xd8, 0x30, 0xff, 0x20, 0x83, 0xfb, 0x6,
    0x1f, 0xf4, 0x21, 0xfd, 0x8e, 0x1f, 0xf4, 0x8,
    0x3f, 0x40, 0x7f, 0xc1, 0xe4, 0x83, 0xf9, 0xf,
    0xfe, 0x12, 0xa4, 0x3f, 0xbf, 0xfc,

    /* U+00BE "¾" */
    0x1b, 0xf4, 0x1f, 0xfc, 0x1f, 0x21, 0xf4, 0x86,
    0x74, 0x3f, 0xd0, 0x10, 0xfa, 0xfe, 0x4, 0x1f,
    0xca, 0x20, 0xfc, 0x87, 0x41, 0xff, 0x42, 0x83,
    0xff, 0x9a, 0x82, 0xf, 0xfe, 0x13, 0x10, 0x7e,
    0x84, 0x3f, 0xf8, 0x1f, 0x44, 0x87, 0xd0, 0x20,
    0xff, 0xe0, 0x21, 0xa8, 0x1f, 0x24, 0x1f, 0xfc,
    0x1b, 0xe4, 0x43, 0xd8, 0x10, 0xff, 0xe2, 0xc0,
    0x43, 0x20, 0xc3, 0xff, 0x9d, 0x8, 0x7f, 0xf0,
    0x50, 0xe8, 0x8, 0x50, 0x20, 0xfb, 0xd0, 0x1b,
    0xf9, 0x20, 0xc9, 0x7, 0xd8, 0x10, 0x28, 0x39,
    0xd0, 0xa0, 0x21, 0xe8, 0x43, 0xaf, 0xe8, 0x32,
    0x8c, 0x3c, 0xa8, 0x3f, 0xf8, 0xb0, 0x87, 0xd2,
    0x83, 0xff, 0x89, 0x2, 0xf, 0x64, 0x1f, 0xfc,
    0x54, 0x83, 0xc9, 0x7, 0xff, 0x16, 0x2, 0x1e,
    0x94, 0x1f, 0xfc, 0x45, 0x10, 0x7b, 0x20, 0xff,
    0xe2, 0xc2, 0x83, 0x90, 0x7e, 0x41, 0xc1, 0xf9,
    0x4, 0x1f, 0xfc, 0x54, 0x3f, 0x42, 0x1f, 0x3f,
    0xe4, 0x1e, 0xf, 0xa0, 0x41, 0xff, 0xce, 0x48,
    0x3f, 0xf9, 0xca, 0x90, 0xff, 0xe1, 0xde, 0x0,

    /* U+00BF "¿" */
    0xf, 0x7c, 0x1f, 0xfe, 0x9f, 0x83, 0xff, 0x9c,
    0xa0, 0xff, 0xba, 0x7, 0xff, 0xa1, 0xf, 0xfe,
    0xc, 0x4, 0x3f, 0xb0, 0xa0, 0xfd, 0x85, 0x87,
    0xe8, 0x28, 0x3f, 0x28, 0x12, 0x1f, 0xa0, 0x48,
    0x7e, 0x42, 0x43, 0xfb, 0x2, 0x1f, 0xfc, 0xf4,
    0x3f, 0x44, 0x16, 0x1c, 0xe8, 0x10, 0xbf, 0xa0,
    0xd2, 0x1f, 0xd0, 0x54, 0x43, 0x36, 0x80,

    /* U+00C0 "À" */
    0xf, 0xd4, 0x43, 0xff, 0x90, 0xa8, 0x3f, 0xf9,
    0x18, 0x30, 0xff, 0xe4, 0x60, 0x43, 0xff, 0x91,
    0x10, 0x7f, 0xf2, 0x1f, 0x7, 0xff, 0x7a, 0xf9,
    0xf, 0xfe, 0x32, 0x16, 0x1f, 0xfc, 0x54, 0x32,
    0x1f, 0xfc, 0x58, 0x39, 0xf, 0xfe, 0x3c, 0x8,
    0x3f, 0xf8, 0x70, 0x14, 0x1f, 0xfc, 0x64, 0x18,
    0x82, 0xf, 0xfe, 0xa, 0x12, 0x60, 0x43, 0xff,
    0x83, 0x81, 0x2, 0x1f, 0xfc, 0x44, 0x10, 0x48,
    0x20, 0xff, 0x90, 0xfb, 0x2, 0x1f, 0xf4, 0x8,
    0x32, 0x12, 0x1f, 0xfc, 0x14, 0x39, 0x6, 0x1f,
    0xd0, 0x7f, 0x40, 0x43, 0xf9, 0x4, 0x1f, 0xe4,
    0x3e, 0x42, 0x43, 0xe8, 0x10, 0x7d, 0x85, 0xff,
    0xa0, 0xff, 0x21, 0xff, 0xc3, 0x83, 0x90, 0xff,
    0xe2, 0x21, 0xd8, 0x1f, 0xff, 0x82, 0x43, 0x20,
    0xc3, 0xfe, 0x41, 0x84, 0x84, 0x87, 0xfd, 0x81,
    0xa, 0x2, 0x1f, 0xfc, 0x4, 0x24, 0x3a, 0xf,
    0xfe, 0xa, 0xc, 0x83, 0xff, 0x8b, 0x81, 0x0,

    /* U+00C1 "Á" */
    0xf, 0xfe, 0x3, 0x21, 0xff, 0xc7, 0xa2, 0x1f,
    0xfc, 0x84, 0x50, 0x7f, 0xf1, 0xb1, 0x83, 0xff,
    0x8d, 0x2, 0xf, 0xfe, 0x3d, 0xe0, 0xff, 0xef,
    0xdf, 0x21, 0xff, 0xc6, 0x42, 0xc3, 0xff, 0x8a,
    0x86, 0x43, 0xff, 0x8b, 0x7, 0x21, 0xff, 0xc7,
    0x81, 0x7, 0xff, 0xe, 0x2, 0x83, 0xff, 0x8c,
    0x83, 0x10, 0x41, 0xff, 0xc1, 0x42, 0x4c, 0x8,
    0x7f, 0xf0, 0x70, 0x20, 0x43, 0xff, 0x88, 0x82,
    0x9, 0x4, 0x1f, 0xf2, 0x1f, 0x60, 0x43, 0xfe,
    0x81, 0x6, 0x42, 0x43, 0xff, 0x82, 0x87, 0x20,
    0xc3, 0xfa, 0xf, 0xe8, 0x8, 0x7f, 0x20, 0x83,
    0xfc, 0x87, 0xc8, 0x48, 0x7d, 0x2, 0xf, 0xb0,
    0xbf, 0xf4, 0x1f, 0xe4, 0x3f, 0xf8, 0x70, 0x72,
    0x1f, 0xfc, 0x44, 0x3b, 0x3, 0xff, 0xf0, 0x48,
    0x64, 0x18, 0x7f, 0xc8, 0x30, 0x90, 0x90, 0xff,
    0xb0, 0x21, 0x40, 0x43, 0xff, 0x80, 0x84, 0x87,
    0x41, 0xff, 0xc1, 0x41, 0x90, 0x7f, 0xf1, 0x70,
    0x20,

    /* U+00C2 "Â" */
    0xf, 0xf5, 0x10, 0xff, 0xe3, 0xea, 0xa0, 0x7f,
    0xf1, 0x60, 0x42, 0x83, 0xff, 0x87, 0x26, 0xc4,
    0x1f, 0xfc, 0x25, 0x18, 0x18, 0xc3, 0xff, 0x82,
    0xf8, 0x33, 0xe0, 0xff, 0xed, 0xdf, 0x21, 0xff,
    0xc6, 0x42, 0xc3, 0xff, 0x8a, 0x86, 0x43, 0xff,
    0x8b, 0x7, 0x21, 0xff, 0xc7, 0x81, 0x7, 0xff,
    0xe, 0x2, 0x83, 0xff, 0x8c, 0x83, 0x10, 0x41,
    0xff, 0xc1, 0x42, 0x4c, 0x8, 0x7f, 0xf0, 0x70,
    0x20, 0x43, 0xff, 0x88, 0x82, 0x9, 0x4, 0x1f,
    0xf2, 0x1f, 0x60, 0x43, 0xfe, 0x81, 0x6, 0x42,
    0x43, 0xff, 0x82, 0x87, 0x20, 0xc3, 0xfa, 0xf,
    0xe8, 0x8, 0x7f, 0x20, 0x83, 0xfc, 0x87, 0xc8,
    0x48, 0x7d, 0x2, 0xf, 0xb0, 0xbf, 0xf4, 0x1f,
    0xe4, 0x3f, 0xf8, 0x70, 0x72, 0x1f, 0xfc, 0x44,
    0x3b, 0x3, 0xff, 0xf0, 0x48, 0x64, 0x18, 0x7f,
    0xc8, 0x30, 0x90, 0x90, 0xff, 0xb0, 0x21, 0x40,
    0x43, 0xff, 0x80, 0x84, 0x87, 0x41, 0xff, 0xc1,
    0x41, 0x90, 0x7f, 0xf1, 0x70, 0x20,

    /* U+00C3 "Ã" */
    0xf, 0xaf, 0x90, 0x5a, 0x1f, 0xfc, 0x9, 0xa,
    0xf2, 0x21, 0xff, 0xc0, 0x4f, 0x48, 0x50, 0x7f,
    0xf0, 0x7c, 0x6, 0xf9, 0xf, 0xff, 0x95, 0xf2,
    0x1f, 0xfc, 0x64, 0x2c, 0x3f, 0xf8, 0xa8, 0x64,
    0x3f, 0xf8, 0xb0, 0x72, 0x1f, 0xfc, 0x78, 0x10,
    0x7f, 0xf0, 0xe0, 0x28, 0x3f, 0xf8, 0xc8, 0x31,
    0x4, 0x1f, 0xfc, 0x14, 0x24, 0xc0, 0x87, 0xff,
    0x7, 0x2, 0x4, 0x3f, 0xf8, 0x88, 0x20, 0x90,
    0x41, 0xff, 0x21, 0xf6, 0x4, 0x3f, 0xe8, 0x10,
    0x64, 0x24, 0x3f, 0xf8, 0x28, 0x72, 0xc, 0x3f,
    0xa0, 0xfe, 0x80, 0x87, 0xf2, 0x8, 0x3f, 0xc8,
    0x7c, 0x84, 0x87, 0xd0, 0x20, 0xfb, 0xb, 0xff,
    0x41, 0xfe, 0x43, 0xff, 0x87, 0x7, 0x21, 0xff,
    0xc4, 0x43, 0xb0, 0x3f, 0xff, 0x4, 0x86, 0x41,
    0x87, 0xfc, 0x83, 0x9, 0x9, 0xf, 0xfb, 0x2,
    0x14, 0x4, 0x3f, 0xf8, 0x8, 0x48, 0x74, 0x1f,
    0xfc, 0x14, 0x19, 0x7, 0xff, 0x17, 0x2, 0x0,

    /* U+00C4 "Ä" */
    0xf, 0x5f, 0x5, 0xf0, 0x7f, 0xfb, 0xeb, 0x5,
    0x50, 0x7f, 0xf0, 0x96, 0x9, 0x60, 0xff, 0xed,
    0xdf, 0x21, 0xff, 0xc6, 0x42, 0xc3, 0xff, 0x8a,
    0x86, 0x43, 0xff, 0x8b, 0x7, 0x21, 0xff, 0xc7,
    0x81, 0x7, 0xff, 0xe, 0x2, 0x83, 0xff, 0x8c,
    0x83, 0x10, 0x41, 0xff, 0xc1, 0x42, 0x4c, 0x8,
    0x7f, 0xf0, 0x70, 0x20, 0x43, 0xff, 0x88, 0x82,
    0x9, 0x4, 0x1f, 0xf2, 0x1f, 0x60, 0x43, 0xfe,
    0x81, 0x6, 0x42, 0x43, 0xff, 0x82, 0x87, 0x20,
    0xc3, 0xfa, 0xf, 0xe8, 0x8, 0x7f, 0x20, 0x83,
    0xfc, 0x87, 0xc8, 0x48, 0x7d, 0x2, 0xf, 0xb0,
    0xbf, 0xf4, 0x1f, 0xe4, 0x3f, 0xf8, 0x70, 0x72,
    0x1f, 0xfc, 0x44, 0x3b, 0x3, 0xff, 0xf0, 0x48,
    0x64, 0x18, 0x7f, 0xc8, 0x30, 0x90, 0x90, 0xff,
    0xb0, 0x21, 0x40, 0x43, 0xff, 0x80, 0x84, 0x87,
    0x41, 0xff, 0xc1, 0x41, 0x90, 0x7f, 0xf1, 0x70,
    0x20,

    /* U+00C5 "Å" */
    0xf, 0xfe, 0xa5, 0xf2, 0x1f, 0xfc, 0x5d, 0xa,
    0x81, 0xff, 0xc3, 0x87, 0xd0, 0x87, 0xff, 0xd,
    0x20, 0x31, 0x7, 0xff, 0x6e, 0x3, 0x7, 0xff,
    0x11, 0x1f, 0x40, 0x83, 0xff, 0x85, 0x7, 0xa0,
    0xff, 0xe2, 0x41, 0xc8, 0x7f, 0xf1, 0x30, 0xff,
    0xe5, 0x20, 0x81, 0x7, 0xff, 0xd, 0x2, 0x80,
    0x87, 0xff, 0xe, 0x6, 0x20, 0x43, 0xff, 0x8a,
    0x98, 0x30, 0xff, 0xe0, 0xc0, 0x40, 0x81, 0xf,
    0xfe, 0xa, 0x8, 0x24, 0x8, 0x7f, 0xc8, 0x7d,
    0x82, 0xf, 0xfb, 0x4, 0x19, 0xf, 0xfe, 0x12,
    0x4, 0x39, 0x4, 0x1f, 0xc8, 0x7f, 0x40, 0x43,
    0xfa, 0x4, 0x1f, 0xe4, 0x3f, 0xe4, 0x3e, 0x41,
    0x87, 0xd0, 0x5f, 0xf9, 0x2, 0x1f, 0x21, 0xff,
    0xc3, 0x43, 0x90, 0xff, 0xe2, 0x41, 0xd8, 0x1f,
    0xff, 0x83, 0xf2, 0xc, 0x3f, 0xe4, 0x10, 0x48,
    0x48, 0x7f, 0xd8, 0x10, 0xa0, 0x21, 0xff, 0xc0,
    0x42, 0x43, 0xa0, 0xff, 0xe0, 0xa0, 0xc8, 0x3f,
    0xf8, 0xb8, 0x10,

    /* U+00C6 "Æ" */
    0xf, 0xf7, 0xff, 0xf1, 0xe0, 0xff, 0x21, 0xff,
    0xd2, 0x83, 0xff, 0xab, 0xe8, 0x2f, 0xff, 0xa0,
    0xfe, 0x83, 0xff, 0xa4, 0x82, 0xf, 0xfe, 0x72,
    0x12, 0x1f, 0xfc, 0xe8, 0x8, 0x7f, 0xf4, 0xa0,
    0xff, 0xe7, 0x40, 0x43, 0xff, 0x9e, 0x83, 0xf,
    0xdf, 0xff, 0x7, 0xc8, 0x48, 0x7f, 0xf1, 0xd0,
    0xf4, 0x4, 0x3f, 0xfa, 0x50, 0x7f, 0x7f, 0xfc,
    0x87, 0x40, 0x43, 0xff, 0x9e, 0x83, 0xf, 0xfe,
    0x72, 0x15, 0xfe, 0x83, 0xff, 0x8f, 0x7, 0xff,
    0x45, 0xf, 0xfe, 0x96, 0x7, 0xff, 0x41, 0xff,
    0xc6, 0x41, 0x87, 0xff, 0x39, 0x9, 0xf, 0xfe,
    0x74, 0x8, 0x3f, 0xf8, 0x3f, 0xff, 0xc0, 0x10,
    0x90, 0xff, 0xe7, 0x60, 0x43, 0xff, 0x9e,

    /* U+00C7 "Ç" */
    0xf, 0xcd, 0xfd, 0x21, 0xfe, 0xb9, 0xe, 0x6e,
    0xf, 0xb4, 0x3f, 0xe7, 0xe, 0xc2, 0x6f, 0xf4,
    0x12, 0x16, 0x15, 0x10, 0xf3, 0xc1, 0xa0, 0xa4,
    0x3f, 0xce, 0x81, 0x2, 0x83, 0xff, 0x86, 0x85,
    0x7, 0xff, 0x13, 0xf, 0xfe, 0x42, 0x4, 0x3f,
    0xf9, 0x18, 0x7f, 0xff, 0xc3, 0xff, 0xa3, 0x87,
    0xff, 0x15, 0x2, 0x1f, 0xfc, 0x5c, 0x3f, 0xf9,
    0x8, 0x50, 0x7f, 0xf1, 0x50, 0x28, 0x3f, 0xf8,
    0x90, 0x52, 0x1f, 0xe7, 0x42, 0xc2, 0xa2, 0x1e,
    0x78, 0x3d, 0x84, 0xdf, 0xe8, 0x24, 0x3b, 0x43,
    0xfe, 0x70, 0xfa, 0xe4, 0x39, 0xb8, 0x3f, 0xcd,
    0xe0, 0x72, 0x1f, 0xfc, 0x48, 0xc3, 0xff, 0x8c,
    0x87, 0xff, 0x22, 0xf, 0xfe, 0x23, 0xf2, 0x1f,
    0xfc, 0x97, 0xf, 0xfe, 0x13, 0xfa, 0xf, 0x80,

    /* U+00C8 "È" */
    0xc, 0xc8, 0x7f, 0xf0, 0x9a, 0x7, 0xff, 0x1,
    0x85, 0x7, 0xff, 0x1, 0x44, 0x1f, 0xfc, 0x18,
    0x10, 0x7f, 0xf0, 0x7d, 0x7, 0xff, 0x2b, 0xff,
    0xf8, 0x68, 0x7f, 0xf5, 0xdf, 0xff, 0x90, 0xff,
    0xff, 0x87, 0xff, 0x31, 0xff, 0xf8, 0x3f, 0xfb,
    0xf, 0xff, 0xc1, 0xff, 0xff, 0xf, 0xff, 0x6b,
    0xff, 0xf4, 0x1f, 0xfd, 0x40,

    /* U+00C9 "É" */
    0xf, 0xea, 0x7, 0xff, 0x7, 0x50, 0x7f, 0xf0,
    0x20, 0x61, 0xff, 0x28, 0xc3, 0xff, 0x81, 0x10,
    0x7f, 0xf0, 0x7c, 0x87, 0xff, 0x2f, 0xff, 0xf8,
    0x68, 0x7f, 0xf5, 0xdf, 0xff, 0x90, 0xff, 0xff,
    0x87, 0xff, 0x31, 0xff, 0xf8, 0x3f, 0xfb, 0xf,
    0xff, 0xc1, 0xff, 0xff, 0xf, 0xff, 0x6b, 0xff,
    0xf4, 0x1f, 0xfd, 0x40,

    /* U+00CA "Ê" */
    0xf, 0x34, 0x43, 0xfe, 0x65, 0x41, 0xff, 0x44,
    0x98, 0x7f, 0x64, 0xc0, 0x83, 0xe8, 0x50, 0x31,
    0x41, 0xeb, 0x83, 0x79, 0xf, 0xfe, 0x3f, 0xff,
    0xf0, 0xd0, 0xff, 0xeb, 0xbf, 0xff, 0x21, 0xff,
    0xff, 0xf, 0xfe, 0x63, 0xff, 0xf0, 0x7f, 0xf6,
    0x1f, 0xff, 0x83, 0xff, 0xfe, 0x1f, 0xfe, 0xd7,
    0xff, 0xe8, 0x3f, 0xfa, 0x80,

    /* U+00CB "Ë" */
    0xb, 0xe4, 0x17, 0xa0, 0xff, 0xed, 0x54, 0x82,
    0xb0, 0x79, 0x60, 0xca, 0xf, 0xfe, 0x47, 0xff,
    0xf0, 0xd0, 0xff, 0xeb, 0xbf, 0xff, 0x21, 0xff,
    0xff, 0xf, 0xfe, 0x63, 0xff, 0xf0, 0x7f, 0xf6,
    0x1f, 0xff, 0x83, 0xff, 0xfe, 0x1f, 0xfe, 0xd7,
    0xff, 0xe8, 0x3f, 0xfa, 0x80,

    /* U+00CC "Ì" */
    0x19, 0xe, 0x55, 0x3, 0xa1, 0x41, 0x94, 0x41,
    0xd2, 0x61, 0xd7, 0x83, 0xff, 0x81, 0xf4, 0x1f,
    0xff, 0xf0, 0xff, 0xff, 0x87, 0xff, 0x7c,

    /* U+00CD "Í" */
    0xd, 0x44, 0x2d, 0x60, 0x40, 0xc0, 0xa2, 0xa,
    0x24, 0x2f, 0x21, 0xff, 0x7d, 0x7, 0xff, 0xfc,
    0x3f, 0xff, 0xe1, 0xff, 0xc8,

    /* U+00CE "Î" */
    0xc, 0xd1, 0xf, 0x32, 0xa0, 0xf4, 0x49, 0x86,
    0xc5, 0x49, 0x2, 0x18, 0x10, 0xa2, 0xe0, 0xde,
    0x43, 0xff, 0x87, 0xf4, 0x1f, 0xff, 0xf0, 0xff,
    0xff, 0x87, 0xff, 0xfc, 0x3f, 0xfb, 0xc0,

    /* U+00CF "Ï" */
    0xf9, 0x5, 0xe8, 0x3f, 0xf9, 0x15, 0x20, 0xac,
    0xb0, 0x65, 0x7, 0xff, 0xb, 0xe8, 0x3f, 0xff,
    0xe1, 0xff, 0xff, 0xf, 0xff, 0xf8, 0x7f, 0xf1,
    0x80,

    /* U+00D0 "Ð" */
    0xa, 0xff, 0xf4, 0x87, 0xff, 0x29, 0xb8, 0x3f,
    0xf9, 0x6f, 0x7, 0xf9, 0xff, 0xa4, 0x26, 0xf,
    0xfe, 0x2b, 0x61, 0x30, 0x7f, 0xf1, 0xf0, 0x90,
    0xff, 0xe4, 0x61, 0x41, 0xff, 0xc8, 0x40, 0x87,
    0xff, 0x23, 0xf, 0xfe, 0x5a, 0x12, 0x1f, 0xfc,
    0xcf, 0x90, 0x3f, 0xc1, 0xff, 0x61, 0xff, 0xcc,
    0xa8, 0x35, 0x70, 0x7f, 0xf0, 0x17, 0x1, 0x7c,
    0x1f, 0xf6, 0x1f, 0xfd, 0xf4, 0x24, 0x3f, 0xf8,
    0xf8, 0x7f, 0xf2, 0xd0, 0x21, 0xff, 0xc7, 0xc2,
    0x83, 0xff, 0x8d, 0x84, 0x87, 0xff, 0x16, 0xc2,
    0x60, 0xfc, 0xff, 0xe4, 0x26, 0xf, 0xfe, 0x43,
    0xc1, 0xff, 0xc6, 0x6e, 0xf, 0x0,

    /* U+00D1 "Ñ" */
    0xe, 0xbe, 0x81, 0x70, 0x7e, 0x90, 0x9f, 0x24,
    0x1f, 0x92, 0xe4, 0x28, 0x3f, 0xbc, 0x8d, 0xf2,
    0x1f, 0xfd, 0xff, 0xe0, 0xff, 0x5e, 0x43, 0x90,
    0xff, 0xe3, 0x41, 0xff, 0xc7, 0x43, 0xff, 0x8d,
    0x7, 0xff, 0xe, 0x9, 0xf, 0xfe, 0x1c, 0x8,
    0x3f, 0xf8, 0x68, 0x48, 0x7f, 0xf0, 0xe0, 0x41,
    0xff, 0xc3, 0x42, 0x43, 0xff, 0x87, 0x2, 0xf,
    0xfe, 0x1a, 0x12, 0x1f, 0xfc, 0x38, 0x10, 0x7f,
    0xf0, 0xd0, 0xa0, 0xff, 0xe1, 0xc0, 0x43, 0xff,
    0x86, 0x85, 0x7, 0xff, 0xe, 0x2, 0x1f, 0xfc,
    0x34, 0x28, 0x3f, 0xf8, 0x70, 0x10, 0xff, 0xe1,
    0xa8, 0x10, 0x7f, 0xf0, 0xe0, 0x28, 0x3f, 0xf8,
    0x68, 0x7f, 0xf1, 0xa0, 0xff, 0xe3, 0xa1, 0xff,
    0xc6, 0x83, 0x80,

    /* U+00D2 "Ò" */
    0xf, 0xd7, 0x90, 0xff, 0xe4, 0x49, 0x7, 0xff,
    0x26, 0x6, 0x1f, 0xfc, 0x9c, 0x10, 0x7f, 0xf2,
    0x77, 0xf, 0xfe, 0x54, 0x87, 0xff, 0x79, 0xbf,
    0x48, 0x7f, 0xf0, 0xae, 0x43, 0x37, 0x7, 0xfd,
    0xa1, 0xfe, 0x70, 0xfe, 0xc2, 0x7f, 0xc8, 0x58,
    0x7d, 0x85, 0x40, 0xf5, 0x2, 0xc3, 0xa0, 0xa4,
    0x3f, 0x30, 0x50, 0x64, 0xa, 0xf, 0xf2, 0x80,
    0x84, 0x85, 0x7, 0xff, 0x2, 0x9, 0x6, 0x1f,
    0xfc, 0x8c, 0x8, 0x10, 0xff, 0xe1, 0x20, 0x43,
    0xb0, 0xff, 0xe1, 0x61, 0xff, 0xff, 0xf, 0xfe,
    0x8e, 0x1f, 0xfc, 0x2c, 0x39, 0x2, 0x1f, 0xfc,
    0x24, 0x8, 0x30, 0xff, 0xe4, 0x60, 0x42, 0x83,
    0xff, 0x81, 0x4, 0x84, 0x81, 0x41, 0xfe, 0x50,
    0x10, 0xd0, 0x52, 0x1f, 0x98, 0x28, 0x3b, 0xa,
    0x81, 0xea, 0x5, 0x87, 0xd8, 0x4f, 0xf9, 0xb,
    0xf, 0xed, 0xf, 0xf3, 0x87, 0xfd, 0x72, 0x19,
    0xb8, 0x3c,

    /* U+00D3 "Ó" */
    0xf, 0xfe, 0x3, 0xe4, 0x3f, 0xf9, 0x10, 0xa0,
    0xff, 0xe3, 0xe0, 0x83, 0xff, 0x8f, 0x3, 0xf,
    0xfe, 0x46, 0xe1, 0xff, 0xc9, 0x60, 0xff, 0xf0,
    0x37, 0xe9, 0xf, 0xfe, 0x15, 0xc8, 0x66, 0xe0,
    0xff, 0xb4, 0x3f, 0xce, 0x1f, 0xd8, 0x4f, 0xf9,
    0xb, 0xf, 0xb0, 0xa8, 0x1e, 0xa0, 0x58, 0x74,
    0x14, 0x87, 0xe6, 0xa, 0xc, 0x81, 0x41, 0xfe,
    0x50, 0x10, 0x90, 0xa0, 0xff, 0xe0, 0x41, 0x20,
    0xc3, 0xff, 0x91, 0x81, 0x2, 0x1f, 0xfc, 0x24,
    0x8, 0x76, 0x1f, 0xfc, 0x2c, 0x3f, 0xff, 0xe1,
    0xff, 0xd1, 0xc3, 0xff, 0x85, 0x87, 0x20, 0x43,
    0xff, 0x84, 0x81, 0x6, 0x1f, 0xfc, 0x8c, 0x8,
    0x50, 0x7f, 0xf0, 0x20, 0x90, 0x90, 0x28, 0x3f,
    0xca, 0x2, 0x1a, 0xa, 0x43, 0xf3, 0x5, 0x7,
    0x61, 0x50, 0x3d, 0x40, 0xb0, 0xfb, 0x9, 0xff,
    0x21, 0x61, 0xfd, 0xa1, 0xfe, 0x70, 0xff, 0xae,
    0x43, 0x37, 0x7, 0x80,

    /* U+00D4 "Ô" */
    0xf, 0xf7, 0xe0, 0xff, 0xe3, 0xc1, 0xa0, 0xff,
    0xe2, 0xa8, 0xf0, 0xa0, 0xff, 0xe2, 0x46, 0xc,
    0x83, 0xff, 0x86, 0xa8, 0x34, 0xa0, 0xff, 0xe1,
    0x32, 0x19, 0x90, 0xff, 0xed, 0xb7, 0xe9, 0xf,
    0xfe, 0x15, 0xc8, 0x66, 0xe0, 0xff, 0xb4, 0x3f,
    0xce, 0x1f, 0xd8, 0x4f, 0xf9, 0xb, 0xf, 0xb0,
    0xa8, 0x1e, 0xa0, 0x58, 0x74, 0x14, 0x87, 0xe6,
    0xa, 0xc, 0x81, 0x41, 0xfe, 0x50, 0x10, 0x90,
    0xa0, 0xff, 0xe0, 0x41, 0x20, 0xc3, 0xff, 0x91,
    0x81, 0x2, 0x1f, 0xfc, 0x24, 0x8, 0x76, 0x1f,
    0xfc, 0x2c, 0x3f, 0xff, 0xe1, 0xff, 0xd1, 0xc3,
    0xff, 0x85, 0x87, 0x20, 0x43, 0xff, 0x84, 0x81,
    0x6, 0x1f, 0xfc, 0x8c, 0x8, 0x50, 0x7f, 0xf0,
    0x20, 0x90, 0x90, 0x28, 0x3f, 0xca, 0x2, 0x1a,
    0xa, 0x43, 0xf3, 0x5, 0x7, 0x61, 0x50, 0x3d,
    0x40, 0xb0, 0xfb, 0x9, 0xff, 0x21, 0x61, 0xfd,
    0xa1, 0xfe, 0x70, 0xff, 0xae, 0x43, 0x37, 0x7,
    0x80,

    /* U+00D5 "Õ" */
    0xf, 0xd7, 0x90, 0xac, 0x3f, 0xf8, 0x52, 0xb,
    0x2, 0x1f, 0xfc, 0x34, 0xf0, 0x3c, 0x21, 0xff,
    0xc3, 0x41, 0xc0, 0x60, 0xff, 0xe1, 0x70, 0x4f,
    0xa0, 0xff, 0xfa, 0x37, 0xe9, 0xf, 0xfe, 0x15,
    0xc8, 0x66, 0xe0, 0xff, 0xb4, 0x3f, 0xce, 0x1f,
    0xd8, 0x4f, 0xf9, 0xb, 0xf, 0xb0, 0xa8, 0x1e,
    0xa0, 0x58, 0x74, 0x14, 0x87, 0xe6, 0xa, 0xc,
    0x81, 0x41, 0xfe, 0x50, 0x10, 0x90, 0xa0, 0xff,
    0xe0, 0x41, 0x20, 0xc3, 0xff, 0x91, 0x81, 0x2,
    0x1f, 0xfc, 0x24, 0x8, 0x76, 0x1f, 0xfc, 0x2c,
    0x3f, 0xff, 0xe1, 0xff, 0xd1, 0xc3, 0xff, 0x85,
    0x87, 0x20, 0x43, 0xff, 0x84, 0x81, 0x6, 0x1f,
    0xfc, 0x8c, 0x8, 0x50, 0x7f, 0xf0, 0x20, 0x90,
    0x90, 0x28, 0x3f, 0xca, 0x2, 0x1a, 0xa, 0x43,
    0xf3, 0x5, 0x7, 0x61, 0x50, 0x3d, 0x40, 0xb0,
    0xfb, 0x9, 0xff, 0x21, 0x61, 0xfd, 0xa1, 0xfe,
    0x70, 0xff, 0xae, 0x43, 0x37, 0x7, 0x80,

    /* U+00D6 "Ö" */
    0xf, 0x96, 0xc, 0xb0, 0x7f, 0xf0, 0xaa, 0x40,
    0xd4, 0x1f, 0xff, 0x2f, 0x90, 0x3f, 0x7, 0xff,
    0xcd, 0xbf, 0x48, 0x7f, 0xf0, 0xae, 0x43, 0x37,
    0x7, 0xfd, 0xa1, 0xfe, 0x70, 0xfe, 0xc2, 0x7f,
    0xc8, 0x58, 0x7d, 0x85, 0x40, 0xf5, 0x2, 0xc3,
    0xa0, 0xa4, 0x3f, 0x30, 0x50, 0x64, 0xa, 0xf,
    0xf2, 0x80, 0x84, 0x85, 0x7, 0xff, 0x2, 0x9,
    0x6, 0x1f, 0xfc, 0x8c, 0x8, 0x10, 0xff, 0xe1,
    0x20, 0x43, 0xb0, 0xff, 0xe1, 0x61, 0xff, 0xff,
    0xf, 0xfe, 0x8e, 0x1f, 0xfc, 0x2c, 0x39, 0x2,
    0x1f, 0xfc, 0x24, 0x8, 0x30, 0xff, 0xe4, 0x60,
    0x42, 0x83, 0xff, 0x81, 0x4, 0x84, 0x81, 0x41,
    0xfe, 0x50, 0x10, 0xd0, 0x52, 0x1f, 0x98, 0x28,
    0x3b, 0xa, 0x81, 0xea, 0x5, 0x87, 0xd8, 0x4f,
    0xf9, 0xb, 0xf, 0xed, 0xf, 0xf3, 0x87, 0xfd,
    0x72, 0x19, 0xb8, 0x3c,

    /* U+00D7 "×" */
    0xf, 0xfe, 0x4b, 0x87, 0xff, 0x5, 0xc2, 0x8c,
    0x3f, 0xe6, 0x30, 0x20, 0xc3, 0xf9, 0x81, 0x2,
    0xb, 0xf, 0x98, 0x12, 0x16, 0x16, 0x1c, 0xc0,
    0x50, 0x76, 0x16, 0x13, 0x1, 0x83, 0xec, 0x2c,
    0x60, 0x30, 0x7f, 0x61, 0x70, 0x18, 0x3f, 0xec,
    0x39, 0x83, 0xff, 0x83, 0x6, 0x83, 0xff, 0x85,
    0x6, 0xc3, 0xff, 0x83, 0x81, 0xb, 0xf, 0xfb,
    0x3, 0x61, 0x61, 0xfd, 0x81, 0x81, 0x85, 0x7,
    0xd8, 0x18, 0x36, 0x6, 0xe, 0xc2, 0x83, 0xd8,
    0x18, 0x2c, 0x2c, 0x3f, 0x60, 0x60, 0xec, 0x3f,
    0xd8, 0x76, 0xe1, 0xff, 0xc0, 0x98,

    /* U+00D8 "Ø" */
    0xf, 0xfe, 0x4a, 0x1f, 0xe6, 0xfd, 0x21, 0x9b,
    0xf, 0xae, 0x43, 0x37, 0x2, 0x10, 0xf6, 0x87,
    0xf9, 0xf0, 0x20, 0xec, 0x27, 0xfc, 0x87, 0x61,
    0xd8, 0x54, 0xf, 0x50, 0x3f, 0xa0, 0xa4, 0x3f,
    0xf8, 0x28, 0x64, 0xa, 0xf, 0xcc, 0x20, 0x82,
    0x42, 0x83, 0xfa, 0x28, 0x12, 0xc, 0x3f, 0xf8,
    0x18, 0xa1, 0x6, 0x4, 0x8, 0x7e, 0xc6, 0xe,
    0x43, 0xb0, 0xfa, 0x4, 0x16, 0x1f, 0xfc, 0x39,
    0x30, 0xff, 0xe3, 0xa8, 0xc3, 0xff, 0x8e, 0xc4,
    0x1f, 0xfc, 0x88, 0x50, 0x7f, 0xf0, 0xf0, 0xb1,
    0x83, 0xec, 0x39, 0x2, 0xc, 0x10, 0x7e, 0x40,
    0x83, 0xd, 0x3, 0xf, 0xfe, 0x6, 0x4, 0x2d,
    0x20, 0xfe, 0x82, 0x42, 0x43, 0x48, 0x7e, 0x50,
    0x10, 0xd0, 0x7f, 0xf0, 0x58, 0x28, 0x3f, 0xa8,
    0x1e, 0xa0, 0x58, 0x76, 0x1c, 0xff, 0x90, 0xb0,
    0xe8, 0x1e, 0x43, 0xfc, 0xe1, 0xe4, 0x81, 0x72,
    0x19, 0xb8, 0x3e, 0xe4, 0x33, 0x7e, 0x90, 0xfc,

    /* U+00D9 "Ù" */
    0xf, 0x3e, 0x83, 0xff, 0x88, 0xa1, 0xf, 0xfe,
    0x2c, 0xc, 0x3f, 0xf8, 0xb8, 0x20, 0xff, 0xe2,
    0xee, 0x1f, 0xfc, 0x69, 0xf, 0xfe, 0x8f, 0xc1,
    0xff, 0xc0, 0xf9, 0xf, 0xff, 0xf8, 0x7f, 0xff,
    0xc3, 0xff, 0xfe, 0x1f, 0xff, 0xf0, 0xff, 0xe3,
    0xa1, 0x90, 0xff, 0xe3, 0xe1, 0xfe, 0x43, 0x90,
    0x21, 0xfe, 0x80, 0x82, 0xa, 0xf, 0xc8, 0x58,
    0x48, 0x18, 0x3d, 0x40, 0x28, 0x28, 0x27, 0xeb,
    0xc8, 0x50, 0x76, 0x87, 0x21, 0x9c, 0x3e, 0xb9,
    0xe, 0x78, 0x30,

    /* U+00DA "Ú" */
    0xf, 0xf3, 0xe8, 0x3f, 0xf8, 0x90, 0xc1, 0xff,
    0xc3, 0xc1, 0x7, 0xff, 0xd, 0x6, 0x1f, 0xfc,
    0x57, 0xf, 0xfe, 0x2b, 0x7, 0xff, 0x4f, 0xe0,
    0xff, 0xe0, 0x7c, 0x87, 0xff, 0xfc, 0x3f, 0xff,
    0xe1, 0xff, 0xff, 0xf, 0xff, 0xf8, 0x7f, 0xf1,
    0xd0, 0xc8, 0x7f, 0xf1, 0xf0, 0xff, 0x21, 0xc8,
    0x10, 0xff, 0x40, 0x41, 0x5, 0x7, 0xe4, 0x2c,
    0x24, 0xc, 0x1e, 0xa0, 0x14, 0x14, 0x13, 0xf5,
    0xe4, 0x28, 0x3b, 0x43, 0x90, 0xce, 0x1f, 0x5c,
    0x87, 0x3c, 0x18,

    /* U+00DB "Û" */
    0xf, 0xdf, 0x83, 0xff, 0x87, 0x6, 0x83, 0xff,
    0x82, 0xa3, 0xc2, 0x83, 0xff, 0x81, 0x10, 0x32,
    0x43, 0xfc, 0xa9, 0xb, 0x43, 0xfe, 0x64, 0x3a,
    0x43, 0xff, 0x9d, 0xf0, 0x7f, 0xf0, 0x3e, 0x43,
    0xff, 0xfe, 0x1f, 0xff, 0xf0, 0xff, 0xff, 0x87,
    0xff, 0xfc, 0x3f, 0xf8, 0xe8, 0x64, 0x3f, 0xf8,
    0xf8, 0x7f, 0x90, 0xe4, 0x8, 0x7f, 0xa0, 0x20,
    0x82, 0x83, 0xf2, 0x16, 0x12, 0x6, 0xf, 0x50,
    0xa, 0xa, 0x9, 0xfa, 0xf2, 0x14, 0x1d, 0xa1,
    0xc8, 0x67, 0xf, 0xae, 0x43, 0x9e, 0xc,

    /* U+00DC "Ü" */
    0xe, 0x58, 0x32, 0xc1, 0xfe, 0xea, 0x3, 0x50,
    0x7f, 0xf9, 0xaf, 0x40, 0x7e, 0xf, 0xff, 0x17,
    0xc1, 0xff, 0xc0, 0xf9, 0xf, 0xff, 0xf8, 0x7f,
    0xff, 0xc3, 0xff, 0xfe, 0x1f, 0xff, 0xf0, 0xff,
    0xe3, 0xa1, 0x90, 0xff, 0xe3, 0xe1, 0xfe, 0x43,
    0x90, 0x21, 0xfe, 0x80, 0x82, 0xa, 0xf, 0xc8,
    0x58, 0x48, 0x18, 0x3d, 0x40, 0x28, 0x28, 0x27,
    0xeb, 0xc8, 0x50, 0x76, 0x87, 0x21, 0x9c, 0x3e,
    0xb9, 0xe, 0x78, 0x30,

    /* U+00DD "Ý" */
    0xf, 0xfe, 0x5, 0x10, 0xff, 0xe3, 0x4b, 0x7,
    0xff, 0x15, 0x44, 0x1f, 0xfc, 0x68, 0x50, 0x7f,
    0xf1, 0x71, 0x83, 0xff, 0x8d, 0xe8, 0x3f, 0xfa,
    0xb7, 0xc1, 0xff, 0xc0, 0xbe, 0x4, 0x12, 0x1f,
    0xe5, 0x3, 0xa, 0x4, 0x1f, 0xe8, 0x8, 0x64,
    0x28, 0x3f, 0x41, 0x41, 0xd8, 0x14, 0x1f, 0x20,
    0x83, 0xe8, 0x10, 0x7b, 0x2, 0x83, 0xe4, 0x28,
    0x32, 0x14, 0x1f, 0xd8, 0x14, 0x14, 0x8, 0x3f,
    0xe4, 0x10, 0x20, 0x28, 0x3f, 0xe8, 0x29, 0x40,
    0x83, 0xff, 0x83, 0x1, 0x81, 0x7, 0xff, 0x9,
    0x41, 0x94, 0x1f, 0xfc, 0x38, 0x34, 0x1f, 0xfc,
    0x54, 0x8, 0x7f, 0xff, 0xc3, 0xff, 0xfe, 0x1f,
    0xff, 0xf0, 0xff, 0xe7, 0x0,

    /* U+00DE "Þ" */
    0xfa, 0xf, 0xff, 0xf8, 0x67, 0xfd, 0x21, 0xff,
    0xc2, 0x6d, 0xf, 0xfe, 0x1c, 0x86, 0x7f, 0xc8,
    0x50, 0x7f, 0xd4, 0x9, 0xf, 0xf9, 0xb, 0xf,
    0xfe, 0x2, 0x1f, 0xfd, 0x34, 0x3f, 0xfa, 0x50,
    0x50, 0x7f, 0x3a, 0x1f, 0x3f, 0xd0, 0x6c, 0x3f,
    0xf8, 0x2e, 0x1f, 0xcb, 0x5c, 0x1e, 0x7e, 0xa9,
    0xf, 0xff, 0xc8,

    /* U+00DF "ß" */
    0xd, 0x7e, 0x90, 0xfd, 0x68, 0x66, 0xc3, 0xd2,
    0x12, 0xc1, 0x61, 0x94, 0xb, 0xab, 0x9, 0xb,
    0x2, 0x83, 0xb0, 0x41, 0x20, 0x83, 0xff, 0x94,
    0xc1, 0xff, 0xc2, 0xe4, 0x50, 0x7f, 0xb0, 0x3d,
    0x3, 0xf9, 0x3, 0x7, 0xff, 0x3, 0x4, 0x1f,
    0xfd, 0x58, 0x3f, 0xf8, 0x38, 0x18, 0x3f, 0xf8,
    0xa, 0x3, 0xa1, 0xff, 0x48, 0x54, 0xf, 0xfa,
    0x81, 0x30, 0x7f, 0xce, 0x81, 0x83, 0xff, 0x81,
    0x40, 0x21, 0xff, 0xc1, 0x43, 0xff, 0xbe, 0x87,
    0xa0, 0xfe, 0xbd, 0x56, 0x82, 0xf, 0xe5, 0x82,
    0x90, 0xf2, 0x1e, 0x74, 0x0,

    /* U+00E0 "à" */
    0x9, 0xa0, 0x7f, 0xf0, 0x96, 0xc3, 0xff, 0x85,
    0x82, 0xf, 0xfe, 0x14, 0x30, 0x7f, 0xf0, 0x58,
    0x50, 0x7f, 0xf0, 0x54, 0x41, 0xff, 0xc2, 0xa2,
    0x83, 0xff, 0x84, 0xc8, 0x7f, 0xf3, 0xdb, 0xfa,
    0xf, 0xae, 0x43, 0x9e, 0xf, 0xe5, 0xc1, 0x30,
    0x75, 0xea, 0xdc, 0x4, 0x34, 0x87, 0xcc, 0x8,
    0x3f, 0xf8, 0x28, 0x10, 0xff, 0xe5, 0xdf, 0xf0,
    0x7d, 0x68, 0x7f, 0xf0, 0x74, 0x26, 0xb8, 0x39,
    0xb, 0xd2, 0xf0, 0x74, 0x8, 0x3f, 0xf8, 0x88,
    0x7f, 0xf3, 0x10, 0xfc, 0x87, 0xd0, 0x72, 0x8,
    0x39, 0xc3, 0xd0, 0x5e, 0xa7, 0xa, 0xe, 0x83,
    0x28, 0xc, 0x1e, 0x74, 0x33, 0x40, 0xe0,

    /* U+00E1 "á" */
    0xf, 0xfa, 0x88, 0x7f, 0xf0, 0x75, 0x83, 0xff,
    0x81, 0x2, 0xf, 0xfe, 0x2, 0x89, 0xf, 0xfe,
    0x4, 0x28, 0x3f, 0xf8, 0x18, 0xc1, 0xff, 0xc0,
    0x55, 0x3, 0xff, 0x82, 0xc8, 0x7f, 0xf4, 0x5b,
    0xfa, 0xf, 0xae, 0x43, 0x9e, 0xf, 0xe5, 0xc1,
    0x30, 0x75, 0xea, 0xdc, 0x4, 0x34, 0x87, 0xcc,
    0x8, 0x3f, 0xf8, 0x28, 0x10, 0xff, 0xe5, 0xdf,
    0xf0, 0x7d, 0x68, 0x7f, 0xf0, 0x74, 0x26, 0xb8,
    0x39, 0xb, 0xd2, 0xf0, 0x74, 0x8, 0x3f, 0xf8,
    0x88, 0x7f, 0xf3, 0x10, 0xfc, 0x87, 0xd0, 0x72,
    0x8, 0x39, 0xc3, 0xd0, 0x5e, 0xa7, 0xa, 0xe,
    0x83, 0x28, 0xc, 0x1e, 0x74, 0x33, 0x40, 0xe0,

    /* U+00E2 "â" */
    0xf, 0x99, 0xf, 0xfe, 0xb, 0x32, 0x1f, 0xfc,
    0x8, 0x28, 0x3f, 0xe8, 0x1a, 0x41, 0xfc, 0xa3,
    0x21, 0x41, 0xfa, 0x20, 0xa2, 0xf, 0xcc, 0x84,
    0xca, 0xf, 0xa4, 0x39, 0x90, 0xff, 0xe6, 0x37,
    0xf4, 0x1f, 0x5c, 0x87, 0x3c, 0x1f, 0xcb, 0x82,
    0x60, 0xeb, 0xd5, 0xb8, 0x8, 0x69, 0xf, 0x98,
    0x10, 0x7f, 0xf0, 0x50, 0x21, 0xff, 0xcb, 0xbf,
    0xe0, 0xfa, 0xd0, 0xff, 0xe0, 0xe8, 0x4d, 0x70,
    0x72, 0x17, 0xa5, 0xe0, 0xe8, 0x10, 0x7f, 0xf1,
    0x10, 0xff, 0xe6, 0x21, 0xf9, 0xf, 0xa0, 0xe4,
    0x10, 0x73, 0x87, 0xa0, 0xbd, 0x4e, 0x14, 0x1d,
    0x6, 0x50, 0x18, 0x3c, 0xe8, 0x66, 0x81, 0xc0,

    /* U+00E3 "ã" */
    0xe, 0xf4, 0x1b, 0xc1, 0xf6, 0x7, 0x2, 0x1f,
    0x90, 0x69, 0x98, 0x87, 0xb2, 0x20, 0x69, 0x7,
    0xfd, 0xa0, 0x83, 0xeb, 0x42, 0xbc, 0x87, 0xff,
    0x79, 0xbf, 0xa0, 0xfa, 0xe4, 0x39, 0xe0, 0xfe,
    0x5c, 0x13, 0x7, 0x5e, 0xad, 0xc0, 0x43, 0x48,
    0x7c, 0xc0, 0x83, 0xff, 0x82, 0x81, 0xf, 0xfe,
    0x5d, 0xff, 0x7, 0xd6, 0x87, 0xff, 0x7, 0x42,
    0x6b, 0x83, 0x90, 0xbd, 0x2f, 0x7, 0x40, 0x83,
    0xff, 0x88, 0x87, 0xff, 0x31, 0xf, 0xc8, 0x7d,
    0x7, 0x20, 0x83, 0x9c, 0x3d, 0x5, 0xea, 0x70,
    0xa0, 0xe8, 0x32, 0x80, 0xc1, 0xe7, 0x43, 0x34,
    0xe,

    /* U+00E4 "ä" */
    0xd, 0xf0, 0x5f, 0x21, 0xff, 0xdd, 0xa8, 0x2a,
    0x90, 0xf9, 0x60, 0x96, 0xf, 0xfe, 0xf3, 0x7f,
    0x41, 0xf5, 0xc8, 0x73, 0xc1, 0xfc, 0xb8, 0x26,
    0xe, 0xbd, 0x5b, 0x80, 0x86, 0x90, 0xf9, 0x81,
    0x7, 0xff, 0x5, 0x2, 0x1f, 0xfc, 0xbb, 0xfe,
    0xf, 0xad, 0xf, 0xfe, 0xe, 0x84, 0xd7, 0x7,
    0x21, 0x7a, 0x5e, 0xe, 0x81, 0x7, 0xff, 0x11,
    0xf, 0xfe, 0x62, 0x1f, 0x90, 0xfa, 0xe, 0x41,
    0x7, 0x38, 0x7a, 0xb, 0xd4, 0xe1, 0x41, 0xd0,
    0x65, 0x1, 0x83, 0xce, 0x86, 0x68, 0x1c,

    /* U+00E5 "å" */
    0xf, 0xfe, 0x5b, 0xf4, 0x1f, 0xf5, 0x2, 0x70,
    0xfe, 0x51, 0x78, 0x10, 0x7e, 0xc9, 0x6, 0x21,
    0xf9, 0x10, 0xff, 0xe1, 0x22, 0x1f, 0xfc, 0x2c,
    0x91, 0xc4, 0x3f, 0x28, 0xb8, 0x10, 0x7f, 0x50,
    0x27, 0xf, 0xf9, 0xfa, 0xf, 0xfe, 0x7b, 0x7f,
    0x41, 0xf5, 0xc8, 0x73, 0xc1, 0xfc, 0xb8, 0x26,
    0xe, 0xbd, 0x5b, 0x80, 0x86, 0x90, 0xf9, 0x81,
    0x7, 0xff, 0x5, 0x2, 0x1f, 0xfc, 0xbb, 0xfe,
    0xf, 0xad, 0xf, 0xfe, 0xe, 0x84, 0xd7, 0x7,
    0x21, 0x7a, 0x5e, 0xe, 0x81, 0x7, 0xff, 0x11,
    0xf, 0xfe, 0x62, 0x1f, 0x90, 0xfa, 0xe, 0x41,
    0x7, 0x38, 0x7a, 0xb, 0xd4, 0xe1, 0x41, 0xd0,
    0x65, 0x1, 0x83, 0xce, 0x86, 0x68, 0x1c,

    /* U+00E6 "æ" */
    0xc, 0xdf, 0xd0, 0x79, 0xbf, 0x41, 0xf5, 0xc8,
    0x73, 0xc0, 0x79, 0xc, 0xf0, 0x7f, 0x2e, 0x9,
    0x98, 0x25, 0x82, 0x60, 0xeb, 0xd5, 0xb8, 0xc,
    0xb, 0xab, 0x80, 0xa0, 0xa4, 0x3e, 0x60, 0xd2,
    0x1c, 0xc0, 0x83, 0xff, 0x82, 0x84, 0xa0, 0xf9,
    0x41, 0xff, 0xc7, 0xc3, 0xfb, 0x2, 0x1d, 0x7f,
    0xc1, 0x97, 0xfb, 0x6, 0x15, 0xa1, 0xfe, 0xaf,
    0xf2, 0x1d, 0xa1, 0x35, 0xc1, 0xff, 0xc6, 0x42,
    0xf4, 0xbc, 0x17, 0xff, 0xf0, 0x62, 0x4, 0x1f,
    0xfd, 0x14, 0x3f, 0xe8, 0x3f, 0xf9, 0xa8, 0x48,
    0x7f, 0xf1, 0x50, 0xfa, 0xd, 0x7, 0xff, 0x5,
    0x4, 0x1c, 0xe0, 0x80, 0xc1, 0xf3, 0x60, 0x82,
    0xf5, 0x38, 0x13, 0x1, 0xf5, 0x6e, 0x43, 0x41,
    0x94, 0x16, 0x8e, 0x19, 0x70, 0x48, 0x4e, 0x86,
    0x6c, 0x3b, 0x90, 0xe6, 0xe0,

    /* U+00E7 "ç" */
    0xf, 0x37, 0xe9, 0xf, 0x3c, 0x86, 0x6c, 0x35,
    0x3, 0x2c, 0x1e, 0x50, 0x1f, 0x55, 0xc8, 0x50,
    0x18, 0x3c, 0xc0, 0x82, 0x83, 0xfe, 0x41, 0x7,
    0xff, 0xd, 0xf, 0xff, 0xf8, 0x64, 0x3f, 0xf8,
    0x8, 0x20, 0xff, 0xe0, 0x41, 0x41, 0xff, 0xc0,
    0x80, 0xc1, 0xe6, 0x9, 0x40, 0x7d, 0x57, 0x21,
    0xa4, 0x32, 0xc1, 0xfa, 0xe0, 0xe6, 0xc3, 0xe7,
    0xd0, 0xc8, 0x7f, 0xc8, 0x87, 0xff, 0x9, 0x20,
    0xfe, 0x42, 0x43, 0xfe, 0xbe, 0x6, 0x1f, 0xfc,
    0x29, 0xf, 0xef, 0xe4, 0x30,

    /* U+00E8 "è" */
    0xc, 0xd0, 0x3f, 0xf8, 0x6b, 0x61, 0xff, 0xc3,
    0x81, 0x7, 0xff, 0x9, 0x85, 0x7, 0xff, 0x9,
    0x44, 0x1f, 0xfc, 0x39, 0x30, 0xff, 0xe1, 0xd1,
    0x41, 0xff, 0xc3, 0x64, 0x3f, 0xfa, 0x4f, 0xf4,
    0x1f, 0xcf, 0x7, 0x3a, 0x1e, 0xa0, 0x4b, 0x5,
    0x40, 0xca, 0x5, 0xd5, 0xc0, 0x50, 0x50, 0x34,
    0x39, 0x81, 0x1, 0x2, 0x1f, 0x90, 0xe8, 0x10,
    0x7f, 0x20, 0x43, 0x2f, 0xf8, 0x3f, 0x57, 0xf9,
    0x6, 0x1f, 0xfc, 0xaf, 0xff, 0xe0, 0xc1, 0xff,
    0xca, 0x43, 0xff, 0x84, 0x82, 0xf, 0xfe, 0x14,
    0x14, 0x1f, 0xfc, 0x28, 0xc, 0x1f, 0x36, 0x12,
    0x80, 0xfa, 0xaf, 0x48, 0x75, 0x3, 0x2c, 0x19,
    0xe, 0x79, 0xe, 0x6e, 0x0,

    /* U+00E9 "é" */
    0xf, 0xfe, 0x5, 0x10, 0xff, 0xe1, 0x6b, 0x7,
    0xff, 0x7, 0x6, 0x1f, 0xfc, 0x18, 0x10, 0x7f,
    0xf0, 0x54, 0x48, 0x7f, 0xf0, 0x61, 0x41, 0xff,
    0xc1, 0x55, 0x3, 0xff, 0x84, 0xc8, 0x7f, 0xf5,
    0x1f, 0xe8, 0x3f, 0x9e, 0xe, 0x74, 0x3d, 0x40,
    0x96, 0xa, 0x81, 0x94, 0xb, 0xab, 0x80, 0xa0,
    0xa0, 0x68, 0x73, 0x2, 0x2, 0x4, 0x3f, 0x21,
    0xd0, 0x20, 0xfe, 0x40, 0x86, 0x5f, 0xf0, 0x7e,
    0xaf, 0xf2, 0xc, 0x3f, 0xf9, 0x5f, 0xff, 0xc1,
    0x83, 0xff, 0x94, 0x87, 0xff, 0x9, 0x4, 0x1f,
    0xfc, 0x28, 0x28, 0x3f, 0xf8, 0x50, 0x18, 0x3e,
    0x6c, 0x25, 0x1, 0xf5, 0x5e, 0x90, 0xea, 0x6,
    0x58, 0x32, 0x1c, 0xf2, 0x1c, 0xdc, 0x0,

    /* U+00EA "ê" */
    0xf, 0xcc, 0x87, 0xff, 0x9, 0x99, 0xf, 0xfe,
    0xc, 0x14, 0x1f, 0xfc, 0x8, 0x18, 0x20, 0xff,
    0x28, 0xcc, 0x50, 0x7f, 0x44, 0x14, 0x41, 0xfc,
    0xc8, 0x4c, 0x87, 0xf4, 0x87, 0x30, 0x7f, 0xf4,
    0x1f, 0xe8, 0x3f, 0x9e, 0xe, 0x74, 0x3d, 0x40,
    0x96, 0xa, 0x81, 0x94, 0xb, 0xab, 0x80, 0xa0,
    0xa0, 0x68, 0x73, 0x2, 0x2, 0x4, 0x3f, 0x21,
    0xd0, 0x20, 0xfe, 0x40, 0x86, 0x5f, 0xf0, 0x7e,
    0xaf, 0xf2, 0xc, 0x3f, 0xf9, 0x5f, 0xff, 0xc1,
    0x83, 0xff, 0x94, 0x87, 0xff, 0x9, 0x4, 0x1f,
    0xfc, 0x28, 0x28, 0x3f, 0xf8, 0x50, 0x18, 0x3e,
    0x6c, 0x25, 0x1, 0xf5, 0x5e, 0x90, 0xea, 0x6,
    0x58, 0x32, 0x1c, 0xf2, 0x1c, 0xdc, 0x0,

    /* U+00EB "ë" */
    0xc, 0xfc, 0x17, 0xc8, 0x7f, 0xf7, 0xda, 0x82,
    0xa9, 0xf, 0xcb, 0x4, 0xb0, 0x7f, 0xf8, 0x9f,
    0xe8, 0x3f, 0x9e, 0xe, 0x74, 0x3d, 0x40, 0x96,
    0xa, 0x81, 0x94, 0xb, 0xab, 0x80, 0xa0, 0xa0,
    0x68, 0x73, 0x2, 0x2, 0x4, 0x3f, 0x21, 0xd0,
    0x20, 0xfe, 0x40, 0x86, 0x5f, 0xf0, 0x7e, 0xaf,
    0xf2, 0xc, 0x3f, 0xf9, 0x5f, 0xff, 0xc1, 0x83,
    0xff, 0x94, 0x87, 0xff, 0x9, 0x4, 0x1f, 0xfc,
    0x28, 0x28, 0x3f, 0xf8, 0x50, 0x18, 0x3e, 0x6c,
    0x25, 0x1, 0xf5, 0x5e, 0x90, 0xea, 0x6, 0x58,
    0x32, 0x1c, 0xf2, 0x1c, 0xdc, 0x0,

    /* U+00EC "ì" */
    0x7d, 0x6, 0x50, 0xa0, 0xd2, 0x41, 0xd0, 0x30,
    0xec, 0x10, 0x76, 0x28, 0x3b, 0xc8, 0x7f, 0xf0,
    0x3e, 0xf, 0xff, 0xf8, 0x7f, 0xfe, 0x80,

    /* U+00ED "í" */
    0xd, 0x7a, 0xc, 0xa1, 0x83, 0x40, 0x83, 0x60,
    0xc3, 0x40, 0xc3, 0x28, 0xc3, 0x9f, 0x7, 0xff,
    0x13, 0xe0, 0xff, 0xff, 0x87, 0xff, 0xfc, 0x3f,
    0xf8, 0xa0,

    /* U+00EE "î" */
    0xd, 0xf0, 0x7d, 0x5, 0x87, 0x92, 0x2, 0x1b,
    0x15, 0x10, 0x50, 0x21, 0x44, 0x4, 0xc2, 0x85,
    0x1e, 0xe, 0xf2, 0x1f, 0xfc, 0x3f, 0x83, 0xff,
    0xfe, 0x1f, 0xff, 0xf0, 0xff, 0xf4, 0x0,

    /* U+00EF "ï" */
    0x3e, 0xb, 0xe4, 0x3f, 0xf9, 0x75, 0x5, 0x52,
    0x2c, 0x12, 0xc1, 0xff, 0xcf, 0xf8, 0x3f, 0xff,
    0xe1, 0xff, 0xff, 0xf, 0xff, 0x40,

    /* U+00F0 "ð" */
    0xd, 0x7c, 0x1e, 0x43, 0xe9, 0x6, 0x6, 0xe4,
    0x3e, 0x90, 0x7a, 0x54, 0x87, 0xca, 0xd, 0x72,
    0x1c, 0xfa, 0x10, 0xb0, 0xff, 0x3e, 0xb0, 0x30,
    0x7c, 0xf0, 0x6c, 0xa, 0xf, 0xe6, 0xf8, 0x29,
    0xf, 0xa8, 0x87, 0xd0, 0x7b, 0x42, 0x58, 0x34,
    0x1a, 0xa, 0xea, 0xf0, 0x10, 0xc8, 0x24, 0x3c,
    0x82, 0x4, 0x5, 0x7, 0xd8, 0x10, 0x20, 0xc3,
    0xf2, 0x1f, 0x90, 0xff, 0xe9, 0x21, 0xff, 0xe9,
    0x43, 0x21, 0xff, 0xc2, 0x41, 0x7, 0xe8, 0x3a,
    0x9, 0xf, 0x90, 0x41, 0x20, 0x90, 0xce, 0x5,
    0x5, 0x20, 0xba, 0x70, 0x50, 0x74, 0x84, 0xa0,
    0xd8, 0x7d, 0x68, 0x66, 0xc3, 0x0,

    /* U+00F1 "ñ" */
    0xf, 0xfe, 0x3b, 0xf2, 0x17, 0x83, 0xd0, 0x54,
    0x10, 0xf9, 0x7, 0xf, 0x10, 0x76, 0x43, 0x84,
    0xa0, 0xeb, 0x42, 0xfa, 0xf, 0xfe, 0xc7, 0xc1,
    0x5f, 0x90, 0xfc, 0xe8, 0x6b, 0xf, 0x30, 0x14,
    0x1b, 0xe, 0x8b, 0xa7, 0x4, 0x87, 0x68, 0x65,
    0x3, 0xc, 0x87, 0xd0, 0x10, 0xd0, 0x7f, 0xff,
    0xc3, 0xff, 0xfe, 0x1f, 0xfe, 0xa0,

    /* U+00F2 "ò" */
    0xc, 0xc8, 0x7f, 0xf0, 0xf6, 0x81, 0xff, 0xc2,
    0x91, 0x41, 0xff, 0xc2, 0x81, 0x7, 0xff, 0xf,
    0x6, 0x1f, 0xfc, 0x3c, 0x10, 0x7f, 0xf0, 0xf7,
    0xf, 0xfe, 0x24, 0x87, 0xff, 0x49, 0xbf, 0x48,
    0x7f, 0x51, 0xc, 0xd8, 0x7d, 0xa1, 0x28, 0x36,
    0x1d, 0x5, 0x74, 0xe0, 0xb0, 0xc8, 0x24, 0x33,
    0x84, 0x82, 0x2, 0x83, 0xe4, 0x10, 0x10, 0x61,
    0xfa, 0xf, 0xc8, 0x7f, 0xf4, 0x90, 0xff, 0xf4,
    0xa1, 0x90, 0xff, 0xe1, 0x20, 0xc3, 0xf4, 0x1d,
    0x1, 0x41, 0xf2, 0x8, 0x24, 0x12, 0x1d, 0x84,
    0x85, 0x5, 0x74, 0xf0, 0x58, 0x76, 0x84, 0xa0,
    0xd8, 0x7d, 0x44, 0x33, 0x61, 0x80,

    /* U+00F3 "ó" */
    0xf, 0xf9, 0xa0, 0x7f, 0xf0, 0x99, 0xf, 0xfe,
    0x1c, 0x8, 0x3f, 0xf8, 0x38, 0x30, 0xff, 0xe0,
    0xc0, 0xc3, 0xff, 0x82, 0xa3, 0xf, 0xfe, 0x1b,
    0x7, 0xff, 0xd, 0x90, 0xff, 0xe9, 0xb7, 0xe9,
    0xf, 0xea, 0x21, 0x9b, 0xf, 0xb4, 0x25, 0x6,
    0xc3, 0xa0, 0xae, 0x9c, 0x16, 0x19, 0x4, 0x86,
    0x70, 0x90, 0x40, 0x50, 0x7c, 0x82, 0x2, 0xc,
    0x3f, 0x41, 0xf9, 0xf, 0xfe, 0x92, 0x1f, 0xfe,
    0x94, 0x32, 0x1f, 0xfc, 0x24, 0x18, 0x7e, 0x83,
    0xa0, 0x28, 0x3e, 0x41, 0x4, 0x82, 0x43, 0xb0,
    0x90, 0xa0, 0xae, 0x9e, 0xb, 0xe, 0xd0, 0x94,
    0x1b, 0xf, 0xa8, 0x86, 0x6c, 0x30,

    /* U+00F4 "ô" */
    0xf, 0xd4, 0xf, 0xfe, 0x1c, 0xac, 0x3f, 0xf8,
    0x2a, 0xa, 0xf, 0xfe, 0x4, 0x58, 0xa0, 0xff,
    0x42, 0x88, 0x83, 0xf9, 0x44, 0x5, 0x10, 0x7f,
    0x38, 0x69, 0xc3, 0xf3, 0x7, 0xa4, 0x3f, 0xf9,
    0xed, 0xfa, 0x43, 0xfa, 0x88, 0x66, 0xc3, 0xed,
    0x9, 0x41, 0xb0, 0xe8, 0x2b, 0xa7, 0x5, 0x86,
    0x41, 0x21, 0x9c, 0x24, 0x10, 0x14, 0x1f, 0x20,
    0x80, 0x83, 0xf, 0xd0, 0x7e, 0x43, 0xff, 0xa4,
    0x87, 0xff, 0xa5, 0xc, 0x87, 0xff, 0x9, 0x6,
    0x1f, 0xa0, 0xe8, 0xa, 0xf, 0x90, 0x41, 0x20,
    0x90, 0xec, 0x24, 0x28, 0x2b, 0xa7, 0x82, 0xc3,
    0xb4, 0x25, 0x6, 0xc3, 0xea, 0x21, 0x9b, 0xc,

    /* U+00F5 "õ" */
    0xe, 0xbc, 0x85, 0x68, 0x7c, 0xa0, 0x48, 0x7f,
    0xf0, 0x22, 0x84, 0xb0, 0x87, 0xf2, 0xa2, 0x82,
    0x1f, 0xfc, 0x6, 0x3, 0x7, 0xef, 0x4, 0xfa,
    0xf, 0xff, 0x13, 0x7e, 0x90, 0xfe, 0xa2, 0x19,
    0xb0, 0xfb, 0x42, 0x50, 0x6c, 0x3a, 0xa, 0xe9,
    0xc1, 0x61, 0x90, 0x48, 0x67, 0x9, 0x4, 0x5,
    0x7, 0xc8, 0x20, 0x20, 0xc3, 0xf4, 0x1f, 0x90,
    0xff, 0xe9, 0x21, 0xff, 0xe9, 0x43, 0x21, 0xff,
    0xc2, 0x41, 0x87, 0xe8, 0x3a, 0x2, 0x83, 0xe4,
    0x10, 0x48, 0x24, 0x3b, 0x9, 0xa, 0xa, 0xe9,
    0xe0, 0xb0, 0xed, 0x9, 0x41, 0xb0, 0xfa, 0x88,
    0x66, 0xc3, 0x0,

    /* U+00F6 "ö" */
    0xd, 0x7a, 0x3, 0xf0, 0x7f, 0xf8, 0x2b, 0x1,
    0xa8, 0x3f, 0x94, 0x19, 0x60, 0xff, 0xf0, 0xb7,
    0xe9, 0xf, 0xea, 0x21, 0x9b, 0xf, 0xb4, 0x25,
    0x6, 0xc3, 0xa0, 0xae, 0x9c, 0x16, 0x19, 0x4,
    0x86, 0x70, 0x90, 0x40, 0x50, 0x7c, 0x82, 0x2,
    0xc, 0x3f, 0x41, 0xf9, 0xf, 0xfe, 0x92, 0x1f,
    0xfe, 0x94, 0x32, 0x1f, 0xfc, 0x24, 0x18, 0x7e,
    0x83, 0xa0, 0x28, 0x3e, 0x41, 0x4, 0x82, 0x43,
    0xb0, 0x90, 0xa0, 0xae, 0x9e, 0xb, 0xe, 0xd0,
    0x94, 0x1b, 0xf, 0xa8, 0x86, 0x6c, 0x30,

    /* U+00F7 "÷" */
    0xf, 0xef, 0xc1, 0xff, 0xff, 0xf, 0xef, 0xc1,
    0xff, 0xe9, 0xbf, 0xff, 0x90, 0x1f, 0xfc, 0xbc,
    0x3f, 0xf9, 0x2f, 0xff, 0xf2, 0x3, 0xff, 0xa9,
    0xf8, 0x3f, 0xff, 0xe1, 0xfd, 0xf8, 0x3f, 0x80,

    /* U+00F8 "ø" */
    0xf, 0xfe, 0xbe, 0x1f, 0x37, 0xe9, 0x6, 0x41,
    0xd4, 0x43, 0x37, 0x2, 0xd, 0xa1, 0x28, 0x32,
    0x61, 0xa0, 0xae, 0x9e, 0xf, 0xe4, 0x12, 0x1f,
    0xc8, 0x50, 0x48, 0x76, 0x20, 0x82, 0x41, 0x7,
    0x43, 0x7, 0xf2, 0x1a, 0x48, 0x3f, 0xf8, 0x4a,
    0x30, 0xe4, 0x3f, 0xa3, 0xf, 0xfe, 0x1e, 0x41,
    0xff, 0xc3, 0xc5, 0x7, 0xc8, 0x73, 0x2, 0xf,
    0xf9, 0x4, 0x98, 0x74, 0x1e, 0x83, 0x61, 0xe4,
    0x10, 0x64, 0x24, 0x33, 0x84, 0x86, 0x42, 0xba,
    0x70, 0x58, 0x6c, 0x8, 0x4a, 0xd, 0x86, 0x81,
    0xda, 0x19, 0xb0, 0xe8, 0xc2, 0xbf, 0x48, 0x7d,
    0x87, 0xff, 0x14,

    /* U+00F9 "ù" */
    0x9, 0x90, 0xff, 0xe1, 0x34, 0xf, 0xfe, 0x2,
    0x85, 0x7, 0xff, 0x2, 0x48, 0x3f, 0xf8, 0x30,
    0x30, 0xff, 0xe0, 0xe0, 0x83, 0xff, 0x83, 0xa1,
    0xff, 0xc3, 0xa0, 0x7f, 0xf2, 0xfe, 0xf, 0xef,
    0x83, 0xff, 0xfe, 0x1f, 0xff, 0xf0, 0xff, 0xed,
    0x21, 0xff, 0xc3, 0xc3, 0xe4, 0x3c, 0xa0, 0xd0,
    0x24, 0x33, 0x7, 0x21, 0x5d, 0x38, 0x83, 0xb0,
    0xca, 0x4, 0x87, 0xb4, 0x33, 0xa1, 0x80,

    /* U+00FA "ú" */
    0xf, 0xf3, 0x40, 0xff, 0xe0, 0x32, 0x83, 0xff,
    0x81, 0x3, 0xf, 0xfb, 0x6, 0x1f, 0xf4, 0xc,
    0x3f, 0xe5, 0x10, 0x7f, 0xf0, 0x59, 0xf, 0xfe,
    0x3, 0x21, 0xff, 0xcc, 0xf8, 0x3f, 0xbe, 0xf,
    0xff, 0xf8, 0x7f, 0xff, 0xc3, 0xff, 0xb4, 0x87,
    0xff, 0xf, 0xf, 0x90, 0xf2, 0x83, 0x40, 0x90,
    0xcc, 0x1c, 0x85, 0x74, 0xe2, 0xe, 0xc3, 0x28,
    0x12, 0x1e, 0xd0, 0xce, 0x86,

    /* U+00FB "û" */
    0xf, 0x99, 0xf, 0xfe, 0x5, 0x18, 0x3f, 0xe5,
    0x5, 0x7, 0xfa, 0x1c, 0x50, 0x7e, 0x81, 0x11,
    0x7, 0xca, 0x30, 0x28, 0x83, 0xe6, 0xd, 0x40,
    0xf9, 0x90, 0xe6, 0xf, 0xfe, 0x47, 0xc1, 0xfd,
    0xf0, 0x7f, 0xff, 0xc3, 0xff, 0xfe, 0x1f, 0xfd,
    0xa4, 0x3f, 0xf8, 0x78, 0x7c, 0x87, 0x94, 0x1a,
    0x4, 0x86, 0x60, 0xe4, 0x2b, 0xa7, 0x10, 0x76,
    0x19, 0x40, 0x90, 0xf6, 0x86, 0x74, 0x30,

    /* U+00FC "ü" */
    0xa, 0xf4, 0x7, 0xe0, 0xff, 0xed, 0x56, 0x3,
    0x50, 0x7c, 0xa0, 0xcb, 0x7, 0xff, 0x63, 0xe0,
    0xfe, 0xf8, 0x3f, 0xff, 0xe1, 0xff, 0xff, 0xf,
    0xfe, 0xd2, 0x1f, 0xfc, 0x3c, 0x3e, 0x43, 0xca,
    0xd, 0x2, 0x43, 0x30, 0x72, 0x15, 0xd3, 0x88,
    0x3b, 0xc, 0xa0, 0x48, 0x7b, 0x43, 0x3a, 0x18,

    /* U+00FD "ý" */
    0xf, 0xf9, 0xf8, 0x3f, 0xf8, 0x70, 0x30, 0xff,
    0xe1, 0x60, 0xc3, 0xff, 0x85, 0x3, 0xf, 0xfe,
    0x12, 0x88, 0x3f, 0xf8, 0x71, 0x21, 0xff, 0xc3,
    0xf2, 0x1f, 0xfd, 0xf, 0x90, 0xff, 0x7c, 0x90,
    0x30, 0xff, 0xe0, 0xa2, 0x4, 0x3f, 0xa0, 0x21,
    0x20, 0x43, 0xf2, 0x8, 0x28, 0x10, 0x7c, 0x87,
    0xff, 0x1b, 0x4, 0x1d, 0x2, 0xf, 0x20, 0x43,
    0x90, 0x21, 0xc8, 0x10, 0xf9, 0x2, 0x1a, 0x6,
    0x1f, 0x60, 0x83, 0xe4, 0x3e, 0x43, 0xd0, 0x10,
    0xfe, 0x81, 0x1, 0x4, 0x1f, 0xc8, 0x11, 0x2,
    0x1f, 0xf2, 0x6, 0x6, 0x1f, 0xf6, 0x8, 0x24,
    0x3f, 0xe4, 0x39, 0xf, 0xfe, 0xa, 0x1a, 0xf,
    0xfe, 0xc, 0x1f, 0xfc, 0xa8, 0x3f, 0xf8, 0xc8,
    0x7f, 0xf0, 0x90, 0x21, 0xff, 0xc3, 0x81, 0x7,
    0xff, 0x9, 0xf, 0xfe, 0x1d, 0x38, 0x10, 0x7f,
    0xcb, 0x4, 0xa0, 0xff, 0xe2, 0x50, 0x3f, 0xc0,

    /* U+00FE "þ" */
    0xf8, 0x3f, 0xff, 0xe1, 0xff, 0xe3, 0xbf, 0x21,
    0xfd, 0x68, 0x6b, 0xf, 0x94, 0x5, 0x6, 0xc3,
    0xd1, 0x74, 0xe0, 0xa0, 0xf4, 0x86, 0x60, 0x21,
    0xca, 0xf, 0x28, 0x10, 0x6c, 0x3f, 0x60, 0x43,
    0x21, 0xf9, 0xf, 0xff, 0xfa, 0x1f, 0x90, 0xfb,
    0xf, 0xd8, 0x10, 0xca, 0xf, 0x28, 0x10, 0x74,
    0x86, 0x60, 0x21, 0xd1, 0x74, 0xe0, 0xa0, 0xe5,
    0x1, 0x41, 0xb0, 0xfa, 0xd0, 0xd6, 0x1f, 0xeb,
    0xf2, 0x1f, 0xff, 0xf0, 0xff, 0xea, 0x0,

    /* U+00FF "ÿ" */
    0xe, 0xf9, 0x5, 0xe8, 0x3f, 0xfc, 0x75, 0x20,
    0xac, 0x1f, 0xcb, 0x6, 0x50, 0x7f, 0xf8, 0x3e,
    0x43, 0xfd, 0xf2, 0x40, 0xc3, 0xff, 0x82, 0x88,
    0x10, 0xfe, 0x80, 0x84, 0x81, 0xf, 0xc8, 0x20,
    0xa0, 0x41, 0xf2, 0x1f, 0xfc, 0x6c, 0x10, 0x74,
    0x8, 0x3c, 0x81, 0xe, 0x40, 0x87, 0x20, 0x43,
    0xe4, 0x8, 0x68, 0x18, 0x7d, 0x82, 0xf, 0x90,
    0xf9, 0xf, 0x40, 0x43, 0xfa, 0x4, 0x4, 0x10,
    0x7f, 0x20, 0x44, 0x8, 0x7f, 0xc8, 0x18, 0x18,
    0x7f, 0xd8, 0x20, 0x90, 0xff, 0x90, 0xe4, 0x3f,
    0xf8, 0x28, 0x68, 0x3f, 0xf8, 0x30, 0x7f, 0xf2,
    0xa0, 0xff, 0xe3, 0x21, 0xff, 0xc2, 0x40, 0x87,
    0xff, 0xe, 0x4, 0x1f, 0xfc, 0x24, 0x3f, 0xf8,
    0x74, 0xe0, 0x41, 0xff, 0x2c, 0x12, 0x83, 0xff,
    0x89, 0x40, 0xff, 0x0,

    /* U+0100 "Ā" */
    0xf, 0x97, 0xf8, 0x3f, 0xf8, 0x35, 0xfe, 0xf,
    0xfe, 0xc5, 0xff, 0xc1, 0xff, 0xf2, 0xbe, 0x43,
    0xff, 0x8c, 0x85, 0x87, 0xff, 0x15, 0xc, 0x87,
    0xff, 0x16, 0xe, 0x43, 0xff, 0x8f, 0x2, 0xf,
    0xfe, 0x1c, 0x5, 0x7, 0xff, 0x19, 0x6, 0x20,
    0x83, 0xff, 0x82, 0x84, 0x98, 0x10, 0xff, 0xe0,
    0xe0, 0x40, 0x87, 0xff, 0x11, 0x4, 0x12, 0x8,
    0x3f, 0xe4, 0x3e, 0xc0, 0x87, 0xfd, 0x2, 0xc,
    0x84, 0x87, 0xff, 0x5, 0xe, 0x41, 0x87, 0xf4,
    0x1f, 0xd0, 0x10, 0xfe, 0x41, 0x7, 0xf9, 0xf,
    0x90, 0x90, 0xfa, 0x4, 0x1f, 0x61, 0x7f, 0xe8,
    0x3f, 0xc8, 0x7f, 0xf0, 0xe0, 0xe4, 0x3f, 0xf8,
    0x88, 0x76, 0x7, 0xff, 0xe0, 0x90, 0xc8, 0x30,
    0xff, 0x90, 0x61, 0x21, 0x21, 0xff, 0x60, 0x42,
    0x80, 0x87, 0xff, 0x1, 0x9, 0xe, 0x83, 0xff,
    0x82, 0x83, 0x20, 0xff, 0xe2, 0xe0, 0x40,

    /* U+0101 "ā" */
    0x9, 0xff, 0xe4, 0x3f, 0xf9, 0x6d, 0x7f, 0x21,
    0xf2, 0xff, 0x7, 0xff, 0xbd, 0xbf, 0xa0, 0xfa,
    0xe4, 0x39, 0xe0, 0xfe, 0x5c, 0x13, 0x7, 0x5e,
    0xad, 0xc0, 0x43, 0x48, 0x7c, 0xc0, 0x83, 0xff,
    0x82, 0x81, 0xf, 0xfe, 0x5d, 0xff, 0x7, 0xd6,
    0x87, 0xff, 0x7, 0x42, 0x6b, 0x83, 0x90, 0xbd,
    0x2f, 0x7, 0x40, 0x83, 0xff, 0x88, 0x87, 0xff,
    0x31, 0xf, 0xc8, 0x7d, 0x7, 0x20, 0x83, 0x9c,
    0x3d, 0x5, 0xea, 0x70, 0xa0, 0xe8, 0x32, 0x80,
    0xc1, 0xe7, 0x43, 0x34, 0xe,

    /* U+0102 "Ă" */
    0xf, 0x3c, 0x1c, 0xf0, 0x7f, 0xf0, 0x11, 0xe,
    0x8c, 0x3f, 0xf8, 0x7a, 0xd8, 0x10, 0xff, 0xe0,
    0xc0, 0xa8, 0x10, 0x7f, 0xf0, 0x9d, 0x9, 0xd0,
    0xff, 0xe2, 0x5f, 0x41, 0xff, 0xdd, 0xbe, 0x43,
    0xff, 0x8c, 0x85, 0x87, 0xff, 0x15, 0xc, 0x87,
    0xff, 0x16, 0xe, 0x43, 0xff, 0x8f, 0x2, 0xf,
    0xfe, 0x1c, 0x5, 0x7, 0xff, 0x19, 0x6, 0x20,
    0x83, 0xff, 0x82, 0x84, 0x98, 0x10, 0xff, 0xe0,
    0xe0, 0x40, 0x87, 0xff, 0x11, 0x4, 0x12, 0x8,
    0x3f, 0xe4, 0x3e, 0xc0, 0x87, 0xfd, 0x2, 0xc,
    0x84, 0x87, 0xff, 0x5, 0xe, 0x41, 0x87, 0xf4,
    0x1f, 0xd0, 0x10, 0xfe, 0x41, 0x7, 0xf9, 0xf,
    0x90, 0x90, 0xfa, 0x4, 0x1f, 0x61, 0x7f, 0xe8,
    0x3f, 0xc8, 0x7f, 0xf0, 0xe0, 0xe4, 0x3f, 0xf8,
    0x88, 0x76, 0x7, 0xff, 0xe0, 0x90, 0xc8, 0x30,
    0xff, 0x90, 0x61, 0x21, 0x21, 0xff, 0x60, 0x42,
    0x80, 0x87, 0xff, 0x1, 0x9, 0xe, 0x83, 0xff,
    0x82, 0x83, 0x20, 0xff, 0xe2, 0xe0, 0x40,

    /* U+0103 "ă" */
    0x9, 0xe0, 0xeb, 0x43, 0xc8, 0xa0, 0x94, 0x21,
    0xf2, 0x5f, 0x42, 0x1f, 0xa4, 0x39, 0x83, 0xfa,
    0xf5, 0xe8, 0x3f, 0xf8, 0x28, 0x7f, 0xf4, 0x5b,
    0xfa, 0xf, 0xae, 0x43, 0x9e, 0xf, 0xe5, 0xc1,
    0x30, 0x75, 0xea, 0xdc, 0x4, 0x34, 0x87, 0xcc,
    0x8, 0x3f, 0xf8, 0x28, 0x10, 0xff, 0xe5, 0xdf,
    0xf0, 0x7d, 0x68, 0x7f, 0xf0, 0x74, 0x26, 0xb8,
    0x39, 0xb, 0xd2, 0xf0, 0x74, 0x8, 0x3f, 0xf8,
    0x88, 0x7f, 0xf3, 0x10, 0xfc, 0x87, 0xd0, 0x72,
    0x8, 0x39, 0xc3, 0xd0, 0x5e, 0xa7, 0xa, 0xe,
    0x83, 0x28, 0xc, 0x1e, 0x74, 0x33, 0x40, 0xe0,

    /* U+0104 "Ą" */
    0xf, 0xeb, 0xe4, 0x3f, 0xf8, 0xe8, 0x58, 0x7f,
    0xf1, 0x90, 0xc8, 0x7f, 0xf1, 0xa0, 0xe4, 0x3f,
    0xf9, 0x10, 0x20, 0xff, 0xe2, 0x40, 0x50, 0x7f,
    0xf1, 0xd0, 0x62, 0x8, 0x3f, 0xf8, 0x48, 0x49,
    0x81, 0xf, 0xfe, 0x16, 0x4, 0x8, 0x7f, 0xf1,
    0x50, 0x41, 0x20, 0x83, 0xff, 0x80, 0x87, 0xd8,
    0x10, 0xff, 0xe0, 0x40, 0x83, 0x21, 0x21, 0xff,
    0xc2, 0x43, 0x90, 0x61, 0xfe, 0x83, 0xfa, 0x2,
    0x1f, 0xe4, 0x10, 0x7f, 0x90, 0xfc, 0x84, 0x87,
    0xd0, 0x20, 0xfd, 0x85, 0xff, 0xa0, 0xff, 0x90,
    0xff, 0xe1, 0xc1, 0xe4, 0x3f, 0xf8, 0x88, 0x7b,
    0x3, 0xff, 0xf0, 0x48, 0x72, 0xc, 0x3f, 0xe4,
    0x18, 0x64, 0x24, 0x3f, 0xec, 0x8, 0x68, 0x8,
    0x7f, 0xf0, 0x10, 0x90, 0xf4, 0x1f, 0xfc, 0x14,
    0x18, 0x20, 0xff, 0xe2, 0xe0, 0x41, 0x7c, 0x1f,
    0xfc, 0x47, 0xf, 0xfe, 0x44, 0x41, 0xff, 0xc8,
    0x44, 0x3f, 0xf9, 0x38, 0x7f, 0xf3, 0x50, 0x21,
    0xff, 0xc6, 0xc1, 0xe9, 0xf, 0xfe, 0x2b, 0x6,
    0x40,

    /* U+0105 "ą" */
    0xc, 0xdf, 0xd0, 0x7e, 0xb9, 0xe, 0x78, 0x3f,
    0xcb, 0x82, 0x60, 0xf5, 0xea, 0xdc, 0x4, 0x3a,
    0x43, 0xe6, 0x4, 0x1f, 0xfc, 0x24, 0x8, 0x7f,
    0xf3, 0x6f, 0xf8, 0x3f, 0x5a, 0x1f, 0xfc, 0x2d,
    0x9, 0xae, 0xf, 0x21, 0x7a, 0x5e, 0xf, 0x40,
    0x83, 0xff, 0x8a, 0x87, 0xff, 0x35, 0xf, 0xe4,
    0x3e, 0x83, 0xc8, 0x20, 0xe7, 0xf, 0xa0, 0xbd,
    0x4e, 0x14, 0x1e, 0x83, 0x28, 0xc, 0x1f, 0x3a,
    0x19, 0xa0, 0x7f, 0xaf, 0xd2, 0x4, 0xc3, 0xff,
    0x85, 0x98, 0x7f, 0xf0, 0x90, 0xff, 0xeb, 0xa0,
    0xfa, 0xf, 0xfe, 0x4, 0x1b, 0xf, 0xfe, 0x3,
    0xf9,

    /* U+0106 "Ć" */
    0xf, 0xfe, 0x3, 0xe8, 0x3f, 0xf8, 0xb0, 0xc1,
    0xff, 0xc4, 0xc1, 0x7, 0xff, 0x11, 0x6, 0x1f,
    0xfc, 0x66, 0xf, 0xfe, 0x33, 0x21, 0xff, 0xd9,
    0x6f, 0xe9, 0xf, 0xf5, 0xc8, 0x73, 0x70, 0x7d,
    0xa1, 0xff, 0x38, 0x76, 0x13, 0x7f, 0xa0, 0x90,
    0xb0, 0xa8, 0x87, 0x9e, 0xd, 0x5, 0x21, 0xfe,
    0x74, 0x8, 0x14, 0x1f, 0xfc, 0x34, 0x28, 0x3f,
    0xf8, 0x98, 0x7f, 0xf2, 0x10, 0x21, 0xff, 0xc8,
    0xc3, 0xff, 0xfe, 0x1f, 0xfd, 0x1c, 0x3f, 0xf8,
    0xa8, 0x10, 0xff, 0xe2, 0xe1, 0xff, 0xc8, 0x42,
    0x83, 0xff, 0x8a, 0x81, 0x41, 0xff, 0xc4, 0x82,
    0x90, 0xff, 0x3a, 0x16, 0x15, 0x10, 0xf3, 0xc1,
    0xec, 0x26, 0xff, 0x41, 0x21, 0xda, 0x1f, 0xf3,
    0x87, 0xd7, 0x21, 0xcd, 0xc0,

    /* U+0107 "ć" */
    0xf, 0xfe, 0x5, 0x10, 0xff, 0xe0, 0x6b, 0x7,
    0xfd, 0x83, 0xf, 0xfa, 0x4, 0x1f, 0xf2, 0x89,
    0xf, 0xfa, 0x14, 0x1f, 0xf2, 0xa8, 0x1f, 0xfc,
    0x6, 0x43, 0xff, 0xa0, 0xdf, 0xa4, 0x3c, 0xf2,
    0x19, 0xb0, 0xd4, 0xc, 0xb0, 0x79, 0x40, 0x7d,
    0x57, 0x21, 0x40, 0x60, 0xf3, 0x2, 0xa, 0xf,
    0xf9, 0x4, 0x1f, 0xfc, 0x34, 0x3f, 0xff, 0xe1,
    0x90, 0xff, 0xe0, 0x20, 0x83, 0xff, 0x81, 0x5,
    0x7, 0xff, 0x2, 0x3, 0x7, 0x98, 0x25, 0x1,
    0xf5, 0x5c, 0x86, 0x90, 0xcb, 0x7, 0xeb, 0x83,
    0x9b, 0x0,

    /* U+0108 "Ĉ" */
    0xf, 0xf3, 0xf2, 0x1f, 0xfc, 0x48, 0x29, 0xf,
    0xfe, 0x16, 0x3a, 0x41, 0xff, 0xc1, 0x81, 0x12,
    0x41, 0xff, 0xc0, 0xec, 0x2a, 0x7, 0xff, 0x5,
    0x41, 0xcc, 0x1f, 0xfd, 0x56, 0xfe, 0x90, 0xff,
    0x5c, 0x87, 0x37, 0x7, 0xda, 0x1f, 0xf3, 0x87,
    0x61, 0x37, 0xfa, 0x9, 0xb, 0xa, 0x88, 0x79,
    0xe0, 0xd0, 0x52, 0x1f, 0xe7, 0x40, 0x81, 0x41,
    0xff, 0xc3, 0x42, 0x83, 0xff, 0x89, 0x87, 0xff,
    0x21, 0x2, 0x1f, 0xfc, 0x8c, 0x3f, 0xff, 0xe1,
    0xff, 0xd1, 0xc3, 0xff, 0x8a, 0x81, 0xf, 0xfe,
    0x2e, 0x1f, 0xfc, 0x84, 0x28, 0x3f, 0xf8, 0xa8,
    0x14, 0x1f, 0xfc, 0x48, 0x29, 0xf, 0xf3, 0xa1,
    0x61, 0x51, 0xf, 0x3c, 0x1e, 0xc2, 0x6f, 0xf4,
    0x12, 0x1d, 0xa1, 0xff, 0x38, 0x7d, 0x72, 0x1c,
    0xdc, 0x0,

    /* U+0109 "ĉ" */
    0xf, 0xea, 0x7, 0xff, 0x7, 0x54, 0x1f, 0xf4,
    0x12, 0x83, 0xf9, 0x47, 0x10, 0x7f, 0x44, 0x28,
    0x83, 0xe8, 0x50, 0x21, 0x41, 0xed, 0x83, 0x68,
    0x7c, 0xc1, 0xe9, 0xf, 0xfe, 0x5b, 0x7e, 0x90,
    0xf3, 0xc8, 0x66, 0xc3, 0x50, 0x32, 0xc1, 0xe5,
    0x1, 0xf5, 0x5c, 0x85, 0x1, 0x83, 0xcc, 0x8,
    0x28, 0x3f, 0xe4, 0x10, 0x7f, 0xf0, 0xd0, 0xff,
    0xff, 0x86, 0x43, 0xff, 0x80, 0x82, 0xf, 0xfe,
    0x4, 0x14, 0x1f, 0xfc, 0x8, 0xc, 0x1e, 0x60,
    0x94, 0x7, 0xd5, 0x72, 0x1a, 0x43, 0x2c, 0x1f,
    0xae, 0xe, 0x6c,

    /* U+010A "Ċ" */
    0xf, 0xf9, 0x60, 0xff, 0xe3, 0x54, 0x87, 0xff,
    0xbf, 0xe4, 0x3f, 0xfd, 0x8d, 0xfd, 0x21, 0xfe,
    0xb9, 0xe, 0x6e, 0xf, 0xb4, 0x3f, 0xe7, 0xe,
    0xc2, 0x6f, 0xf4, 0x12, 0x16, 0x15, 0x10, 0xf3,
    0xc1, 0xa0, 0xa4, 0x3f, 0xce, 0x81, 0x2, 0x83,
    0xff, 0x86, 0x85, 0x7, 0xff, 0x13, 0xf, 0xfe,
    0x42, 0x4, 0x3f, 0xf9, 0x18, 0x7f, 0xff, 0xc3,
    0xff, 0xa3, 0x87, 0xff, 0x15, 0x2, 0x1f, 0xfc,
    0x5c, 0x3f, 0xf9, 0x8, 0x50, 0x7f, 0xf1, 0x50,
    0x28, 0x3f, 0xf8, 0x90, 0x52, 0x1f, 0xe7, 0x42,
    0xc2, 0xa2, 0x1e, 0x78, 0x3d, 0x84, 0xdf, 0xe8,
    0x24, 0x3b, 0x43, 0xfe, 0x70, 0xfa, 0xe4, 0x39,
    0xb8, 0x0,

    /* U+010B "ċ" */
    0xf, 0xd7, 0x90, 0xff, 0xf8, 0x5e, 0x43, 0xff,
    0xbc, 0xdf, 0xa4, 0x3c, 0xf2, 0x19, 0xb0, 0xd4,
    0xc, 0xb0, 0x79, 0x40, 0x7d, 0x57, 0x21, 0x40,
    0x60, 0xf3, 0x2, 0xa, 0xf, 0xf9, 0x4, 0x1f,
    0xfc, 0x34, 0x3f, 0xff, 0xe1, 0x90, 0xff, 0xe0,
    0x20, 0x83, 0xff, 0x81, 0x5, 0x7, 0xff, 0x2,
    0x3, 0x7, 0x98, 0x25, 0x1, 0xf5, 0x5c, 0x86,
    0x90, 0xcb, 0x7, 0xeb, 0x83, 0x9b, 0x0,

    /* U+010C "Č" */
    0xf, 0x9f, 0x6, 0xb8, 0x3f, 0xe5, 0x10, 0x24,
    0x83, 0xff, 0x81, 0xc, 0xa3, 0xf, 0xfe, 0x16,
    0x31, 0x7, 0xff, 0x12, 0x54, 0x87, 0xff, 0x11,
    0xa2, 0x1f, 0xfd, 0x86, 0xfe, 0x90, 0xff, 0x5c,
    0x87, 0x37, 0x7, 0xda, 0x1f, 0xf3, 0x87, 0x61,
    0x37, 0xfa, 0x9, 0xb, 0xa, 0x88, 0x79, 0xe0,
    0xd0, 0x52, 0x1f, 0xe7, 0x40, 0x81, 0x41, 0xff,
    0xc3, 0x42, 0x83, 0xff, 0x89, 0x87, 0xff, 0x21,
    0x2, 0x1f, 0xfc, 0x8c, 0x3f, 0xff, 0xe1, 0xff,
    0xd1, 0xc3, 0xff, 0x8a, 0x81, 0xf, 0xfe, 0x2e,
    0x1f, 0xfc, 0x84, 0x28, 0x3f, 0xf8, 0xa8, 0x14,
    0x1f, 0xfc, 0x48, 0x29, 0xf, 0xf3, 0xa1, 0x61,
    0x51, 0xf, 0x3c, 0x1e, 0xc2, 0x6f, 0xf4, 0x12,
    0x1d, 0xa1, 0xff, 0x38, 0x7d, 0x72, 0x1c, 0xdc,
    0x0,

    /* U+010D "č" */
    0xc, 0xc8, 0x73, 0x7, 0x95, 0x21, 0x32, 0x1f,
    0x44, 0x14, 0x41, 0xf2, 0x8c, 0xc5, 0x7, 0xe8,
    0x18, 0x20, 0xff, 0x41, 0x41, 0xff, 0x33, 0x21,
    0xff, 0xc0, 0x64, 0x3f, 0xf9, 0xed, 0xfa, 0x43,
    0xcf, 0x21, 0x9b, 0xd, 0x40, 0xcb, 0x7, 0x94,
    0x7, 0xd5, 0x72, 0x14, 0x6, 0xf, 0x30, 0x20,
    0xa0, 0xff, 0x90, 0x41, 0xff, 0xc3, 0x43, 0xff,
    0xfe, 0x19, 0xf, 0xfe, 0x2, 0x8, 0x3f, 0xf8,
    0x10, 0x50, 0x7f, 0xf0, 0x20, 0x30, 0x79, 0x82,
    0x50, 0x1f, 0x55, 0xc8, 0x69, 0xc, 0xb0, 0x7e,
    0xb8, 0x39, 0xb0,

    /* U+010E "Ď" */
    0xc, 0xc8, 0x74, 0x87, 0xfc, 0xa9, 0xb, 0x50,
    0x7f, 0xf0, 0x22, 0x6, 0x41, 0xff, 0xc1, 0x51,
    0xe1, 0x41, 0xff, 0xc2, 0x83, 0x41, 0xff, 0xc4,
    0xfc, 0x1f, 0xfd, 0x3f, 0xff, 0x51, 0xf, 0xfe,
    0x32, 0xae, 0xf, 0xfe, 0x43, 0xa1, 0xf3, 0xff,
    0x48, 0x54, 0xf, 0xfe, 0x13, 0x61, 0x28, 0x3f,
    0xf8, 0x98, 0x50, 0x7f, 0xf1, 0x60, 0x90, 0xff,
    0xe2, 0x21, 0x41, 0xff, 0xc5, 0x83, 0xff, 0x90,
    0x87, 0xff, 0x31, 0xf, 0xff, 0xf8, 0x7f, 0xf3,
    0x50, 0x90, 0xff, 0xec, 0xc1, 0xff, 0xc7, 0x42,
    0x83, 0xff, 0x89, 0x4, 0x87, 0xff, 0xf, 0xa,
    0xf, 0xfe, 0xb, 0x61, 0x28, 0x39, 0xff, 0xa4,
    0x2a, 0x7, 0xff, 0x15, 0xd0, 0xff, 0xe1, 0x2a,
    0xe0, 0xf0,

    /* U+010F "ď" */
    0xf, 0xfe, 0x17, 0xc1, 0x7c, 0x1f, 0xfc, 0x84,
    0x8, 0x7f, 0xf2, 0x30, 0x61, 0xff, 0xcb, 0x43,
    0xff, 0x90, 0x87, 0xff, 0x36, 0xf, 0xfe, 0x4d,
    0x10, 0xf9, 0xfd, 0x7, 0xe5, 0x7, 0xdc, 0x19,
    0xe0, 0xff, 0xe1, 0x61, 0x94, 0x5, 0x7, 0xff,
    0x2, 0xb, 0xd4, 0xe2, 0xf, 0xfe, 0x2, 0xc,
    0x39, 0x83, 0xff, 0x81, 0x1, 0xf, 0x90, 0xff,
    0xe0, 0x20, 0xc3, 0xf4, 0x1f, 0xfc, 0x24, 0x3f,
    0x21, 0xff, 0xff, 0xf, 0xfe, 0xba, 0x1f, 0x90,
    0xff, 0x90, 0x61, 0xfa, 0xf, 0xfa, 0x2, 0x1f,
    0x21, 0xff, 0xc1, 0x41, 0x87, 0x30, 0x7f, 0xf0,
    0x60, 0xbd, 0x4e, 0x20, 0xff, 0xe0, 0xe1, 0x94,
    0x5, 0x7, 0xff, 0xb, 0x83, 0x3c, 0x1f, 0xf0,

    /* U+0110 "Đ" */
    0xa, 0xff, 0xf4, 0x87, 0xff, 0x29, 0xb8, 0x3f,
    0xf9, 0x6f, 0x7, 0xf9, 0xff, 0xa4, 0x26, 0xf,
    0xfe, 0x2b, 0x61, 0x30, 0x7f, 0xf1, 0xf0, 0x90,
    0xff, 0xe4, 0x61, 0x41, 0xff, 0xc8, 0x40, 0x87,
    0xff, 0x23, 0xf, 0xfe, 0x5a, 0x12, 0x1f, 0xfc,
    0xcf, 0x90, 0x3f, 0xc1, 0xff, 0x61, 0xff, 0xcc,
    0xa8, 0x35, 0x70, 0x7f, 0xf0, 0x17, 0x1, 0x7c,
    0x1f, 0xf6, 0x1f, 0xfd, 0xf4, 0x24, 0x3f, 0xf8,
    0xf8, 0x7f, 0xf2, 0xd0, 0x21, 0xff, 0xc7, 0xc2,
    0x83, 0xff, 0x8d, 0x84, 0x87, 0xff, 0x16, 0xc2,
    0x60, 0xfc, 0xff, 0xe4, 0x26, 0xf, 0xfe, 0x43,
    0xc1, 0xff, 0xc6, 0x6e, 0xf, 0x0,

    /* U+0111 "đ" */
    0xf, 0xfe, 0x17, 0xc1, 0xff, 0xd3, 0x7f, 0x82,
    0xf2, 0x1f, 0xfd, 0x7, 0xf8, 0x2f, 0x21, 0xff,
    0xe1, 0x7f, 0x41, 0xff, 0xc1, 0xe0, 0xcf, 0x7,
    0xfb, 0xc, 0xa0, 0x28, 0x3f, 0x41, 0x7a, 0x9c,
    0x41, 0xf9, 0x6, 0x1c, 0xc1, 0xfa, 0x2, 0x1f,
    0x21, 0xf9, 0x6, 0x1f, 0xa0, 0xff, 0x21, 0xf9,
    0xf, 0xff, 0xf8, 0x7f, 0xf0, 0xd0, 0xfc, 0x87,
    0xc8, 0x30, 0xfd, 0x7, 0xd0, 0x10, 0xf9, 0xf,
    0xe4, 0x18, 0x73, 0x7, 0xf4, 0x17, 0xa9, 0xc4,
    0x1f, 0xd8, 0x65, 0x1, 0x41, 0xfe, 0xe0, 0xcf,
    0x7, 0xc0,

    /* U+0112 "Ē" */
    0x9, 0x7f, 0xc1, 0xea, 0xfe, 0xc3, 0xff, 0x95,
    0xff, 0xd0, 0x7f, 0xf5, 0xff, 0xff, 0x86, 0x87,
    0xff, 0x5d, 0xff, 0xf9, 0xf, 0xff, 0xf8, 0x7f,
    0xf3, 0x1f, 0xff, 0x83, 0xff, 0xb0, 0xff, 0xfc,
    0x1f, 0xff, 0xf0, 0xff, 0xf6, 0xbf, 0xff, 0x41,
    0xff, 0xd4,

    /* U+0113 "ē" */
    0xe, 0xff, 0xe4, 0x3f, 0xf9, 0xd5, 0xfc, 0x87,
    0xe5, 0xfe, 0xf, 0xff, 0xa3, 0xfd, 0x7, 0xf3,
    0xc1, 0xce, 0x87, 0xa8, 0x12, 0xc1, 0x50, 0x32,
    0x81, 0x75, 0x70, 0x14, 0x14, 0xd, 0xe, 0x60,
    0x40, 0x40, 0x87, 0xe4, 0x3a, 0x4, 0x1f, 0xc8,
    0x10, 0xcb, 0xfe, 0xf, 0xd5, 0xfe, 0x41, 0x87,
    0xff, 0x2b, 0xff, 0xf8, 0x30, 0x7f, 0xf2, 0x90,
    0xff, 0xe1, 0x20, 0x83, 0xff, 0x85, 0x5, 0x7,
    0xff, 0xa, 0x3, 0x7, 0xcd, 0x84, 0xa0, 0x3e,
    0xab, 0xd2, 0x1d, 0x40, 0xcb, 0x6, 0x43, 0x9e,
    0x43, 0x9b, 0x80,

    /* U+0114 "Ĕ" */
    0xa, 0x43, 0xd2, 0x1e, 0x68, 0x1b, 0x70, 0xf4,
    0x3f, 0x81, 0x7, 0x98, 0x39, 0xc3, 0xf3, 0xfd,
    0x7, 0xff, 0x67, 0xff, 0xf8, 0x68, 0x7f, 0xf5,
    0xdf, 0xff, 0x90, 0xff, 0xff, 0x87, 0xff, 0x31,
    0xff, 0xf8, 0x3f, 0xfb, 0xf, 0xff, 0xc1, 0xff,
    0xff, 0xf, 0xff, 0x6b, 0xff, 0xf4, 0x1f, 0xfd,
    0x40,

    /* U+0115 "ĕ" */
    0xc, 0xf0, 0x73, 0xc1, 0xf2, 0x21, 0xd1, 0x87,
    0xfb, 0x5b, 0x2, 0x1f, 0xb0, 0x54, 0x8, 0x3f,
    0xda, 0x13, 0x21, 0xff, 0x5f, 0x48, 0x7f, 0xf8,
    0xdf, 0xe8, 0x3f, 0x9e, 0xe, 0x74, 0x3d, 0x40,
    0x96, 0xa, 0x81, 0x94, 0xb, 0xab, 0x80, 0xa0,
    0xa0, 0x68, 0x73, 0x2, 0x2, 0x4, 0x3f, 0x21,
    0xd0, 0x20, 0xfe, 0x40, 0x86, 0x5f, 0xf0, 0x7e,
    0xaf, 0xf2, 0xc, 0x3f, 0xf9, 0x5f, 0xff, 0xc1,
    0x83, 0xff, 0x94, 0x87, 0xff, 0x9, 0x4, 0x1f,
    0xfc, 0x28, 0x28, 0x3f, 0xf8, 0x50, 0x18, 0x3e,
    0x6c, 0x25, 0x1, 0xf5, 0x5e, 0x90, 0xea, 0x6,
    0x58, 0x32, 0x1c, 0xf2, 0x1c, 0xdc, 0x0,

    /* U+0116 "Ė" */
    0xf, 0x7c, 0x87, 0xff, 0x82, 0xa4, 0x3f, 0xf8,
    0xb, 0x7, 0xff, 0x2f, 0xff, 0xf8, 0x68, 0x7f,
    0xf5, 0xdf, 0xff, 0x90, 0xff, 0xff, 0x87, 0xff,
    0x31, 0xff, 0xf8, 0x3f, 0xfb, 0xf, 0xff, 0xc1,
    0xff, 0xff, 0xf, 0xff, 0x6b, 0xff, 0xf4, 0x1f,
    0xfd, 0x40,

    /* U+0117 "ė" */
    0xf, 0xdf, 0x7, 0xff, 0x9d, 0xf, 0xfe, 0x2d,
    0xe0, 0xff, 0xf2, 0xbf, 0xd0, 0x7f, 0x3c, 0x1c,
    0xe8, 0x7a, 0x81, 0x2c, 0x15, 0x3, 0x28, 0x17,
    0x57, 0x1, 0x41, 0x40, 0xd0, 0xe6, 0x4, 0x4,
    0x8, 0x7e, 0x43, 0xa0, 0x41, 0xfc, 0x81, 0xc,
    0xbf, 0xe0, 0xfd, 0x5f, 0xe4, 0x18, 0x7f, 0xf2,
    0xbf, 0xff, 0x83, 0x7, 0xff, 0x29, 0xf, 0xfe,
    0x12, 0x8, 0x3f, 0xf8, 0x50, 0x50, 0x7f, 0xf0,
    0xa0, 0x30, 0x7c, 0xd8, 0x4a, 0x3, 0xea, 0xbd,
    0x21, 0xd4, 0xc, 0xb0, 0x64, 0x39, 0xe4, 0x39,
    0xb8,

    /* U+0118 "Ę" */
    0xff, 0xfe, 0x1a, 0x1f, 0xfd, 0x77, 0xff, 0xe4,
    0x3f, 0xff, 0xe1, 0xff, 0xcc, 0x7f, 0xfe, 0xf,
    0xfe, 0xc3, 0xff, 0xf0, 0x7f, 0xff, 0xc3, 0xff,
    0xda, 0xff, 0xfd, 0x7, 0xff, 0x53, 0xff, 0xe0,
    0x7a, 0xf, 0xf4, 0x21, 0xff, 0xc1, 0x48, 0x3f,
    0xfa, 0x70, 0x10, 0xff, 0xe0, 0x3e, 0x83, 0xfd,
    0xa1, 0x20,

    /* U+0119 "ę" */
    0xf, 0x3f, 0xd0, 0x7f, 0x3c, 0x1c, 0xe8, 0x7a,
    0x81, 0x2c, 0x15, 0x3, 0x28, 0x17, 0x57, 0x1,
    0x41, 0x40, 0xd0, 0xe6, 0x4, 0x4, 0x8, 0x7e,
    0x43, 0xa0, 0x41, 0xfc, 0x81, 0xc, 0xbf, 0xe0,
    0xfd, 0x5f, 0xe4, 0x18, 0x7f, 0xf2, 0xbf, 0xff,
    0x83, 0x7, 0xff, 0x29, 0xf, 0xfe, 0x12, 0x8,
    0x3f, 0xf8, 0x50, 0x50, 0x7f, 0xf0, 0xa0, 0x30,
    0x7c, 0xd8, 0x4a, 0x3, 0xea, 0xbd, 0x21, 0xd4,
    0xc, 0xb0, 0x64, 0x39, 0xe4, 0x3d, 0x70, 0x7c,
    0xdf, 0x24, 0x87, 0xff, 0x9, 0x10, 0xff, 0xe1,
    0x42, 0x1f, 0xfc, 0x54, 0x3f, 0xf8, 0x70, 0x3e,
    0x43, 0xff, 0x81, 0x7, 0xff, 0x15, 0xfc, 0x80,

    /* U+011A "Ě" */
    0x9, 0x83, 0x99, 0xf, 0x2b, 0x9, 0x94, 0x1f,
    0x46, 0x8, 0x83, 0xf2, 0x8f, 0xa, 0xf, 0xe8,
    0x34, 0x1f, 0xf7, 0xe0, 0xff, 0xe5, 0x7f, 0xff,
    0xd, 0xf, 0xfe, 0xbb, 0xff, 0xf2, 0x1f, 0xff,
    0xf0, 0xff, 0xe6, 0x3f, 0xff, 0x7, 0xff, 0x61,
    0xff, 0xf8, 0x3f, 0xff, 0xe1, 0xff, 0xed, 0x7f,
    0xfe, 0x83, 0xff, 0xa8,

    /* U+011B "ě" */
    0xe, 0x90, 0xe6, 0x43, 0xf3, 0x21, 0xa5, 0x7,
    0xec, 0x82, 0xc8, 0x3f, 0xc9, 0x90, 0x10, 0xff,
    0x40, 0xd3, 0xf, 0xfe, 0x6, 0x14, 0x1f, 0xfc,
    0x29, 0x90, 0xff, 0xe1, 0x32, 0x1f, 0xfd, 0x37,
    0xfa, 0xf, 0xe7, 0x83, 0x9d, 0xf, 0x50, 0x25,
    0x82, 0xa0, 0x65, 0x2, 0xea, 0xe0, 0x28, 0x28,
    0x1a, 0x1c, 0xc0, 0x80, 0x81, 0xf, 0xc8, 0x74,
    0x8, 0x3f, 0x90, 0x21, 0x97, 0xfc, 0x1f, 0xab,
    0xfc, 0x83, 0xf, 0xfe, 0x57, 0xff, 0xf0, 0x60,
    0xff, 0xe5, 0x21, 0xff, 0xc2, 0x41, 0x7, 0xff,
    0xa, 0xa, 0xf, 0xfe, 0x14, 0x6, 0xf, 0x9b,
    0x9, 0x40, 0x7d, 0x57, 0xa4, 0x3a, 0x81, 0x96,
    0xc, 0x87, 0x3c, 0x87, 0x37, 0x0,

    /* U+011C "Ĝ" */
    0xf, 0xfb, 0xe8, 0x3f, 0xf8, 0xb8, 0x4c, 0x1f,
    0xfc, 0x38, 0x1c, 0x28, 0x3f, 0xf8, 0x2a, 0x31,
    0x88, 0x3f, 0xf8, 0x4e, 0x13, 0x28, 0x3f, 0xf8,
    0xc, 0x1c, 0xc8, 0x7f, 0xf5, 0x9b, 0xfd, 0x21,
    0xfe, 0xb9, 0xf, 0x37, 0x7, 0xda, 0x1f, 0xfc,
    0x7, 0xe, 0xc3, 0x5f, 0xf2, 0x1f, 0x61, 0x5a,
    0x1f, 0x5c, 0x1a, 0xa, 0x43, 0xfe, 0x70, 0x90,
    0x28, 0x3f, 0xf8, 0x88, 0x50, 0x7f, 0xf1, 0x70,
    0xff, 0xe4, 0xa0, 0x43, 0xff, 0x93, 0x87, 0xff,
    0x4a, 0xff, 0xa0, 0xff, 0xe4, 0xa1, 0xff, 0xd7,
    0xbf, 0x41, 0xf6, 0x1f, 0xfc, 0x64, 0x8, 0x7f,
    0xf1, 0xb0, 0xff, 0xe4, 0xa1, 0x41, 0xff, 0xc6,
    0x40, 0xa0, 0xff, 0xe2, 0xc1, 0x48, 0x7f, 0xf1,
    0x70, 0xa8, 0x87, 0xcc, 0x1f, 0x61, 0x37, 0xfd,
    0x5, 0x7, 0x68, 0x7f, 0xf0, 0x1d, 0xf, 0x5c,
    0x87, 0x9b, 0x80,

    /* U+011D "ĝ" */
    0xf, 0xaf, 0x21, 0xff, 0xc0, 0x50, 0x20, 0xff,
    0xe0, 0x42, 0xc, 0x3f, 0xd0, 0x2c, 0x8, 0x7f,
    0x26, 0x8, 0x83, 0xf6, 0x41, 0x28, 0x83, 0xef,
    0x21, 0xae, 0xf, 0xfe, 0x6b, 0xfa, 0xb, 0xe0,
    0xdc, 0x19, 0xe0, 0xfb, 0xc, 0xa0, 0x28, 0x3a,
    0xb, 0xd4, 0xe2, 0xe, 0x41, 0x87, 0x30, 0x74,
    0x4, 0x3e, 0x50, 0x64, 0x10, 0x7e, 0xc3, 0xff,
    0x88, 0x87, 0xff, 0xfc, 0x3f, 0x90, 0xc8, 0x20,
    0xfd, 0x86, 0x80, 0x87, 0xca, 0xe, 0x41, 0x87,
    0x30, 0x7a, 0xb, 0xd4, 0xe2, 0xf, 0x61, 0x94,
    0x5, 0x7, 0xdc, 0x19, 0xe0, 0xfe, 0x7f, 0x40,
    0x40, 0x87, 0xff, 0x7, 0x6, 0x1f, 0xfc, 0x14,
    0x8, 0x50, 0x7c, 0xe0, 0x43, 0x3e, 0xad, 0xc1,
    0x41, 0xf2, 0xe0, 0xd8, 0x77, 0x21, 0xcd, 0x84,

    /* U+011E "Ğ" */
    0xf, 0xbc, 0x1c, 0xf8, 0x3f, 0xf8, 0x5a, 0x6,
    0x20, 0xff, 0xe0, 0x40, 0xbd, 0x1, 0xf, 0xfe,
    0x3, 0xa1, 0xac, 0x3f, 0xf8, 0x77, 0xe4, 0x3f,
    0xfd, 0xed, 0xfe, 0x90, 0xff, 0x5c, 0x87, 0x9b,
    0x83, 0xed, 0xf, 0xfe, 0x3, 0x87, 0x61, 0xaf,
    0xf9, 0xf, 0xb0, 0xad, 0xf, 0xae, 0xd, 0x5,
    0x21, 0xff, 0x38, 0x48, 0x14, 0x1f, 0xfc, 0x44,
    0x28, 0x3f, 0xf8, 0xb8, 0x7f, 0xf2, 0x50, 0x21,
    0xff, 0xc9, 0xc3, 0xff, 0xa5, 0x7f, 0xd0, 0x7f,
    0xf2, 0x50, 0xff, 0xeb, 0xdf, 0xa0, 0xfb, 0xf,
    0xfe, 0x32, 0x4, 0x3f, 0xf8, 0xd8, 0x7f, 0xf2,
    0x50, 0xa0, 0xff, 0xe3, 0x20, 0x50, 0x7f, 0xf1,
    0x60, 0xa4, 0x3f, 0xf8, 0xb8, 0x54, 0x43, 0xe6,
    0xf, 0xb0, 0x9b, 0xfe, 0x82, 0x83, 0xb4, 0x3f,
    0xf8, 0xe, 0x87, 0xae, 0x43, 0xcd, 0xc0,

    /* U+011F "ğ" */
    0xc, 0xc1, 0xf4, 0x1f, 0x9c, 0x3b, 0x50, 0x79,
    0x6, 0xb6, 0x4, 0x3e, 0x81, 0x50, 0x20, 0xfc,
    0xc8, 0x4c, 0x87, 0xf3, 0x7d, 0x21, 0xff, 0xdf,
    0x7f, 0x41, 0x7c, 0x1b, 0x83, 0x3c, 0x1f, 0x61,
    0x94, 0x5, 0x7, 0x41, 0x7a, 0x9c, 0x41, 0xc8,
    0x30, 0xe6, 0xe, 0x80, 0x87, 0xca, 0xc, 0x82,
    0xf, 0xd8, 0x7f, 0xf1, 0x10, 0xff, 0xff, 0x87,
    0xf2, 0x19, 0x4, 0x1f, 0xb0, 0xd0, 0x10, 0xf9,
    0x41, 0xc8, 0x30, 0xe6, 0xf, 0x41, 0x7a, 0x9c,
    0x41, 0xec, 0x32, 0x80, 0xa0, 0xfb, 0x83, 0x3c,
    0x1f, 0xcf, 0xe8, 0x8, 0x10, 0xff, 0xe0, 0xe0,
    0xc3, 0xff, 0x82, 0x81, 0xa, 0xf, 0x9c, 0x8,
    0x67, 0xd5, 0xb8, 0x28, 0x3e, 0x5c, 0x1b, 0xe,
    0xe4, 0x39, 0xb0, 0x80,

    /* U+0120 "Ġ" */
    0xf, 0xf9, 0x60, 0xff, 0xe3, 0xd6, 0xf, 0xff,
    0x97, 0xd0, 0x7f, 0xfb, 0xdb, 0xfd, 0x21, 0xfe,
    0xb9, 0xf, 0x37, 0x7, 0xda, 0x1f, 0xfc, 0x7,
    0xe, 0xc3, 0x5f, 0xf2, 0x1f, 0x61, 0x5a, 0x1f,
    0x5c, 0x1a, 0xa, 0x43, 0xfe, 0x70, 0x90, 0x28,
    0x3f, 0xf8, 0x88, 0x50, 0x7f, 0xf1, 0x70, 0xff,
    0xe4, 0xa0, 0x43, 0xff, 0x93, 0x87, 0xff, 0x4a,
    0xff, 0xa0, 0xff, 0xe4, 0xa1, 0xff, 0xd7, 0xbf,
    0x41, 0xf6, 0x1f, 0xfc, 0x64, 0x8, 0x7f, 0xf1,
    0xb0, 0xff, 0xe4, 0xa1, 0x41, 0xff, 0xc6, 0x40,
    0xa0, 0xff, 0xe2, 0xc1, 0x48, 0x7f, 0xf1, 0x70,
    0xa8, 0x87, 0xcc, 0x1f, 0x61, 0x37, 0xfd, 0x5,
    0x7, 0x68, 0x7f, 0xf0, 0x1d, 0xf, 0x5c, 0x87,
    0x9b, 0x80,

    /* U+0121 "ġ" */
    0xf, 0xaf, 0x21, 0xff, 0xe3, 0xc3, 0xff, 0x88,
    0xf9, 0xf, 0xff, 0xb, 0xfa, 0xb, 0xe0, 0xdc,
    0x19, 0xe0, 0xfb, 0xc, 0xa0, 0x28, 0x3a, 0xb,
    0xd4, 0xe2, 0xe, 0x41, 0x87, 0x30, 0x74, 0x4,
    0x3e, 0x50, 0x64, 0x10, 0x7e, 0xc3, 0xff, 0x88,
    0x87, 0xff, 0xfc, 0x3f, 0x90, 0xc8, 0x20, 0xfd,
    0x86, 0x80, 0x87, 0xca, 0xe, 0x41, 0x87, 0x30,
    0x7a, 0xb, 0xd4, 0xe2, 0xf, 0x61, 0x94, 0x5,
    0x7, 0xdc, 0x19, 0xe0, 0xfe, 0x7f, 0x40, 0x40,
    0x87, 0xff, 0x7, 0x6, 0x1f, 0xfc, 0x14, 0x8,
    0x50, 0x7c, 0xe0, 0x43, 0x3e, 0xad, 0xc1, 0x41,
    0xf2, 0xe0, 0xd8, 0x77, 0x21, 0xcd, 0x84,

    /* U+0122 "Ģ" */
    0xf, 0xcd, 0xfe, 0x90, 0xff, 0x5c, 0x87, 0x9b,
    0x83, 0xed, 0xf, 0xfe, 0x3, 0x87, 0x61, 0xaf,
    0xf9, 0xf, 0xb0, 0xad, 0xf, 0xae, 0xd, 0x5,
    0x21, 0xff, 0x38, 0x48, 0x14, 0x1f, 0xfc, 0x44,
    0x28, 0x3f, 0xf8, 0xb8, 0x7f, 0xf2, 0x50, 0x21,
    0xff, 0xc9, 0xc3, 0xff, 0xa5, 0x7f, 0xd0, 0x7f,
    0xf2, 0x50, 0xff, 0xeb, 0xdf, 0xa0, 0xfb, 0xf,
    0xfe, 0x32, 0x4, 0x3f, 0xf8, 0xd8, 0x7f, 0xf2,
    0x50, 0xa0, 0xff, 0xe3, 0x20, 0x50, 0x7f, 0xf1,
    0x60, 0xa4, 0x3f, 0xf8, 0xb8, 0x54, 0x43, 0xe6,
    0xf, 0xb0, 0x9b, 0xfe, 0x82, 0x83, 0xb4, 0x3f,
    0xf8, 0xe, 0x87, 0xae, 0x43, 0xcd, 0xc1, 0xfe,
    0x6f, 0xf4, 0x87, 0xff, 0x69, 0x60, 0xff, 0xe3,
    0x35, 0x7, 0xff, 0x1b, 0x4, 0x1f, 0xfc, 0x64,
    0x8, 0x7f, 0xf2, 0x20, 0xff, 0xe3, 0x20, 0x43,
    0xf0,

    /* U+0123 "ģ" */
    0xf, 0xf2, 0x83, 0xff, 0x85, 0x50, 0x7f, 0xf0,
    0x91, 0xf, 0xfe, 0xc, 0xc, 0x3f, 0xf8, 0x28,
    0x10, 0xff, 0xe0, 0x41, 0xff, 0xc4, 0xbe, 0xf,
    0xfe, 0x83, 0xfa, 0xb, 0xe0, 0xdc, 0x19, 0xe0,
    0xfb, 0xc, 0xa0, 0x28, 0x3a, 0xb, 0xd4, 0xe2,
    0xe, 0x41, 0x87, 0x30, 0x74, 0x4, 0x3e, 0x50,
    0x64, 0x10, 0x7e, 0xc3, 0xff, 0x88, 0x87, 0xff,
    0xfc, 0x3f, 0x90, 0xc8, 0x20, 0xfd, 0x86, 0x80,
    0x87, 0xca, 0xe, 0x41, 0x87, 0x30, 0x7a, 0xb,
    0xd4, 0xe2, 0xf, 0x61, 0x94, 0x5, 0x7, 0xdc,
    0x19, 0xe0, 0xfe, 0x7f, 0x40, 0x40, 0x87, 0xff,
    0x7, 0x6, 0x1f, 0xfc, 0x14, 0x8, 0x50, 0x7c,
    0xe0, 0x43, 0x3e, 0xad, 0xc1, 0x41, 0xf2, 0xe0,
    0xd8, 0x77, 0x21, 0xcd, 0x84,

    /* U+0124 "Ĥ" */
    0xf, 0xd4, 0x43, 0xff, 0x87, 0xaa, 0x81, 0xff,
    0xc1, 0x81, 0xa, 0xf, 0xf9, 0x46, 0xc4, 0x1f,
    0xf4, 0x60, 0x63, 0xf, 0xf7, 0x83, 0x3e, 0xf,
    0xfe, 0x67, 0xd0, 0x7f, 0xd7, 0xa0, 0xff, 0xff,
    0x87, 0xff, 0xfc, 0x3f, 0xf9, 0x8f, 0xff, 0xc8,
    0x7f, 0xf8, 0x1f, 0xff, 0x90, 0xff, 0xff, 0x87,
    0xff, 0xfc, 0x3f, 0xfe, 0x40,

    /* U+0125 "ĥ" */
    0xd, 0x50, 0x7f, 0xf1, 0x35, 0xa0, 0xff, 0xe1,
    0x40, 0x86, 0xf, 0xfe, 0x2, 0x8d, 0xc5, 0x7,
    0xfd, 0x10, 0x51, 0x7, 0xfd, 0xe4, 0x27, 0xc1,
    0xff, 0xc2, 0xf8, 0x3f, 0xff, 0xe1, 0xff, 0xf8,
    0xbf, 0x21, 0xff, 0xc0, 0x74, 0x35, 0x87, 0xf9,
    0x80, 0xa0, 0xd8, 0x7f, 0x45, 0xd3, 0x82, 0x43,
    0xfb, 0x43, 0x28, 0x18, 0x7e, 0x43, 0xe8, 0x8,
    0x7e, 0x83, 0xff, 0xfe, 0x1f, 0xff, 0xf0, 0xff,
    0xff, 0x87, 0xff, 0x3c,

    /* U+0126 "Ħ" */
    0xb, 0xe0, 0xff, 0xe0, 0x7c, 0x87, 0xff, 0xfb,
    0xe0, 0xbf, 0xff, 0x80, 0x15, 0xe0, 0xff, 0xe6,
    0x2c, 0x19, 0x7f, 0xe0, 0xca, 0xa8, 0x2e, 0xbf,
    0xe0, 0xaa, 0xf, 0xff, 0x57, 0xff, 0xf0, 0x3,
    0xff, 0xe1, 0xff, 0xfc, 0x0, 0xff, 0xff, 0x87,
    0xff, 0xfc, 0x3f, 0xff, 0xe1, 0xff, 0xe1,

    /* U+0127 "ħ" */
    0xb, 0xe0, 0xff, 0xea, 0xd0, 0x2a, 0xe4, 0x3f,
    0x28, 0x25, 0xec, 0x3f, 0xf9, 0xfe, 0xb, 0xfa,
    0xf, 0xfe, 0xbd, 0xf9, 0xf, 0xf9, 0xd0, 0xd6,
    0x1f, 0xcc, 0x5, 0x6, 0xc3, 0xf4, 0x5d, 0x38,
    0x24, 0x3f, 0x68, 0x65, 0x3, 0xf, 0x90, 0xfa,
    0x2, 0x1f, 0x41, 0xff, 0xff, 0xf, 0xff, 0xf8,
    0x7f, 0xff, 0xc3, 0xff, 0x86,

    /* U+0128 "Ĩ" */
    0x1f, 0xa4, 0x1e, 0x4, 0x13, 0x78, 0x24, 0x7d,
    0x4, 0xe3, 0xc0, 0x7e, 0x83, 0xff, 0xa5, 0xf4,
    0x1f, 0xff, 0xf0, 0xff, 0xff, 0x87, 0xff, 0xfc,
    0x3f, 0xfe, 0xe0,

    /* U+0129 "ĩ" */
    0xf, 0xfe, 0x3, 0xf2, 0x17, 0x88, 0x2a, 0x10,
    0xc3, 0xc3, 0xa6, 0xc, 0x70, 0x95, 0x68, 0x5f,
    0x41, 0xff, 0xcf, 0xf8, 0x3f, 0xff, 0xe1, 0xff,
    0xff, 0xf, 0xff, 0x40,

    /* U+012A "Ī" */
    0x5f, 0xf5, 0x7f, 0x61, 0xfe, 0xff, 0xe8, 0x3f,
    0xf9, 0x7f, 0x41, 0xff, 0xff, 0xf, 0xff, 0xf8,
    0x7f, 0xff, 0xc3, 0xff, 0x8c,

    /* U+012B "ī" */
    0x17, 0xf8, 0x15, 0xfc, 0x87, 0xff, 0x3, 0xff,
    0x90, 0xff, 0xec, 0xfc, 0x1f, 0xff, 0xf0, 0xff,
    0xff, 0x87, 0xff, 0xa0,

    /* U+012C "Ĭ" */
    0x24, 0x3c, 0xa1, 0xa0, 0x6e, 0xc8, 0x7f, 0x2,
    0x18, 0x39, 0xc2, 0x7f, 0xa0, 0xff, 0xe8, 0x7d,
    0x7, 0xff, 0xfc, 0x3f, 0xff, 0xe1, 0xff, 0xff,
    0xf, 0xfe, 0xf0,

    /* U+012D "ĭ" */
    0x24, 0x3d, 0x2d, 0x7, 0x48, 0x83, 0x5a, 0x44,
    0x81, 0x52, 0x20, 0x74, 0x26, 0x81, 0xaf, 0xa4,
    0x3f, 0xfa, 0x1f, 0x7, 0xff, 0xfc, 0x3f, 0xff,
    0xe1, 0xff, 0xe8,

    /* U+012E "Į" */
    0x3e, 0x83, 0xff, 0xfe, 0x1f, 0xff, 0xf0, 0xff,
    0xe4, 0xe0, 0x82, 0x44, 0x34, 0x41, 0xff, 0xc1,
    0x80, 0x88, 0xfa, 0x24, 0x24,

    /* U+012F "į" */
    0x3e, 0xf, 0xfe, 0x6f, 0xc1, 0xff, 0xc6, 0xf8,
    0x3f, 0xff, 0xe1, 0xff, 0xeb, 0xc3, 0xd9, 0x84,
    0x87, 0xb1, 0xd, 0x8a, 0x9, 0x5, 0xe4, 0x83,
    0x80,

    /* U+0130 "İ" */
    0xfa, 0xf, 0xd5, 0x96, 0xe, 0xfa, 0xf, 0xff,
    0xf8, 0x7f, 0xf2, 0x40,

    /* U+0131 "ı" */
    0xf8, 0x3f, 0xff, 0xa0,

    /* U+0132 "Ĳ" */
    0xfa, 0xf, 0x7c, 0x1f, 0xff, 0xf0, 0xff, 0xff,
    0x87, 0xff, 0xfc, 0x3f, 0xff, 0xe1, 0xff, 0xd9,
    0xfa, 0xf, 0xfe, 0x3a, 0x1f, 0xfc, 0x1c, 0x8,
    0x7f, 0x48, 0x30, 0xf7, 0xc8, 0x48, 0x7f, 0xf0,
    0x30, 0xff, 0x36, 0x10,

    /* U+0133 "ĳ" */
    0xf8, 0x3d, 0x78, 0x3f, 0xfb, 0x9f, 0x7, 0xaf,
    0x7, 0xff, 0x3f, 0xe0, 0xf5, 0xe0, 0xff, 0xff,
    0x87, 0xff, 0xfc, 0x3f, 0xff, 0xe1, 0xfe, 0xf8,
    0x3f, 0xf8, 0xe8, 0x7f, 0xf3, 0x10, 0xfe, 0x6a,
    0x4, 0x1f, 0x28, 0xa, 0xf, 0xf5, 0x0,

    /* U+0134 "Ĵ" */
    0xe, 0x68, 0x87, 0xcc, 0xa8, 0x3e, 0x89, 0x30,
    0xec, 0x54, 0x8, 0x28, 0x60, 0x62, 0x81, 0x70,
    0x6f, 0x21, 0xff, 0xc5, 0xfa, 0xf, 0xff, 0xf8,
    0x7f, 0xff, 0xc3, 0xff, 0xfe, 0x1f, 0xfe, 0x6c,
    0x3f, 0xfa, 0xe8, 0x7c, 0x87, 0xf9, 0x80, 0x86,
    0xbd, 0x5, 0x7, 0xfa, 0xf, 0xe7, 0x43, 0x80,

    /* U+0135 "ĵ" */
    0xd, 0xf0, 0x7d, 0x5, 0x87, 0x92, 0x2, 0x1b,
    0x15, 0x10, 0x50, 0x21, 0x44, 0x4, 0xc2, 0x85,
    0x1e, 0xe, 0xf2, 0x1f, 0xfc, 0x3f, 0x83, 0xff,
    0xfe, 0x1f, 0xff, 0xf0, 0xff, 0xff, 0x87, 0xff,
    0x5, 0x2, 0x19, 0xb8, 0x18, 0x6d, 0x9, 0x41,
    0xf3, 0x40, 0xe0,

    /* U+0136 "Ķ" */
    0xfa, 0xf, 0xe7, 0xf0, 0x7f, 0xf0, 0x98, 0x2c,
    0x3f, 0xf8, 0x2c, 0x16, 0x1f, 0xfc, 0x16, 0xb,
    0xf, 0xfe, 0xb, 0x5, 0x87, 0xff, 0x5, 0x82,
    0xc3, 0xff, 0x82, 0xc1, 0x61, 0xff, 0xc1, 0x60,
    0xb0, 0xff, 0xe0, 0xb0, 0x1c, 0x3f, 0xf8, 0x2c,
    0x6, 0xf, 0xfe, 0xb, 0x1, 0x83, 0xff, 0x8d,
    0x7, 0xff, 0x1d, 0xf, 0xfe, 0x1a, 0x14, 0x87,
    0xff, 0xf, 0xa, 0x43, 0xff, 0x87, 0x85, 0x21,
    0xff, 0xc3, 0xc2, 0x83, 0xff, 0x89, 0x85, 0x87,
    0xff, 0x13, 0xb, 0xf, 0xfe, 0x24, 0x16, 0x1f,
    0xfc, 0x36, 0xb, 0xf, 0xfe, 0x1b, 0x5, 0x87,
    0xff, 0xd, 0x82, 0xc3, 0xff, 0x86, 0xc1, 0x61,
    0xff, 0xc3, 0x60, 0xb3, 0xe8, 0x3f, 0xcf, 0xe0,
    0xff, 0xe9, 0x2c, 0x1f, 0xfc, 0x46, 0x98, 0x7f,
    0xf1, 0x30, 0x41, 0xff, 0xc4, 0x44, 0x3f, 0xf8,
    0xf0, 0x7f, 0xf1, 0x11, 0xf, 0xf0,

    /* U+0137 "ķ" */
    0xf8, 0x3f, 0xff, 0xe1, 0xff, 0xe8, 0xbe, 0xf,
    0xfe, 0x4, 0x83, 0xf, 0xfb, 0x41, 0x87, 0xfd,
    0x85, 0x87, 0xfd, 0x81, 0xc3, 0xfe, 0xc0, 0xc1,
    0xff, 0x60, 0x60, 0xff, 0x38, 0x18, 0x3f, 0xe8,
    0x14, 0xf, 0xfe, 0x1e, 0x1f, 0xfc, 0x18, 0xc,
    0x1f, 0xfc, 0x6, 0x3, 0x7, 0xff, 0x1, 0x80,
    0xc1, 0xff, 0xc0, 0x60, 0x30, 0x7f, 0xf0, 0x18,
    0xc, 0x1f, 0xfc, 0x6, 0x3, 0x7, 0xff, 0x1,
    0x80, 0xc1, 0xff, 0xc0, 0x60, 0x30, 0x7f, 0xf0,
    0x18, 0xc, 0x7c, 0x1f, 0x9f, 0xa0, 0xff, 0xe6,
    0xac, 0x1f, 0xfc, 0x16, 0xa0, 0xff, 0xe0, 0xe0,
    0x83, 0xff, 0x82, 0x81, 0xf, 0xfe, 0x1c, 0x1f,
    0xfc, 0x14, 0x8, 0x7e,

    /* U+0138 "ĸ" */
    0xf8, 0x3f, 0x5f, 0x7, 0xff, 0x2, 0x41, 0x87,
    0xfd, 0xa0, 0xc3, 0xfe, 0xc2, 0xc3, 0xfe, 0xc0,
    0xe1, 0xff, 0x60, 0x60, 0xff, 0xb0, 0x30, 0x7f,
    0x9c, 0xc, 0x1f, 0xf4, 0x6, 0xf, 0xfe, 0x8c,
    0x6, 0xf, 0xfe, 0x3, 0x1, 0x83, 0xff, 0x80,
    0xc0, 0x60, 0xff, 0xe0, 0x30, 0x18, 0x3f, 0xf8,
    0xc, 0x6, 0xf, 0xfe, 0x3, 0x1, 0x83, 0xff,
    0x80, 0xc0, 0x60, 0xff, 0xe0, 0x30, 0x18, 0x3f,
    0xf8, 0xc, 0x6, 0x0,

    /* U+0139 "Ĺ" */
    0xd, 0x44, 0x3f, 0xf8, 0x1a, 0xc1, 0xff, 0x40,
    0xc3, 0xfe, 0x51, 0x7, 0xff, 0x2, 0x14, 0x1f,
    0xfc, 0xf, 0x41, 0xff, 0xd0, 0xfa, 0xf, 0xff,
    0xf8, 0x7f, 0xff, 0xc3, 0xff, 0xfe, 0x1f, 0xff,
    0xf0, 0xff, 0xf3, 0xbf, 0xff, 0x7, 0xff, 0x54,

    /* U+013A "ĺ" */
    0x9, 0xa0, 0x69, 0xd, 0x82, 0x4, 0xc, 0xa,
    0x30, 0x9f, 0x6, 0xf8, 0x3f, 0xff, 0xe1, 0xff,
    0xff, 0xf, 0xfe, 0x88,

    /* U+013B "Ļ" */
    0xfa, 0xf, 0xff, 0xf8, 0x7f, 0xff, 0xc3, 0xff,
    0xfe, 0x1f, 0xff, 0xf0, 0xff, 0xf3, 0xbf, 0xff,
    0x7, 0xff, 0x57, 0xff, 0xf8, 0x61, 0xff, 0xcc,
    0x58, 0x3f, 0xf8, 0x15, 0x61, 0xff, 0xc0, 0x41,
    0x7, 0xff, 0x9, 0xf, 0xfe, 0x2, 0x8, 0x3f,
    0xf8, 0x18, 0x87, 0xe0,

    /* U+013C "ļ" */
    0x3e, 0xf, 0xff, 0xf8, 0x7f, 0xfa, 0x3e, 0xf,
    0xca, 0x5, 0x61, 0x4, 0x12, 0x20, 0x8c, 0x40,

    /* U+013D "Ľ" */
    0xfa, 0x9, 0xf8, 0x3f, 0xf8, 0x68, 0x7f, 0xf0,
    0x30, 0x61, 0xff, 0xc0, 0x40, 0x87, 0xff, 0x9,
    0xf, 0xfe, 0x1e, 0x1f, 0xfc, 0x1f, 0x21, 0xff,
    0xff, 0xf, 0xff, 0xf8, 0x7f, 0xff, 0xc3, 0xff,
    0x98, 0xff, 0xfc, 0x1f, 0xfd, 0x50,

    /* U+013E "ľ" */
    0xf8, 0x2f, 0x83, 0xff, 0x88, 0x81, 0xf, 0xec,
    0x3d, 0x81, 0xf, 0x22, 0x1f, 0x7a, 0xf, 0xff,
    0xf8, 0x7f, 0xff, 0xc3, 0xff, 0xbc,

    /* U+013F "Ŀ" */
    0xfa, 0xf, 0xff, 0xf8, 0x7f, 0xff, 0x9f, 0x83,
    0xff, 0xe0, 0xfc, 0x1f, 0xff, 0xf0, 0xff, 0xf7,
    0xbf, 0xff, 0x7, 0xff, 0x54,

    /* U+0140 "ŀ" */
    0xf8, 0x3f, 0xff, 0xe1, 0xef, 0x90, 0xff, 0xe8,
    0x7c, 0x87, 0xff, 0xfc, 0x3f, 0xf8, 0x20,

    /* U+0141 "Ł" */
    0xd, 0x7a, 0xf, 0xff, 0xf8, 0x7f, 0xfe, 0x1d,
    0xf, 0xfe, 0x25, 0xc, 0x3f, 0xf8, 0x4e, 0x8c,
    0x1f, 0xfc, 0x16, 0x5, 0x3, 0xff, 0x8b, 0xa1,
    0xff, 0xc4, 0x70, 0xff, 0xe0, 0xc8, 0x18, 0x3f,
    0xf8, 0x3a, 0x1f, 0xfc, 0x5c, 0x3f, 0xf8, 0xf1,
    0xa1, 0xff, 0xc4, 0x70, 0xff, 0xff, 0x87, 0xff,
    0x45, 0xff, 0xf9, 0xf, 0xfe, 0xe0,

    /* U+0142 "ł" */
    0xb, 0xe0, 0xff, 0xff, 0x87, 0xff, 0xd, 0xf0,
    0x7d, 0x7, 0xf9, 0xc2, 0x42, 0xa0, 0x54, 0x9,
    0xa, 0x43, 0xf6, 0x41, 0xf3, 0xa1, 0xff, 0xff,
    0xf, 0xfe, 0x50,

    /* U+0143 "Ń" */
    0xf, 0xe6, 0x43, 0xff, 0x86, 0xc8, 0x7f, 0xf1,
    0x21, 0x41, 0xff, 0xc2, 0xc1, 0x7, 0xff, 0x9,
    0x6, 0x1f, 0xfc, 0x37, 0xc1, 0xff, 0xd1, 0xfe,
    0xf, 0xf5, 0xe4, 0x39, 0xf, 0xfe, 0x34, 0x1f,
    0xfc, 0x74, 0x3f, 0xf8, 0xd0, 0x7f, 0xf0, 0xe0,
    0x90, 0xff, 0xe1, 0xc0, 0x83, 0xff, 0x86, 0x84,
    0x87, 0xff, 0xe, 0x4, 0x1f, 0xfc, 0x34, 0x24,
    0x3f, 0xf8, 0x70, 0x20, 0xff, 0xe1, 0xa1, 0x21,
    0xff, 0xc3, 0x81, 0x7, 0xff, 0xd, 0xa, 0xf,
    0xfe, 0x1c, 0x4, 0x3f, 0xf8, 0x68, 0x50, 0x7f,
    0xf0, 0xe0, 0x21, 0xff, 0xc3, 0x42, 0x83, 0xff,
    0x87, 0x1, 0xf, 0xfe, 0x1a, 0x81, 0x7, 0xff,
    0xe, 0x2, 0x83, 0xff, 0x86, 0x87, 0xff, 0x1a,
    0xf, 0xfe, 0x3a, 0x1f, 0xfc, 0x68, 0x38,

    /* U+0144 "ń" */
    0xf, 0xcd, 0x10, 0xff, 0xe0, 0x4b, 0x7, 0xfd,
    0x83, 0xf, 0xfa, 0x4, 0x1f, 0xfc, 0x4, 0x50,
    0x7f, 0xd8, 0xc1, 0xff, 0x40, 0x83, 0xff, 0x81,
    0x78, 0x3f, 0xf9, 0xbf, 0x5, 0x7e, 0x43, 0xf3,
    0xa1, 0xac, 0x3c, 0xc0, 0x50, 0x6c, 0x3a, 0x2e,
    0x9c, 0x12, 0x1d, 0xa1, 0x94, 0xc, 0x32, 0x1f,
    0x40, 0x43, 0x41, 0xff, 0xff, 0xf, 0xff, 0xf8,
    0x7f, 0xfa, 0x80,

    /* U+0145 "Ņ" */
    0xfe, 0xf, 0xf5, 0xe4, 0x39, 0xf, 0xfe, 0x34,
    0x1f, 0xfc, 0x74, 0x3f, 0xf8, 0xd0, 0x7f, 0xf0,
    0xe0, 0x90, 0xff, 0xe1, 0xc0, 0x83, 0xff, 0x86,
    0x84, 0x87, 0xff, 0xe, 0x4, 0x1f, 0xfc, 0x34,
    0x24, 0x3f, 0xf8, 0x70, 0x20, 0xff, 0xe1, 0xa1,
    0x21, 0xff, 0xc3, 0x81, 0x7, 0xff, 0xd, 0xa,
    0xf, 0xfe, 0x1c, 0x4, 0x3f, 0xf8, 0x68, 0x50,
    0x7f, 0xf0, 0xe0, 0x21, 0xff, 0xc3, 0x42, 0x83,
    0xff, 0x87, 0x1, 0xf, 0xfe, 0x1a, 0x81, 0x7,
    0xff, 0xe, 0x2, 0x83, 0xff, 0x86, 0x87, 0xff,
    0x1a, 0xf, 0xfe, 0x3a, 0x1f, 0xfc, 0x68, 0x3b,
    0xe4, 0x3f, 0xdf, 0x90, 0xff, 0xe8, 0x28, 0x3f,
    0xf8, 0x9d, 0x10, 0xff, 0xe3, 0x21, 0xff, 0xc2,
    0x41, 0x7, 0xff, 0xf, 0x2, 0x1f, 0xfc, 0x34,
    0x83, 0xf8,

    /* U+0146 "ņ" */
    0xf8, 0x2b, 0xf2, 0x1f, 0x9d, 0xd, 0x61, 0xe6,
    0x2, 0x83, 0x61, 0xd1, 0x74, 0xe0, 0x90, 0xed,
    0xc, 0xa0, 0x61, 0x90, 0xfa, 0x2, 0x1a, 0xf,
    0xff, 0xf8, 0x7f, 0xff, 0xc3, 0xff, 0xd5, 0xf0,
    0x7f, 0x7c, 0x1f, 0xfc, 0xc5, 0x7, 0xff, 0x6,
    0xa4, 0x3f, 0xf8, 0x8, 0x10, 0xff, 0xe1, 0x41,
    0xff, 0xc0, 0x40, 0x87, 0xff, 0x3, 0x20, 0xfc,

    /* U+0147 "Ň" */
    0xc, 0xc8, 0x74, 0x87, 0xf2, 0xa4, 0x2d, 0xf,
    0xfb, 0x24, 0xc5, 0x7, 0xfd, 0x16, 0x8, 0x3f,
    0xf8, 0xa, 0xb, 0xf, 0xfe, 0x15, 0xf0, 0x7f,
    0xf3, 0xff, 0x83, 0xfd, 0x79, 0xe, 0x43, 0xff,
    0x8d, 0x7, 0xff, 0x1d, 0xf, 0xfe, 0x34, 0x1f,
    0xfc, 0x38, 0x24, 0x3f, 0xf8, 0x70, 0x20, 0xff,
    0xe1, 0xa1, 0x21, 0xff, 0xc3, 0x81, 0x7, 0xff,
    0xd, 0x9, 0xf, 0xfe, 0x1c, 0x8, 0x3f, 0xf8,
    0x68, 0x48, 0x7f, 0xf0, 0xe0, 0x41, 0xff, 0xc3,
    0x42, 0x83, 0xff, 0x87, 0x1, 0xf, 0xfe, 0x1a,
    0x14, 0x1f, 0xfc, 0x38, 0x8, 0x7f, 0xf0, 0xd0,
    0xa0, 0xff, 0xe1, 0xc0, 0x43, 0xff, 0x86, 0xa0,
    0x41, 0xff, 0xc3, 0x80, 0xa0, 0xff, 0xe1, 0xa1,
    0xff, 0xc6, 0x83, 0xff, 0x8e, 0x87, 0xff, 0x1a,
    0xe,

    /* U+0148 "ň" */
    0xf, 0xfe, 0x3f, 0x83, 0xbc, 0x87, 0x93, 0xa,
    0x14, 0x1e, 0x80, 0x8a, 0x20, 0xfd, 0x13, 0x10,
    0x7f, 0x28, 0x85, 0x7, 0xfa, 0xa, 0xf, 0xfe,
    0x7, 0xc1, 0xff, 0xcb, 0xf8, 0x2b, 0xf2, 0x1f,
    0x9d, 0xd, 0x61, 0xe6, 0x2, 0x83, 0x61, 0xd1,
    0x74, 0xe0, 0x90, 0xed, 0xc, 0xa0, 0x61, 0x90,
    0xfa, 0x2, 0x1a, 0xf, 0xff, 0xf8, 0x7f, 0xff,
    0xc3, 0xff, 0xd4,

    /* U+0149 "ŉ" */
    0x1f, 0x83, 0xff, 0xdf, 0x81, 0xf, 0xfe, 0x2a,
    0x8, 0x3f, 0xf8, 0xe8, 0x7f, 0xf1, 0x50, 0x45,
    0xe4, 0xd, 0xf4, 0x1e, 0x83, 0xee, 0x42, 0x78,
    0xe, 0x87, 0x78, 0x24, 0x32, 0x83, 0xf9, 0x1f,
    0x5e, 0xa, 0xf, 0xf3, 0x7, 0x61, 0xff, 0xc1,
    0x83, 0xe4, 0x8, 0x7e, 0x43, 0xf6, 0xc, 0x3f,
    0xfa, 0x38, 0x7f, 0xff, 0xc3, 0xff, 0xfe, 0x1f,
    0xff, 0xc0,

    /* U+014A "Ŋ" */
    0xfa, 0x9, 0xbf, 0x21, 0xff, 0x72, 0x1a, 0xc3,
    0xfb, 0xf, 0xec, 0x3e, 0xc0, 0xd4, 0x86, 0x83,
    0x90, 0x72, 0xd6, 0x12, 0x1f, 0x61, 0xf6, 0x12,
    0x1d, 0x7, 0xf2, 0xc, 0x39, 0xf, 0xec, 0x8,
    0x7f, 0xf2, 0xd0, 0xff, 0x21, 0xff, 0xff, 0xf,
    0xff, 0xf8, 0x7f, 0xff, 0xc3, 0xff, 0xe9, 0xf4,
    0x1f, 0xfd, 0x14, 0x3f, 0xfb, 0x30, 0x10, 0xff,
    0xe0, 0x53, 0xb, 0xf, 0xfe, 0x2, 0x82, 0x50,
    0x7f, 0xf0, 0xda, 0x0,

    /* U+014B "ŋ" */
    0xf8, 0x2b, 0xf2, 0x1f, 0x9d, 0xd, 0x61, 0xe6,
    0x2, 0x83, 0x61, 0xd1, 0x74, 0xe0, 0x90, 0xed,
    0xc, 0xa0, 0x61, 0x90, 0xfa, 0x2, 0x1a, 0xf,
    0xff, 0xf8, 0x7f, 0xff, 0xc3, 0xff, 0xd5, 0xf0,
    0x7f, 0xfb, 0x10, 0x21, 0xe6, 0xb7, 0x3, 0xf,
    0x6b, 0x82, 0x50, 0x7f, 0xf0, 0x68, 0x0,

    /* U+014C "Ō" */
    0xf, 0xbf, 0xfc, 0x1f, 0xfd, 0xaa, 0xff, 0x7,
    0xff, 0x9, 0x7f, 0xc1, 0xff, 0xf3, 0x6f, 0xd2,
    0x1f, 0xfc, 0x2b, 0x90, 0xcd, 0xc1, 0xff, 0x68,
    0x7f, 0x9c, 0x3f, 0xb0, 0x9f, 0xf2, 0x16, 0x1f,
    0x61, 0x50, 0x3d, 0x40, 0xb0, 0xe8, 0x29, 0xf,
    0xcc, 0x14, 0x19, 0x2, 0x83, 0xfc, 0xa0, 0x21,
    0x21, 0x41, 0xff, 0xc0, 0x82, 0x41, 0x87, 0xff,
    0x23, 0x2, 0x4, 0x3f, 0xf8, 0x48, 0x10, 0xec,
    0x3f, 0xf8, 0x58, 0x7f, 0xff, 0xc3, 0xff, 0xa3,
    0x87, 0xff, 0xb, 0xe, 0x40, 0x87, 0xff, 0x9,
    0x2, 0xc, 0x3f, 0xf9, 0x18, 0x10, 0xa0, 0xff,
    0xe0, 0x41, 0x21, 0x20, 0x50, 0x7f, 0x94, 0x4,
    0x34, 0x14, 0x87, 0xe6, 0xa, 0xe, 0xc2, 0xa0,
    0x7a, 0x81, 0x61, 0xf6, 0x13, 0xfe, 0x42, 0xc3,
    0xfb, 0x43, 0xfc, 0xe1, 0xff, 0x5c, 0x86, 0x6e,
    0xf, 0x0,

    /* U+014D "ō" */
    0xd, 0x7f, 0xf0, 0x7f, 0xf3, 0xba, 0xfe, 0xf,
    0xcb, 0xfe, 0xf, 0xff, 0x9b, 0x7e, 0x90, 0xfe,
    0xa2, 0x19, 0xb0, 0xfb, 0x42, 0x50, 0x6c, 0x3a,
    0xa, 0xe9, 0xc1, 0x61, 0x90, 0x48, 0x67, 0x9,
    0x4, 0x5, 0x7, 0xc8, 0x20, 0x20, 0xc3, 0xf4,
    0x1f, 0x90, 0xff, 0xe9, 0x21, 0xff, 0xe9, 0x43,
    0x21, 0xff, 0xc2, 0x41, 0x87, 0xe8, 0x3a, 0x2,
    0x83, 0xe4, 0x10, 0x48, 0x24, 0x3b, 0x9, 0xa,
    0xa, 0xe9, 0xe0, 0xb0, 0xed, 0x9, 0x41, 0xb0,
    0xfa, 0x88, 0x66, 0xc3, 0x0,

    /* U+014E "Ŏ" */
    0xf, 0xbc, 0x1e, 0xf0, 0x7f, 0xf0, 0x93, 0x40,
    0xe2, 0x1f, 0xfc, 0x28, 0x17, 0xa0, 0x41, 0xff,
    0xc3, 0xd0, 0xce, 0x1f, 0xfc, 0x5b, 0xf4, 0x1f,
    0xff, 0x56, 0xfd, 0x21, 0xff, 0xc2, 0xb9, 0xc,
    0xdc, 0x1f, 0xf6, 0x87, 0xf9, 0xc3, 0xfb, 0x9,
    0xff, 0x21, 0x61, 0xf6, 0x15, 0x3, 0xd4, 0xb,
    0xe, 0x82, 0x90, 0xfc, 0xc1, 0x41, 0x90, 0x28,
    0x3f, 0xca, 0x2, 0x12, 0x14, 0x1f, 0xfc, 0x8,
    0x24, 0x18, 0x7f, 0xf2, 0x30, 0x20, 0x43, 0xff,
    0x84, 0x81, 0xe, 0xc3, 0xff, 0x85, 0x87, 0xff,
    0xfc, 0x3f, 0xfa, 0x38, 0x7f, 0xf0, 0xb0, 0xe4,
    0x8, 0x7f, 0xf0, 0x90, 0x20, 0xc3, 0xff, 0x91,
    0x81, 0xa, 0xf, 0xfe, 0x4, 0x12, 0x12, 0x5,
    0x7, 0xf9, 0x40, 0x43, 0x41, 0x48, 0x7e, 0x60,
    0xa0, 0xec, 0x2a, 0x7, 0xa8, 0x16, 0x1f, 0x61,
    0x3f, 0xe4, 0x2c, 0x3f, 0xb4, 0x3f, 0xce, 0x1f,
    0xf5, 0xc8, 0x66, 0xe0, 0xf0,

    /* U+014F "ŏ" */
    0xd, 0xe0, 0xf7, 0x83, 0xf2, 0x41, 0x90, 0xff,
    0x63, 0x2a, 0x82, 0x1f, 0x94, 0x34, 0x41, 0x7,
    0xf5, 0x3, 0x38, 0x7f, 0xcf, 0xe8, 0x3f, 0xfc,
    0x6d, 0xfa, 0x43, 0xfa, 0x88, 0x66, 0xc3, 0xed,
    0x9, 0x41, 0xb0, 0xe8, 0x2b, 0xa7, 0x5, 0x86,
    0x41, 0x21, 0x9c, 0x24, 0x10, 0x14, 0x1f, 0x20,
    0x80, 0x83, 0xf, 0xd0, 0x7e, 0x43, 0xff, 0xa4,
    0x87, 0xff, 0xa5, 0xc, 0x87, 0xff, 0x9, 0x6,
    0x1f, 0xa0, 0xe8, 0xa, 0xf, 0x90, 0x41, 0x20,
    0x90, 0xec, 0x24, 0x28, 0x2b, 0xa7, 0x82, 0xc3,
    0xb4, 0x25, 0x6, 0xc3, 0xea, 0x21, 0x9b, 0xc,

    /* U+0150 "Ő" */
    0xf, 0xf5, 0xe0, 0x3e, 0x83, 0xff, 0x84, 0xa2,
    0x4, 0x30, 0x7f, 0xf0, 0xa2, 0x4c, 0x10, 0x7f,
    0xf0, 0xb1, 0x44, 0xc, 0x3f, 0xf8, 0x75, 0x3,
    0xb0, 0xff, 0xe2, 0x28, 0x25, 0x7, 0xff, 0x75,
    0xbf, 0x48, 0x7f, 0xf0, 0xae, 0x43, 0x37, 0x7,
    0xfd, 0xa1, 0xfe, 0x70, 0xfe, 0xc2, 0x7f, 0xc8,
    0x58, 0x7d, 0x85, 0x40, 0xf5, 0x2, 0xc3, 0xa0,
    0xa4, 0x3f, 0x30, 0x50, 0x64, 0xa, 0xf, 0xf2,
    0x80, 0x84, 0x85, 0x7, 0xff, 0x2, 0x9, 0x6,
    0x1f, 0xfc, 0x8c, 0x8, 0x10, 0xff, 0xe1, 0x20,
    0x43, 0xb0, 0xff, 0xe1, 0x61, 0xff, 0xff, 0xf,
    0xfe, 0x8e, 0x1f, 0xfc, 0x2c, 0x39, 0x2, 0x1f,
    0xfc, 0x24, 0x8, 0x30, 0xff, 0xe4, 0x60, 0x42,
    0x83, 0xff, 0x81, 0x4, 0x84, 0x81, 0x41, 0xfe,
    0x50, 0x10, 0xd0, 0x52, 0x1f, 0x98, 0x28, 0x3b,
    0xa, 0x81, 0xea, 0x5, 0x87, 0xd8, 0x4f, 0xf9,
    0xb, 0xf, 0xed, 0xf, 0xf3, 0x87, 0xfd, 0x72,
    0x19, 0xb8, 0x3c,

    /* U+0151 "ő" */
    0xf, 0xd7, 0x80, 0xf9, 0xf, 0xe4, 0x81, 0x1,
    0xf, 0xd0, 0x11, 0x6, 0x1f, 0xc9, 0x82, 0x10,
    0xfe, 0x84, 0x10, 0x20, 0xfe, 0x48, 0x9, 0x87,
    0xfb, 0xc1, 0x78, 0x3f, 0xfc, 0x4d, 0xfa, 0x43,
    0xfa, 0x88, 0x66, 0xc3, 0xed, 0x9, 0x41, 0xb0,
    0xe8, 0x2b, 0xa7, 0x5, 0x86, 0x41, 0x21, 0x9c,
    0x24, 0x10, 0x14, 0x1f, 0x20, 0x80, 0x83, 0xf,
    0xd0, 0x7e, 0x43, 0xff, 0xa4, 0x87, 0xff, 0xa5,
    0xc, 0x87, 0xff, 0x9, 0x6, 0x1f, 0xa0, 0xe8,
    0xa, 0xf, 0x90, 0x41, 0x20, 0x90, 0xec, 0x24,
    0x28, 0x2b, 0xa7, 0x82, 0xc3, 0xb4, 0x25, 0x6,
    0xc3, 0xea, 0x21, 0x9b, 0xc,

    /* U+0152 "Œ" */
    0xf, 0xe6, 0x9f, 0xff, 0xc8, 0xf, 0xd7, 0x28,
    0x3f, 0xf9, 0xd6, 0x87, 0xff, 0x47, 0x42, 0x6f,
    0xe8, 0x2f, 0xff, 0xe0, 0x6, 0x83, 0x72, 0x1f,
    0xfc, 0xc5, 0x1, 0xc3, 0xff, 0x9f, 0x5, 0x7,
    0xff, 0x3d, 0xa, 0xf, 0xfe, 0x86, 0x12, 0x1f,
    0xfd, 0x4, 0x8, 0x7f, 0xf5, 0x30, 0xff, 0xe1,
    0xff, 0xfc, 0x87, 0xff, 0xfc, 0x3f, 0xf8, 0x1f,
    0xff, 0x21, 0xff, 0xda, 0xc3, 0xff, 0xa2, 0x81,
    0xf, 0xfe, 0x8e, 0x12, 0x1f, 0xfd, 0x4, 0x28,
    0x3f, 0xfa, 0x30, 0x50, 0x7f, 0xf4, 0x14, 0x7,
    0xf, 0xfe, 0x84, 0x1b, 0x90, 0xff, 0xe7, 0x68,
    0x4d, 0xfd, 0x5, 0xff, 0xfc, 0x0, 0xf5, 0xa1,
    0xff, 0xd4, 0xb9, 0x41, 0xff, 0xc9,

    /* U+0153 "œ" */
    0xe, 0x6f, 0xd2, 0x1e, 0x6f, 0xd2, 0x1f, 0xd4,
    0x43, 0x36, 0x1b, 0x90, 0xcd, 0x87, 0xda, 0x12,
    0x83, 0x60, 0xc3, 0x28, 0x36, 0x1d, 0x5, 0x74,
    0xe0, 0xbc, 0x7, 0xd4, 0xf0, 0x50, 0x64, 0x12,
    0x19, 0xc3, 0x98, 0x3d, 0x81, 0xa, 0x2, 0x83,
    0xe4, 0x34, 0x1f, 0xa0, 0x40, 0x41, 0x87, 0xe8,
    0x24, 0x3f, 0x90, 0x21, 0xc8, 0x7f, 0xf0, 0x57,
    0xfc, 0x1f, 0xfc, 0x96, 0xbf, 0xc1, 0xff, 0xe9,
    0xbf, 0xff, 0x82, 0x1f, 0xfc, 0x6c, 0x3f, 0xf8,
    0xc8, 0x7f, 0xf0, 0x10, 0xff, 0xe1, 0xa0, 0xc3,
    0xf4, 0x19, 0xf, 0xfe, 0x14, 0x5, 0x7, 0xc8,
    0x68, 0x3f, 0xf8, 0x68, 0x24, 0x3b, 0xf, 0x68,
    0x7c, 0xe8, 0x50, 0x57, 0x4f, 0x5, 0xe0, 0xae,
    0xb7, 0xa0, 0xf6, 0x84, 0xa0, 0xd8, 0x34, 0x25,
    0xc1, 0x90, 0xea, 0x21, 0x9b, 0xd, 0x68, 0x73,
    0x78, 0x0,

    /* U+0154 "Ŕ" */
    0xf, 0xcd, 0x3, 0xff, 0x89, 0x21, 0xff, 0xc4,
    0xc1, 0x7, 0xff, 0xa, 0x6, 0x1f, 0xfc, 0x25,
    0x10, 0x7f, 0xf0, 0xdf, 0x21, 0xff, 0xd1, 0xff,
    0xf4, 0x87, 0xff, 0x15, 0xb4, 0x3f, 0xf8, 0xd2,
    0x1f, 0x3f, 0xe8, 0x28, 0x3f, 0xf8, 0x4c, 0x12,
    0x1f, 0xfc, 0x24, 0x2c, 0x3f, 0xf8, 0x68, 0x7f,
    0xf6, 0x50, 0xff, 0xe4, 0xe1, 0xff, 0xc2, 0x82,
    0x43, 0xff, 0x80, 0xc8, 0x20, 0xf9, 0xfe, 0x90,
    0x48, 0x7f, 0xf1, 0x34, 0x3f, 0xf8, 0xba, 0x1f,
    0x9f, 0xe8, 0x28, 0x3f, 0xf8, 0x4e, 0x16, 0x1f,
    0xfc, 0x38, 0x24, 0x3f, 0xf8, 0x4a, 0x4, 0x1f,
    0xfc, 0x38, 0x24, 0x3f, 0xf8, 0x68, 0x20, 0xff,
    0xe1, 0xe1, 0x21, 0xff, 0xc2, 0x42, 0x83, 0xff,
    0x87, 0x4, 0x87, 0xff, 0x9, 0xb,

    /* U+0155 "ŕ" */
    0xf, 0xcd, 0x10, 0xfd, 0x2c, 0x1f, 0x60, 0xc3,
    0xe8, 0x10, 0x7e, 0x45, 0x7, 0xd8, 0xc1, 0xf4,
    0x8, 0x3f, 0x5e, 0xf, 0xfe, 0x2f, 0xc1, 0x5f,
    0x41, 0xce, 0x87, 0xe6, 0xf, 0xf4, 0x5f, 0xa0,
    0xe9, 0xf, 0xe5, 0x7, 0xfb, 0xf, 0xf9, 0xf,
    0xff, 0xf8, 0x7f, 0xfd, 0x40,

    /* U+0156 "Ŗ" */
    0xff, 0xf4, 0x87, 0xff, 0x15, 0xb4, 0x3f, 0xf8,
    0xd2, 0x1f, 0x3f, 0xe8, 0x28, 0x3f, 0xf8, 0x4c,
    0x12, 0x1f, 0xfc, 0x24, 0x2c, 0x3f, 0xf8, 0x68,
    0x7f, 0xf6, 0x50, 0xff, 0xe4, 0xe1, 0xff, 0xc2,
    0x82, 0x43, 0xff, 0x80, 0xc8, 0x20, 0xf9, 0xfe,
    0x90, 0x48, 0x7f, 0xf1, 0x34, 0x3f, 0xf8, 0xba,
    0x1f, 0x9f, 0xe8, 0x28, 0x3f, 0xf8, 0x4e, 0x16,
    0x1f, 0xfc, 0x38, 0x24, 0x3f, 0xf8, 0x4a, 0x4,
    0x1f, 0xfc, 0x38, 0x24, 0x3f, 0xf8, 0x68, 0x20,
    0xff, 0xe1, 0xe1, 0x21, 0xff, 0xc2, 0x42, 0x83,
    0xff, 0x87, 0x4, 0x87, 0xff, 0x9, 0xb, 0xf4,
    0x1f, 0xf7, 0xd0, 0x7f, 0xf4, 0x16, 0xf, 0xfe,
    0x1d, 0x58, 0x7f, 0xf0, 0xd0, 0x41, 0xff, 0xc5,
    0x43, 0xff, 0x86, 0x82, 0xf, 0xfe, 0x1e, 0x21,
    0xfc,

    /* U+0157 "ŗ" */
    0x3e, 0xa, 0xfa, 0xe, 0x74, 0x3f, 0x30, 0x7f,
    0xa2, 0xfd, 0x7, 0x48, 0x7f, 0x28, 0x3f, 0xd8,
    0x7f, 0xc8, 0x7f, 0xff, 0xc3, 0xff, 0xeb, 0xf0,
    0x7f, 0xf2, 0x94, 0x1f, 0xdd, 0x10, 0xff, 0x90,
    0xf9, 0x4, 0x1f, 0xb0, 0x21, 0xf9, 0x20, 0xfe,

    /* U+0158 "Ř" */
    0xa, 0x43, 0xa4, 0x3f, 0xcc, 0x85, 0xa1, 0xff,
    0x64, 0x98, 0xa0, 0xff, 0xa2, 0xc1, 0x7, 0xff,
    0x1, 0x41, 0x61, 0xff, 0xc2, 0xbe, 0xf, 0xfe,
    0x8f, 0xff, 0xa4, 0x3f, 0xf8, 0xad, 0xa1, 0xff,
    0xc6, 0x90, 0xf9, 0xff, 0x41, 0x41, 0xff, 0xc2,
    0x60, 0x90, 0xff, 0xe1, 0x21, 0x61, 0xff, 0xc3,
    0x43, 0xff, 0xb2, 0x87, 0xff, 0x27, 0xf, 0xfe,
    0x14, 0x12, 0x1f, 0xfc, 0x6, 0x41, 0x7, 0xcf,
    0xf4, 0x82, 0x43, 0xff, 0x89, 0xa1, 0xff, 0xc5,
    0xd0, 0xfc, 0xff, 0x41, 0x41, 0xff, 0xc2, 0x70,
    0xb0, 0xff, 0xe1, 0xc1, 0x21, 0xff, 0xc2, 0x50,
    0x20, 0xff, 0xe1, 0xc1, 0x21, 0xff, 0xc3, 0x41,
    0x7, 0xff, 0xf, 0x9, 0xf, 0xfe, 0x12, 0x14,
    0x1f, 0xfc, 0x38, 0x24, 0x3f, 0xf8, 0x48, 0x58,

    /* U+0159 "ř" */
    0x3c, 0x1d, 0xe4, 0x8c, 0x28, 0x8, 0x82, 0x14,
    0x61, 0x62, 0xa1, 0xe, 0x88, 0x10, 0x72, 0x16,
    0x1f, 0x7c, 0x1f, 0xfc, 0x3f, 0x82, 0xbe, 0x83,
    0x3a, 0x1f, 0x30, 0x7f, 0x45, 0xfa, 0xd, 0x21,
    0xf9, 0x41, 0xfd, 0x87, 0xf9, 0xf, 0xff, 0xf8,
    0x7f, 0xfa, 0x40,

    /* U+015A "Ś" */
    0xf, 0xef, 0x83, 0xff, 0x85, 0x2, 0xf, 0xfe,
    0x12, 0x48, 0x7f, 0xf0, 0x71, 0x41, 0xff, 0xc2,
    0x68, 0x1f, 0xfc, 0x39, 0xf, 0xfe, 0x9b, 0x7f,
    0xa4, 0x3e, 0xe4, 0x3c, 0xdc, 0x13, 0x87, 0x21,
    0xfe, 0x82, 0xbd, 0x7d, 0x21, 0x90, 0xb4, 0x3c,
    0xdc, 0xc, 0x8, 0x7f, 0xf0, 0x90, 0x61, 0xff,
    0xc5, 0xc3, 0xff, 0x84, 0x81, 0xf, 0xfe, 0x16,
    0x16, 0x87, 0xff, 0x1, 0x41, 0x5d, 0x10, 0xfe,
    0x90, 0xca, 0xbd, 0x7, 0xd4, 0x43, 0xe7, 0x43,
    0xcd, 0xca, 0xe, 0xa0, 0x7e, 0x69, 0xe4, 0x25,
    0x7, 0xff, 0x2, 0x81, 0x61, 0xff, 0xc1, 0x50,
    0x10, 0xff, 0xe1, 0x61, 0xff, 0xd7, 0xc3, 0x48,
    0x7f, 0xc8, 0x10, 0x5c, 0x1f, 0x38, 0x50, 0x67,
    0xea, 0x7a, 0xa, 0x6, 0x1e, 0x50, 0x74, 0x81,
    0xf4, 0x87, 0x9b, 0x42,

    /* U+015B "ś" */
    0xf, 0xf3, 0x44, 0x3f, 0xe9, 0x60, 0xff, 0x60,
    0xc3, 0xfd, 0x3, 0xf, 0xf2, 0x88, 0x3f, 0xe8,
    0x90, 0xff, 0x2a, 0x43, 0xfe, 0x64, 0x3f, 0xf9,
    0xb7, 0xfa, 0x43, 0x3a, 0x1e, 0x68, 0x6, 0x9,
    0x70, 0x7a, 0x3, 0xd6, 0xf5, 0x87, 0x41, 0xf2,
    0x83, 0xff, 0x90, 0x87, 0xfc, 0x82, 0x88, 0x7f,
    0x41, 0x37, 0xa4, 0x3d, 0xa1, 0xcd, 0xa1, 0xd7,
    0xa4, 0x35, 0x3, 0xe6, 0xe4, 0x8, 0x7f, 0x98,
    0x24, 0x3f, 0xe4, 0x18, 0x7f, 0xf0, 0xb3, 0x83,
    0xe5, 0x1, 0x3, 0xea, 0xdc, 0x4, 0x3c, 0xb8,
    0x26, 0x7, 0x21, 0xe7, 0x80,

    /* U+015C "Ŝ" */
    0xf, 0x3f, 0x41, 0xff, 0xc1, 0x82, 0x50, 0x7f,
    0xd8, 0xf1, 0x7, 0xfa, 0x4, 0x28, 0xc3, 0xfb,
    0xb0, 0xa8, 0x87, 0xf2, 0x83, 0x98, 0x3f, 0xf9,
    0xed, 0xfe, 0x90, 0xfb, 0x90, 0xf3, 0x70, 0x4e,
    0x1c, 0x87, 0xfa, 0xa, 0xf5, 0xf4, 0x86, 0x42,
    0xd0, 0xf3, 0x70, 0x30, 0x21, 0xff, 0xc2, 0x41,
    0x87, 0xff, 0x17, 0xf, 0xfe, 0x12, 0x4, 0x3f,
    0xf8, 0x58, 0x5a, 0x1f, 0xfc, 0x5, 0x5, 0x74,
    0x43, 0xfa, 0x43, 0x2a, 0xf4, 0x1f, 0x51, 0xf,
    0x9d, 0xf, 0x37, 0x28, 0x3a, 0x81, 0xf9, 0xa7,
    0x90, 0x94, 0x1f, 0xfc, 0xa, 0x5, 0x87, 0xff,
    0x5, 0x40, 0x43, 0xff, 0x85, 0x87, 0xff, 0x5f,
    0xd, 0x21, 0xff, 0x20, 0x41, 0x70, 0x7c, 0xe1,
    0x41, 0x9f, 0xa9, 0xe8, 0x28, 0x18, 0x79, 0x41,
    0xd2, 0x7, 0xd2, 0x1e, 0x6d, 0x8,

    /* U+015D "ŝ" */
    0xf, 0x34, 0xf, 0xfe, 0x4, 0xa8, 0x3f, 0xd0,
    0x4a, 0xf, 0xca, 0x38, 0x83, 0xf4, 0x42, 0x88,
    0x3d, 0xa, 0x4, 0x28, 0x3b, 0xa0, 0x6d, 0xf,
    0x28, 0x3d, 0x21, 0xff, 0xc9, 0xbf, 0xd2, 0x19,
    0xd0, 0xf3, 0x40, 0x30, 0x4b, 0x83, 0xd0, 0x1e,
    0xb7, 0xac, 0x3a, 0xf, 0x94, 0x1f, 0xfc, 0x84,
    0x3f, 0xe4, 0x14, 0x43, 0xfa, 0x9, 0xbd, 0x21,
    0xed, 0xe, 0x6d, 0xe, 0xbd, 0x21, 0xa8, 0x1f,
    0x37, 0x20, 0x43, 0xfc, 0xc1, 0x21, 0xff, 0x20,
    0xc3, 0xff, 0x85, 0x9c, 0x1f, 0x28, 0x8, 0x1f,
    0x56, 0xe0, 0x21, 0xe5, 0xc1, 0x30, 0x39, 0xf,
    0x3c, 0x0,

    /* U+015E "Ş" */
    0xc, 0xdf, 0xe9, 0xf, 0xb9, 0xf, 0x37, 0x4,
    0xe1, 0xc8, 0x7f, 0xa0, 0xaf, 0x5f, 0x48, 0x64,
    0x2d, 0xf, 0x37, 0x3, 0x2, 0x1f, 0xfc, 0x24,
    0x18, 0x7f, 0xf1, 0x70, 0xff, 0xe1, 0x20, 0x43,
    0xff, 0x85, 0x85, 0xa1, 0xff, 0xc0, 0x50, 0x57,
    0x44, 0x3f, 0xa4, 0x32, 0xaf, 0x41, 0xf5, 0x10,
    0xf9, 0xd0, 0xf3, 0x72, 0x83, 0xa8, 0x1f, 0x9a,
    0x79, 0x9, 0x41, 0xff, 0xc0, 0xa0, 0x58, 0x7f,
    0xf0, 0x54, 0x4, 0x3f, 0xf8, 0x58, 0x7f, 0xf5,
    0xf0, 0xd2, 0x1f, 0xf2, 0x4, 0x17, 0x7, 0xce,
    0x14, 0x19, 0xfa, 0x9e, 0x82, 0x81, 0x87, 0x94,
    0x1d, 0x20, 0x7d, 0x21, 0xe6, 0xd0, 0xf3, 0x7d,
    0xc, 0x87, 0xff, 0x5, 0x10, 0xff, 0xe2, 0x24,
    0x1f, 0xf2, 0x12, 0x1f, 0xfc, 0x1b, 0xe0, 0x41,
    0xff, 0xc4, 0x83, 0xff, 0x81, 0xfc, 0x87, 0xc0,

    /* U+015F "ş" */
    0xd, 0x7f, 0xa4, 0x33, 0xa1, 0xe6, 0x80, 0x60,
    0x97, 0x7, 0xa0, 0x3d, 0x6f, 0x58, 0x74, 0x1f,
    0x28, 0x3f, 0xf9, 0x8, 0x7f, 0xc8, 0x28, 0x87,
    0xf4, 0x13, 0x7a, 0x43, 0xda, 0x1c, 0xda, 0x1d,
    0x7a, 0x43, 0x50, 0x3e, 0x6e, 0x40, 0x87, 0xf9,
    0x82, 0x43, 0xfe, 0x41, 0x87, 0xff, 0xb, 0x38,
    0x3e, 0x50, 0x10, 0x3e, 0xad, 0xc0, 0x43, 0xcb,
    0x82, 0x60, 0x72, 0x1e, 0x78, 0x33, 0x7d, 0xc,
    0x1f, 0xf2, 0x28, 0x3f, 0xf8, 0x9, 0x87, 0xe4,
    0x24, 0x3f, 0xd7, 0xc0, 0xc3, 0xf2, 0x1a, 0x43,
    0xf5, 0xf9, 0xe,

    /* U+0160 "Š" */
    0xd, 0xe4, 0x27, 0xc1, 0xfd, 0x10, 0x51, 0x7,
    0xf2, 0x8d, 0xc5, 0x7, 0xfa, 0x4, 0x30, 0x7f,
    0xf0, 0x35, 0xa0, 0xff, 0xe1, 0x54, 0x1f, 0xfd,
    0x26, 0xff, 0x48, 0x7d, 0xc8, 0x79, 0xb8, 0x27,
    0xe, 0x43, 0xfd, 0x5, 0x7a, 0xfa, 0x43, 0x21,
    0x68, 0x79, 0xb8, 0x18, 0x10, 0xff, 0xe1, 0x20,
    0xc3, 0xff, 0x8b, 0x87, 0xff, 0x9, 0x2, 0x1f,
    0xfc, 0x2c, 0x2d, 0xf, 0xfe, 0x2, 0x82, 0xba,
    0x21, 0xfd, 0x21, 0x95, 0x7a, 0xf, 0xa8, 0x87,
    0xce, 0x87, 0x9b, 0x94, 0x1d, 0x40, 0xfc, 0xd3,
    0xc8, 0x4a, 0xf, 0xfe, 0x5, 0x2, 0xc3, 0xff,
    0x82, 0xa0, 0x21, 0xff, 0xc2, 0xc3, 0xff, 0xaf,
    0x86, 0x90, 0xff, 0x90, 0x20, 0xb8, 0x3e, 0x70,
    0xa0, 0xcf, 0xd4, 0xf4, 0x14, 0xc, 0x3c, 0xa0,
    0xe9, 0x3, 0xe9, 0xf, 0x36, 0x84,

    /* U+0161 "š" */
    0x9, 0x83, 0xd2, 0x1d, 0xb8, 0x6d, 0xf, 0x40,
    0x81, 0x1, 0xf, 0x62, 0xe3, 0xf, 0xc9, 0x42,
    0xf, 0xe8, 0x32, 0x1f, 0xed, 0x58, 0x7f, 0xf0,
    0x28, 0x1f, 0xfc, 0xdb, 0xfd, 0x21, 0x9d, 0xf,
    0x34, 0x3, 0x4, 0xb8, 0x3d, 0x1, 0xeb, 0x7a,
    0xc3, 0xa0, 0xf9, 0x41, 0xff, 0xc8, 0x43, 0xfe,
    0x41, 0x44, 0x3f, 0xa0, 0x9b, 0xd2, 0x1e, 0xd0,
    0xe6, 0xd0, 0xeb, 0xd2, 0x1a, 0x81, 0xf3, 0x72,
    0x4, 0x3f, 0xcc, 0x12, 0x1f, 0xf2, 0xc, 0x3f,
    0xf8, 0x59, 0xc1, 0xf2, 0x80, 0x81, 0xf5, 0x6e,
    0x2, 0x1e, 0x5c, 0x13, 0x3, 0x90, 0xf3, 0xc0,

    /* U+0162 "Ţ" */
    0x3f, 0xff, 0x90, 0x87, 0xff, 0x7d, 0x3f, 0xf2,
    0x7, 0xff, 0x7, 0xff, 0xfc, 0x3f, 0xff, 0xe1,
    0xff, 0xff, 0xf, 0xff, 0xf8, 0x7f, 0xff, 0xc3,
    0xff, 0xfe, 0x1f, 0xfc, 0xa9, 0x30, 0xff, 0xe3,
    0xc4, 0x1f, 0xfc, 0xa4, 0x3f, 0xf8, 0xe9, 0x87,
    0xff, 0xd, 0x2, 0x83, 0xff, 0x8b, 0x7a, 0x4,
    0x1f, 0xfc, 0x34, 0x26, 0xf, 0xe0,

    /* U+0163 "ţ" */
    0xb, 0xe0, 0xff, 0xf8, 0x78, 0x2f, 0xf0, 0x7f,
    0xf0, 0xe8, 0x15, 0x78, 0xa, 0x9, 0x7c, 0x1f,
    0xff, 0xf0, 0xff, 0xfe, 0x20, 0x83, 0xfb, 0x3,
    0xd6, 0xc, 0xa0, 0x97, 0x7, 0x51, 0xf, 0xf9,
    0x92, 0xf0, 0x7e, 0x88, 0x3f, 0xe4, 0x83, 0xfd,
    0x88, 0x79, 0xa, 0x10, 0xf5, 0xf0, 0x30, 0xf2,
    0x1a, 0x40,

    /* U+0164 "Ť" */
    0xf, 0x32, 0x1d, 0x21, 0xff, 0xc0, 0x54, 0x85,
    0xa1, 0xff, 0xc2, 0x88, 0x18, 0xa0, 0xff, 0xe0,
    0xa8, 0xf0, 0xc1, 0xff, 0xc3, 0x83, 0x41, 0xff,
    0xc5, 0xfc, 0x1f, 0xfd, 0x4f, 0xff, 0xe4, 0x21,
    0xff, 0xdf, 0x4f, 0xfc, 0x81, 0xff, 0xc1, 0xff,
    0xff, 0xf, 0xff, 0xf8, 0x7f, 0xff, 0xc3, 0xff,
    0xfe, 0x1f, 0xff, 0xf0, 0xff, 0xff, 0x87, 0xff,
    0x4,

    /* U+0165 "ť" */
    0xf, 0xfe, 0x57, 0xc1, 0xff, 0xca, 0x40, 0x86,
    0x58, 0x18, 0x20, 0xd5, 0x7, 0xff, 0xd, 0x10,
    0xff, 0x7a, 0xf, 0xfe, 0x27, 0x82, 0xff, 0x7,
    0xff, 0xe, 0x81, 0x57, 0x80, 0xa0, 0x97, 0xc1,
    0xff, 0xff, 0xf, 0xff, 0xe2, 0x8, 0x3f, 0xb0,
    0x3d, 0x60, 0xca, 0x9, 0x70, 0x75, 0x10, 0xf0,

    /* U+0166 "Ŧ" */
    0x3f, 0xff, 0x90, 0x87, 0xff, 0x7d, 0x3f, 0xf2,
    0x7, 0xff, 0x7, 0xff, 0xfc, 0x3f, 0xff, 0xe1,
    0xff, 0xea, 0xfc, 0x81, 0xfc, 0x1f, 0xfd, 0x44,
    0x3f, 0xf9, 0x37, 0xc8, 0x1f, 0xc1, 0xff, 0xff,
    0xf, 0xff, 0xf8, 0x7f, 0xf4, 0xc0,

    /* U+0167 "ŧ" */
    0xb, 0xe0, 0xff, 0xf8, 0x78, 0x2f, 0xf0, 0x7f,
    0xf0, 0xe8, 0x15, 0x78, 0xa, 0x9, 0x7c, 0x1f,
    0xfd, 0x5, 0x4, 0xbe, 0x5, 0x2, 0xaf, 0x7,
    0xff, 0xf, 0xc1, 0x7f, 0x83, 0xff, 0xf2, 0x81,
    0xf, 0xec, 0x17, 0x58, 0x32, 0x82, 0x5c, 0x1d,
    0x44, 0x3c,

    /* U+0168 "Ũ" */
    0xf, 0x5e, 0x42, 0xb4, 0x3f, 0xa4, 0x16, 0x88,
    0x87, 0xf2, 0x79, 0x2c, 0x43, 0xff, 0x85, 0x40,
    0x30, 0x7f, 0xbc, 0x13, 0xe8, 0x3f, 0xfc, 0x7f,
    0x7, 0xff, 0x3, 0xe4, 0x3f, 0xff, 0xe1, 0xff,
    0xff, 0xf, 0xff, 0xf8, 0x7f, 0xff, 0xc3, 0xff,
    0x8e, 0x86, 0x43, 0xff, 0x8f, 0x87, 0xf9, 0xe,
    0x40, 0x87, 0xfa, 0x2, 0x8, 0x28, 0x3f, 0x21,
    0x61, 0x20, 0x60, 0xf5, 0x0, 0xa0, 0xa0, 0x9f,
    0xaf, 0x21, 0x41, 0xda, 0x1c, 0x86, 0x70, 0xfa,
    0xe4, 0x39, 0xe0, 0xc0,

    /* U+0169 "ũ" */
    0xc, 0xfa, 0x9, 0xe0, 0xf4, 0x6, 0xf, 0xf4,
    0x38, 0xc4, 0x61, 0xc9, 0x18, 0xe0, 0x43, 0xfd,
    0xa0, 0xc3, 0xde, 0xd, 0x78, 0x3f, 0xfb, 0x3f,
    0x7, 0xf7, 0xc1, 0xff, 0xff, 0xf, 0xff, 0xf8,
    0x7f, 0xf6, 0x90, 0xff, 0xe1, 0xe1, 0xf2, 0x1e,
    0x50, 0x68, 0x12, 0x19, 0x83, 0x90, 0xae, 0x9c,
    0x41, 0xd8, 0x65, 0x2, 0x43, 0xda, 0x19, 0xd0,
    0xc0,

    /* U+016A "Ū" */
    0xe, 0xbf, 0xf8, 0x3f, 0xfa, 0x5d, 0x7f, 0x7,
    0xf9, 0x7f, 0xc1, 0xff, 0xe2, 0xf8, 0x3f, 0xf8,
    0x1f, 0x21, 0xff, 0xff, 0xf, 0xff, 0xf8, 0x7f,
    0xff, 0xc3, 0xff, 0xfe, 0x1f, 0xfc, 0x74, 0x32,
    0x1f, 0xfc, 0x7c, 0x3f, 0xc8, 0x72, 0x4, 0x3f,
    0xd0, 0x10, 0x41, 0x41, 0xf9, 0xb, 0x9, 0x3,
    0x7, 0xa8, 0x5, 0x5, 0x4, 0xfd, 0x79, 0xa,
    0xe, 0xd0, 0xe4, 0x33, 0x87, 0xd7, 0x21, 0xcf,
    0x6,

    /* U+016B "ū" */
    0x9, 0xff, 0xe0, 0xff, 0xe5, 0x35, 0xfc, 0x1f,
    0x2f, 0xf0, 0x7f, 0xfa, 0x3e, 0xf, 0xef, 0x83,
    0xff, 0xfe, 0x1f, 0xff, 0xf0, 0xff, 0xed, 0x21,
    0xff, 0xc3, 0xc3, 0xe4, 0x3c, 0xa0, 0xd0, 0x24,
    0x33, 0x7, 0x21, 0x5d, 0x38, 0x83, 0xb0, 0xca,
    0x4, 0x87, 0xb4, 0x33, 0xa1, 0x80,

    /* U+016C "Ŭ" */
    0xe, 0xf0, 0x7b, 0xc1, 0xfe, 0x4d, 0x3, 0x87,
    0xff, 0x2, 0x5, 0xe8, 0x18, 0x7f, 0xda, 0x19,
    0xc3, 0xff, 0x83, 0x7e, 0x83, 0xff, 0xc9, 0xf0,
    0x7f, 0xf0, 0x3e, 0x43, 0xff, 0xfe, 0x1f, 0xff,
    0xf0, 0xff, 0xff, 0x87, 0xff, 0xfc, 0x3f, 0xf8,
    0xe8, 0x64, 0x3f, 0xf8, 0xf8, 0x7f, 0x90, 0xe4,
    0x8, 0x7f, 0xa0, 0x20, 0x82, 0x83, 0xf2, 0x16,
    0x12, 0x6, 0xf, 0x50, 0xa, 0xa, 0x9, 0xfa,
    0xf2, 0x14, 0x1d, 0xa1, 0xc8, 0x67, 0xf, 0xae,
    0x43, 0x9e, 0xc,

    /* U+016D "ŭ" */
    0xa, 0xd0, 0xeb, 0x43, 0xb2, 0xe, 0x44, 0x39,
    0x6, 0xb6, 0x1f, 0xd0, 0x2a, 0x6, 0x1f, 0x32,
    0x13, 0x87, 0xf3, 0x7d, 0x7, 0xff, 0x6b, 0xe0,
    0xfe, 0xf8, 0x3f, 0xff, 0xe1, 0xff, 0xff, 0xf,
    0xfe, 0xd2, 0x1f, 0xfc, 0x3c, 0x3e, 0x43, 0xca,
    0xd, 0x2, 0x43, 0x30, 0x72, 0x15, 0xd3, 0x88,
    0x3b, 0xc, 0xa0, 0x48, 0x7b, 0x43, 0x3a, 0x18,

    /* U+016E "Ů" */
    0xf, 0xd7, 0xc8, 0x7f, 0xf0, 0xb4, 0x29, 0xf,
    0xfe, 0x6, 0x3e, 0x48, 0x3f, 0xf8, 0x50, 0x24,
    0x43, 0xfc, 0x88, 0x6c, 0xc3, 0xfc, 0x88, 0x6c,
    0xc3, 0xff, 0x83, 0x1, 0x42, 0x1e, 0xf8, 0x18,
    0xfa, 0x20, 0x7c, 0x87, 0xda, 0x14, 0x87, 0xff,
    0xa, 0xf9, 0xf, 0xff, 0xf8, 0x7f, 0xff, 0xc3,
    0xff, 0xfe, 0x1f, 0xff, 0x14, 0x32, 0x1f, 0xfc,
    0x7c, 0x3f, 0xc8, 0x72, 0x4, 0x3f, 0xd0, 0x10,
    0x41, 0x41, 0xf9, 0xb, 0x9, 0x3, 0x7, 0xa8,
    0x5, 0x5, 0x4, 0xfd, 0x79, 0xa, 0xe, 0xd0,
    0xe4, 0x33, 0x87, 0xd7, 0x21, 0xcf, 0x6,

    /* U+016F "ů" */
    0xf, 0xfe, 0x55, 0xf2, 0x1f, 0xed, 0xa, 0x81,
    0xfa, 0x1f, 0x42, 0x1f, 0x92, 0x2, 0x88, 0x3f,
    0xf8, 0x38, 0x7f, 0xf0, 0xf0, 0xfe, 0x4c, 0xa,
    0x20, 0xfa, 0x7, 0xa1, 0xf, 0xed, 0xa, 0x81,
    0xfe, 0xbe, 0x43, 0xdf, 0x7, 0xf7, 0xc1, 0xff,
    0xff, 0xf, 0xff, 0xf8, 0x7f, 0xf6, 0x90, 0xff,
    0xe1, 0xe1, 0xf2, 0x1e, 0x50, 0x68, 0x12, 0x19,
    0x83, 0x90, 0xae, 0x9c, 0x41, 0xd8, 0x65, 0x2,
    0x43, 0xda, 0x19, 0xd0, 0xc0,

    /* U+0170 "Ű" */
    0xf, 0xd7, 0x91, 0xf4, 0x1f, 0xe5, 0x12, 0x40,
    0x83, 0xfd, 0xa, 0x20, 0x61, 0xfe, 0xc6, 0x14,
    0x61, 0xff, 0x54, 0x15, 0x87, 0xff, 0x1, 0x41,
    0x28, 0x3f, 0xfa, 0x1f, 0x7, 0xff, 0x3, 0xe4,
    0x3f, 0xff, 0xe1, 0xff, 0xff, 0xf, 0xff, 0xf8,
    0x7f, 0xff, 0xc3, 0xff, 0x8e, 0x86, 0x43, 0xff,
    0x8f, 0x87, 0xf9, 0xe, 0x40, 0x87, 0xfa, 0x2,
    0x8, 0x28, 0x3f, 0x21, 0x61, 0x20, 0x60, 0xf5,
    0x0, 0xa0, 0xa0, 0x9f, 0xaf, 0x21, 0x41, 0xda,
    0x1c, 0x86, 0x70, 0xfa, 0xe4, 0x39, 0xe0, 0xc0,

    /* U+0171 "ű" */
    0xf, 0x9f, 0x5, 0xe8, 0x3f, 0x42, 0x8, 0x10,
    0x7c, 0x82, 0x2, 0x41, 0xfa, 0x20, 0x40, 0x43,
    0xe4, 0x8, 0x13, 0xf, 0xd1, 0x3, 0x20, 0xfe,
    0xf2, 0xf, 0x21, 0xff, 0xdb, 0xf8, 0x3f, 0xbe,
    0xf, 0xff, 0xf8, 0x7f, 0xff, 0xc3, 0xff, 0xcc,
    0x87, 0xff, 0x13, 0xf, 0xc8, 0x79, 0x41, 0xd0,
    0x24, 0x33, 0x7, 0x90, 0xae, 0x9c, 0x41, 0xec,
    0x32, 0x81, 0x21, 0xf6, 0x86, 0x74, 0x38,

    /* U+0172 "Ų" */
    0x3e, 0xf, 0xfe, 0x7, 0xc8, 0x7f, 0xff, 0xc3,
    0xff, 0xfe, 0x1f, 0xff, 0xf0, 0xff, 0xff, 0x87,
    0xff, 0x1d, 0xc, 0x87, 0xff, 0x1f, 0xf, 0xf2,
    0x1c, 0x81, 0xf, 0xf4, 0x4, 0x10, 0x50, 0x7e,
    0x42, 0xc2, 0x40, 0xc1, 0xea, 0x1, 0x41, 0x41,
    0x3f, 0x5e, 0x42, 0x83, 0xb4, 0x39, 0xc, 0xe1,
    0xf5, 0xc8, 0x73, 0xc1, 0xfe, 0x64, 0xbd, 0x7,
    0xff, 0x9, 0x10, 0xff, 0xe2, 0x42, 0x1f, 0xfc,
    0x74, 0x3f, 0xf8, 0xb8, 0x3e, 0x43, 0xff, 0x82,
    0xc1, 0xff, 0xc7, 0x7f, 0x21, 0xe0,

    /* U+0173 "ų" */
    0x3e, 0xf, 0xef, 0x83, 0xff, 0xfe, 0x1f, 0xff,
    0xf0, 0xff, 0xff, 0x21, 0xff, 0xc6, 0xc3, 0xfc,
    0x87, 0x94, 0x1f, 0x40, 0x90, 0xcc, 0x1f, 0x90,
    0xae, 0x9c, 0x41, 0xfb, 0xc, 0xa0, 0x48, 0x7f,
    0x68, 0x67, 0x43, 0xfe, 0xbf, 0x41, 0x42, 0x1f,
    0xfc, 0x48, 0x83, 0xff, 0x87, 0x8, 0x7f, 0xf1,
    0x90, 0xff, 0xe2, 0x60, 0xf8, 0x3f, 0xf8, 0x2a,
    0xf, 0xfe, 0x35, 0xf8,

    /* U+0174 "Ŵ" */
    0xf, 0xfe, 0x15, 0x10, 0xff, 0xe7, 0xea, 0xa0,
    0x7f, 0xf3, 0x60, 0x42, 0x83, 0xff, 0x96, 0xa3,
    0x62, 0xf, 0xfe, 0x5c, 0x60, 0x63, 0xf, 0xfe,
    0x57, 0x83, 0x3e, 0xf, 0xfe, 0xf7, 0xd0, 0x7f,
    0x5f, 0x21, 0xfd, 0xf2, 0x83, 0xff, 0x80, 0x87,
    0xff, 0x11, 0xc0, 0x87, 0xff, 0x7, 0xf, 0xc8,
    0x64, 0x3f, 0xe4, 0x32, 0x1f, 0xb0, 0x21, 0xc8,
    0x7d, 0x82, 0xf, 0xf2, 0xc, 0x8, 0x30, 0xf9,
    0x2, 0x4, 0x3f, 0xc8, 0x30, 0x21, 0xfc, 0x85,
    0x87, 0x90, 0xf2, 0x1f, 0xc8, 0x31, 0x10, 0xf6,
    0x4, 0x3e, 0x43, 0xb0, 0x26, 0x1f, 0x90, 0x61,
    0x90, 0x61, 0xc8, 0x64, 0x8, 0x7e, 0x43, 0x60,
    0x43, 0xe4, 0x3b, 0xc, 0x87, 0xe4, 0x3e, 0x41,
    0x84, 0x88, 0x7f, 0xf1, 0x50, 0xb0, 0x21, 0xfe,
    0xc0, 0x87, 0x90, 0x61, 0xfe, 0xc0, 0x84, 0x83,
    0xf, 0x60, 0x42, 0x44, 0x32, 0xc, 0x3c, 0x87,
    0x90, 0xfd, 0x87, 0xc8, 0x10, 0xff, 0xe1, 0x22,
    0x4, 0x39, 0xd, 0x81, 0xf, 0xc8, 0x33, 0xf,
    0xd8, 0x11, 0x6, 0x1f, 0xb0, 0x22, 0x1f, 0x90,
    0x61, 0x90, 0xfc, 0x87, 0x90, 0xfe, 0x50, 0x7f,
    0xf1, 0x20, 0x61, 0xf2, 0xc, 0x8, 0x7f, 0x90,
    0x20, 0x43, 0xec, 0x8, 0x30, 0xff, 0x61, 0xff,
    0xc1, 0x43, 0x90, 0xff, 0x21, 0x90, 0xff, 0xe9,
    0x61, 0xfc, 0x84, 0x87, 0x80,

    /* U+0175 "ŵ" */
    0xf, 0xf9, 0x90, 0xff, 0xe4, 0xb3, 0x21, 0xff,
    0xc8, 0x82, 0x83, 0xff, 0x8f, 0x3, 0x2, 0x1f,
    0xfc, 0x64, 0x88, 0x83, 0xff, 0x8b, 0xa, 0x14,
    0x41, 0xff, 0xc3, 0x51, 0x5, 0xa, 0xf, 0xfe,
    0x13, 0xe0, 0xef, 0x21, 0xff, 0xd4, 0x7c, 0x87,
    0x9f, 0x90, 0xf3, 0xe5, 0x3, 0xf, 0x61, 0x61,
    0xec, 0x8, 0x48, 0x79, 0x9, 0xf, 0x21, 0x90,
    0xff, 0xe4, 0xa0, 0xc0, 0x86, 0x41, 0x1, 0xc,
    0x83, 0x2, 0xc, 0x36, 0x4, 0x18, 0x6c, 0x8,
    0x72, 0x19, 0x11, 0x10, 0xc8, 0x79, 0xf, 0xd9,
    0x87, 0xe4, 0x3e, 0x40, 0x81, 0x10, 0x20, 0x41,
    0x86, 0xc1, 0x83, 0xf, 0xb0, 0x60, 0x43, 0x20,
    0x40, 0x88, 0x48, 0x81, 0xf, 0xfe, 0x1e, 0x16,
    0x1f, 0xfc, 0x14, 0xa, 0x2, 0x12, 0x5, 0x1,
    0xf, 0x60, 0xf0, 0x7f, 0x78, 0x18, 0x79, 0x2,
    0x84, 0x39, 0x14, 0x4, 0x3f, 0xf8, 0x18, 0x76,
    0x1f, 0xfc, 0x14, 0x32, 0x1c, 0x86, 0x43, 0xf6,
    0x1f, 0xfc, 0x3c, 0x3f, 0x21, 0x21, 0xf2, 0x12,
    0x18,

    /* U+0176 "Ŷ" */
    0xf, 0xe6, 0x88, 0x7f, 0xf1, 0xa5, 0x48, 0x7f,
    0xf1, 0x31, 0x88, 0x3f, 0xf8, 0x70, 0xca, 0x30,
    0xff, 0xe0, 0xa8, 0x81, 0x24, 0x1f, 0xfc, 0x7,
    0xc1, 0xae, 0xf, 0xfe, 0x8d, 0xf0, 0x7f, 0xf0,
    0x2f, 0x81, 0x4, 0x87, 0xf9, 0x40, 0xc2, 0x81,
    0x7, 0xfa, 0x2, 0x19, 0xa, 0xf, 0xd0, 0x50,
    0x76, 0x5, 0x7, 0xc8, 0x20, 0xfa, 0x4, 0x1e,
    0xc0, 0xa0, 0xf9, 0xa, 0xc, 0x85, 0x7, 0xf6,
    0x5, 0x5, 0x2, 0xf, 0xf9, 0x4, 0x8, 0xa,
    0xf, 0xfa, 0xa, 0x50, 0x20, 0xff, 0xe0, 0xc0,
    0x60, 0x41, 0xff, 0xc2, 0x50, 0x65, 0x7, 0xff,
    0xe, 0xd, 0x7, 0xff, 0x15, 0x2, 0x1f, 0xff,
    0xf0, 0xff, 0xff, 0x87, 0xff, 0xfc, 0x3f, 0xf9,
    0xc0,

    /* U+0177 "ŷ" */
    0xf, 0xcc, 0x87, 0xff, 0x12, 0x68, 0x1f, 0xfc,
    0x28, 0x24, 0x3f, 0xf8, 0x49, 0x26, 0x1f, 0xfc,
    0xc, 0x54, 0x4, 0x3f, 0xc8, 0x20, 0x44, 0x1f,
    0xe8, 0xc2, 0x51, 0x7, 0xf7, 0x83, 0xae, 0xf,
    0xfe, 0x67, 0xc8, 0x7f, 0xbe, 0x48, 0x18, 0x7f,
    0xf0, 0x51, 0x2, 0x1f, 0xd0, 0x10, 0x90, 0x21,
    0xf9, 0x4, 0x14, 0x8, 0x3e, 0x43, 0xff, 0x8d,
    0x82, 0xe, 0x81, 0x7, 0x90, 0x21, 0xc8, 0x10,
    0xe4, 0x8, 0x7c, 0x81, 0xd, 0x3, 0xf, 0xb0,
    0x41, 0xf2, 0x1f, 0x21, 0xe8, 0x8, 0x7f, 0x40,
    0x80, 0x82, 0xf, 0xe4, 0x8, 0x81, 0xf, 0xf9,
    0x3, 0x3, 0xf, 0xfb, 0x4, 0x12, 0x1f, 0xf2,
    0x1c, 0x87, 0xff, 0x5, 0xd, 0x7, 0xff, 0x6,
    0xf, 0xfe, 0x54, 0x1f, 0xfc, 0x64, 0x3f, 0xf8,
    0x48, 0x10, 0xff, 0xe1, 0xc0, 0x83, 0xff, 0x84,
    0x87, 0xff, 0xe, 0x9c, 0x8, 0x3f, 0xe5, 0x82,
    0x50, 0x7f, 0xf1, 0x28, 0x1f, 0xe0,

    /* U+0178 "Ÿ" */
    0xf, 0x5e, 0x80, 0xfc, 0x1f, 0xfe, 0xca, 0xc0,
    0x6a, 0xf, 0xfe, 0xa, 0x83, 0x2c, 0x1f, 0xfd,
    0x1b, 0xe0, 0xff, 0xe0, 0x5f, 0x2, 0x9, 0xf,
    0xf2, 0x81, 0x85, 0x2, 0xf, 0xf4, 0x4, 0x32,
    0x14, 0x1f, 0xa0, 0xa0, 0xec, 0xa, 0xf, 0x90,
    0x41, 0xf4, 0x8, 0x3d, 0x81, 0x41, 0xf2, 0x14,
    0x19, 0xa, 0xf, 0xec, 0xa, 0xa, 0x4, 0x1f,
    0xf2, 0x8, 0x10, 0x14, 0x1f, 0xf4, 0x14, 0xa0,
    0x41, 0xff, 0xc1, 0x80, 0xc0, 0x83, 0xff, 0x84,
    0xa0, 0xca, 0xf, 0xfe, 0x1c, 0x1a, 0xf, 0xfe,
    0x2a, 0x4, 0x3f, 0xff, 0xe1, 0xff, 0xff, 0xf,
    0xff, 0xf8, 0x7f, 0xf3, 0x80,

    /* U+0179 "Ź" */
    0xf, 0xf3, 0x40, 0xff, 0xe3, 0x48, 0x7f, 0xf1,
    0xb0, 0x41, 0xff, 0xc4, 0x81, 0x87, 0xff, 0x11,
    0x44, 0x1f, 0xfc, 0x57, 0xc8, 0x7f, 0xf5, 0x3f,
    0xff, 0x8e, 0x1f, 0xfd, 0xd4, 0x1f, 0xff, 0xc2,
    0xd, 0x7, 0xff, 0xe, 0xa, 0xf, 0xfe, 0x1a,
    0x81, 0x21, 0xff, 0xc3, 0x80, 0xa0, 0xff, 0xe1,
    0xe1, 0x41, 0xff, 0xc3, 0x82, 0xc3, 0xff, 0x86,
    0xa0, 0x41, 0xff, 0xc3, 0x60, 0x28, 0x3f, 0xf8,
    0x70, 0x50, 0x7f, 0xf0, 0xf0, 0xb0, 0xff, 0xe1,
    0xc1, 0x41, 0xff, 0xc3, 0x50, 0x14, 0x1f, 0xfc,
    0x38, 0xc, 0x1f, 0xfc, 0x3c, 0x28, 0x3f, 0xf8,
    0x70, 0x58, 0x7f, 0xf0, 0xd4, 0x8, 0x3f, 0xf8,
    0x90, 0x14, 0x1f, 0xfc, 0x3c, 0x28, 0x3f, 0xf8,
    0x78, 0x58, 0x7f, 0xf0, 0xd0, 0xdf, 0xff, 0xc3,
    0x30, 0xff, 0xee, 0x80,

    /* U+017A "ź" */
    0xf, 0xf3, 0x44, 0x3f, 0xe9, 0x60, 0xff, 0x60,
    0xc3, 0xfd, 0x2, 0xf, 0xf9, 0x14, 0x1f, 0xec,
    0x60, 0xff, 0x40, 0x83, 0xfe, 0xbc, 0x1f, 0xfc,
    0xaf, 0xff, 0xe1, 0x7, 0xff, 0x12, 0xbf, 0xc1,
    0xcb, 0xfc, 0x1a, 0xf, 0xf4, 0x5, 0x7, 0xf6,
    0x6, 0xf, 0xe8, 0x28, 0x3f, 0xa4, 0x18, 0x7f,
    0x28, 0x10, 0x7f, 0xa0, 0x48, 0x7f, 0x60, 0x50,
    0x7f, 0x61, 0x41, 0xfd, 0x5, 0x87, 0xf2, 0x81,
    0x7, 0xfa, 0x4, 0x87, 0xf6, 0x5, 0x7, 0xf4,
    0x16, 0xbf, 0xe0, 0xd5, 0xff, 0x7, 0xff, 0xc,

    /* U+017B "Ż" */
    0xf, 0xcf, 0xc1, 0xff, 0xef, 0x6a, 0xf, 0xfe,
    0x32, 0xc1, 0xff, 0xd3, 0xff, 0xfe, 0x38, 0x7f,
    0xf7, 0x50, 0x7f, 0xff, 0x8, 0x34, 0x1f, 0xfc,
    0x38, 0x28, 0x3f, 0xf8, 0x6a, 0x4, 0x87, 0xff,
    0xe, 0x2, 0x83, 0xff, 0x87, 0x85, 0x7, 0xff,
    0xe, 0xb, 0xf, 0xfe, 0x1a, 0x81, 0x7, 0xff,
    0xd, 0x80, 0xa0, 0xff, 0xe1, 0xc1, 0x41, 0xff,
    0xc3, 0xc2, 0xc3, 0xff, 0x87, 0x5, 0x7, 0xff,
    0xd, 0x40, 0x50, 0x7f, 0xf0, 0xe0, 0x30, 0x7f,
    0xf0, 0xf0, 0xa0, 0xff, 0xe1, 0xc1, 0x61, 0xff,
    0xc3, 0x50, 0x20, 0xff, 0xe2, 0x40, 0x50, 0x7f,
    0xf0, 0xf0, 0xa0, 0xff, 0xe1, 0xe1, 0x61, 0xff,
    0xc3, 0x43, 0x7f, 0xff, 0xc, 0xc3, 0xff, 0xba,

    /* U+017C "ż" */
    0xf, 0x7c, 0x1f, 0xfe, 0xdf, 0x83, 0xff, 0xb3,
    0xff, 0xfc, 0x20, 0xff, 0xe2, 0x57, 0xf8, 0x39,
    0x7f, 0x83, 0x41, 0xfe, 0x80, 0xa0, 0xfe, 0xc0,
    0xc1, 0xfd, 0x5, 0x7, 0xf4, 0x83, 0xf, 0xe5,
    0x2, 0xf, 0xf4, 0x9, 0xf, 0xec, 0xa, 0xf,
    0xec, 0x28, 0x3f, 0xa0, 0xb0, 0xfe, 0x50, 0x20,
    0xff, 0x40, 0x90, 0xfe, 0xc0, 0xa0, 0xfe, 0x82,
    0xd7, 0xfc, 0x1a, 0xbf, 0xe0, 0xff, 0xe1, 0x80,

    /* U+017D "Ž" */
    0xf, 0x48, 0x74, 0x87, 0xff, 0x1, 0xa0, 0x5a,
    0x1f, 0xfc, 0x1c, 0x51, 0x8a, 0xf, 0xfe, 0xc,
    0x58, 0x20, 0xff, 0xe1, 0x28, 0x2c, 0x3f, 0xf8,
    0x97, 0xc1, 0xff, 0xd3, 0xff, 0xfe, 0x38, 0x7f,
    0xf7, 0x50, 0x7f, 0xff, 0x8, 0x34, 0x1f, 0xfc,
    0x38, 0x28, 0x3f, 0xf8, 0x6a, 0x4, 0x87, 0xff,
    0xe, 0x2, 0x83, 0xff, 0x87, 0x85, 0x7, 0xff,
    0xe, 0xb, 0xf, 0xfe, 0x1a, 0x81, 0x7, 0xff,
    0xd, 0x80, 0xa0, 0xff, 0xe1, 0xc1, 0x41, 0xff,
    0xc3, 0xc2, 0xc3, 0xff, 0x87, 0x5, 0x7, 0xff,
    0xd, 0x40, 0x50, 0x7f, 0xf0, 0xe0, 0x30, 0x7f,
    0xf0, 0xf0, 0xa0, 0xff, 0xe1, 0xc1, 0x61, 0xff,
    0xc3, 0x50, 0x20, 0xff, 0xe2, 0x40, 0x50, 0x7f,
    0xf0, 0xf0, 0xa0, 0xff, 0xe1, 0xe1, 0x61, 0xff,
    0xc3, 0x43, 0x7f, 0xff, 0xc, 0xc3, 0xff, 0xba,

    /* U+017E "ž" */
    0xb, 0xc1, 0xde, 0x43, 0xa3, 0xa, 0x2, 0x1c,
    0x82, 0x14, 0x61, 0xf6, 0x2a, 0x10, 0xfe, 0x88,
    0x10, 0x7f, 0x21, 0x61, 0xff, 0x7c, 0x1f, 0xfc,
    0xaf, 0xff, 0xe1, 0x7, 0xff, 0x12, 0xbf, 0xc1,
    0xcb, 0xfc, 0x1a, 0xf, 0xf4, 0x5, 0x7, 0xf6,
    0x6, 0xf, 0xe8, 0x28, 0x3f, 0xa4, 0x18, 0x7f,
    0x28, 0x10, 0x7f, 0xa0, 0x48, 0x7f, 0x60, 0x50,
    0x7f, 0x61, 0x41, 0xfd, 0x5, 0x87, 0xf2, 0x81,
    0x7, 0xfa, 0x4, 0x87, 0xf6, 0x5, 0x7, 0xf4,
    0x16, 0xbf, 0xe0, 0xd5, 0xff, 0x7, 0xff, 0xc,

    /* U+017F "ſ" */
    0xf, 0x5f, 0xc8, 0x76, 0x87, 0xfb, 0x9, 0x78,
    0x3e, 0xeb, 0x6, 0x40, 0x87, 0xff, 0x51, 0xf4,
    0x1f, 0xfc, 0xa6, 0x88, 0x7f, 0x95, 0x87, 0xff,
    0xfc, 0x3f, 0xff, 0xe1, 0xff, 0xea,

    /* U+F001 "" */
    0xf, 0xff, 0xa5, 0xc1, 0xff, 0xcf, 0x6f, 0x23,
    0x7, 0xff, 0x2d, 0xf4, 0x87, 0x21, 0xff, 0xc7,
    0x6f, 0x41, 0xff, 0xce, 0x6e, 0x43, 0xff, 0x9a,
    0xde, 0x90, 0xff, 0xe7, 0x5c, 0x87, 0xff, 0x47,
    0x43, 0xff, 0xfe, 0x1f, 0xea, 0x7, 0xff, 0x41,
    0xbc, 0xa0, 0xff, 0xe6, 0xbe, 0x90, 0xff, 0xe6,
    0xb7, 0xa0, 0xff, 0xe7, 0x37, 0x21, 0xff, 0xd0,
    0xe4, 0x3f, 0xff, 0xe1, 0xff, 0xff, 0xf, 0xff,
    0xf8, 0x7f, 0xf2, 0x6f, 0xe0, 0xff, 0xe7, 0x3a,
    0x1f, 0xfd, 0x38, 0x3f, 0xfa, 0x88, 0x7f, 0xf0,
    0xdf, 0xe0, 0xff, 0xe7, 0xf0, 0x7f, 0xf1, 0x50,
    0xff, 0xa2, 0xf, 0xfe, 0x46, 0x1f, 0xd2, 0x21,
    0xff, 0xc9, 0xe4, 0x33, 0xa1, 0xff, 0xcd, 0x6f,
    0xd0, 0x64, 0x3f, 0xfa, 0xb0, 0x7f, 0xb0, 0xff,
    0xe5, 0xf0, 0x7a, 0xc3, 0xff, 0x9a, 0xff, 0x90,
    0xff, 0xe5, 0x80,

    /* U+F008 "" */
    0x60, 0xd7, 0xff, 0xf1, 0xe0, 0xd3, 0x21, 0x90,
    0xff, 0xe3, 0xa1, 0x98, 0x1d, 0x41, 0xff, 0xc9,
    0xab, 0xe, 0x58, 0x26, 0xbf, 0xf8, 0x28, 0x4b,
    0x7, 0x35, 0x5, 0xaf, 0xff, 0x7, 0xa, 0xa4,
    0x34, 0xb0, 0x7f, 0xf2, 0x56, 0x83, 0xff, 0xf5,
    0x58, 0x3f, 0xf9, 0x35, 0x83, 0x2e, 0xf, 0xfe,
    0x4a, 0xe0, 0xcb, 0x83, 0xff, 0x92, 0xb8, 0x35,
    0x60, 0xaf, 0xff, 0xe0, 0xc1, 0x56, 0xf, 0xff,
    0xd4, 0xb0, 0x4f, 0xff, 0xf0, 0x50, 0x96, 0x83,
    0x35, 0x5, 0x87, 0xff, 0x7, 0xa, 0xa4, 0x3f,
    0xfb, 0x3f, 0x83, 0xff, 0x93, 0xf8, 0x3f, 0xff,
    0x48, 0x7f, 0xf3, 0xd0, 0xd7, 0xc1, 0x61, 0xff,
    0xc5, 0xfa, 0xf, 0xf9, 0xff, 0xfe, 0xc, 0x1f,
    0xf7, 0xe0, 0xff, 0xe4, 0xfe, 0x2, 0x1f, 0xfd,
    0x34,

    /* U+F00B "" */
    0x7f, 0xf0, 0x57, 0xff, 0xf1, 0xd8, 0x3f, 0x42,
    0x83, 0xff, 0x8f, 0x7, 0xff, 0xfc, 0x3f, 0xff,
    0xe1, 0xff, 0xc3, 0x43, 0xf6, 0x21, 0xff, 0xc8,
    0x6b, 0xf6, 0x83, 0xaf, 0xfe, 0x40, 0xbf, 0x7,
    0x2f, 0xff, 0x1c, 0xb, 0xf0, 0x72, 0xff, 0xf1,
    0xca, 0xfd, 0xa0, 0xeb, 0xff, 0x90, 0x87, 0xec,
    0x43, 0xff, 0x90, 0x87, 0xff, 0xfc, 0x3f, 0xff,
    0xe1, 0xff, 0xc3, 0x83, 0xf4, 0x28, 0x3f, 0xf8,
    0xf3, 0xff, 0x82, 0xbf, 0xff, 0x8e, 0x87, 0xff,
    0x56, 0xff, 0xc8, 0x3f, 0xff, 0x91, 0x21, 0xfb,
    0x10, 0xff, 0xe4, 0x21, 0xff, 0xff, 0xf, 0xff,
    0xf8, 0x7f, 0xf0, 0xd0, 0xfd, 0x8, 0x7f, 0xf2,
    0x1b, 0xff, 0x5, 0xff, 0xfc, 0x88,

    /* U+F00C "" */
    0xf, 0xfe, 0x85, 0x3, 0xff, 0xa5, 0xab, 0xf,
    0xfe, 0x86, 0x1b, 0xf, 0xfe, 0x76, 0x1e, 0x83,
    0xff, 0x99, 0x87, 0xc8, 0x7f, 0xf2, 0xf0, 0xfd,
    0x7, 0xff, 0x2b, 0xf, 0xca, 0xf, 0xfe, 0x4e,
    0x1f, 0x98, 0x32, 0x83, 0xff, 0x87, 0x87, 0xe6,
    0xd, 0x58, 0x3f, 0xf8, 0x38, 0x7e, 0x60, 0xd2,
    0x6, 0xf, 0xfb, 0xf, 0xcc, 0x1a, 0x43, 0x30,
    0x7f, 0x61, 0xfa, 0x81, 0xc8, 0x79, 0x83, 0xec,
    0x3f, 0x48, 0x79, 0xf, 0x98, 0x3b, 0xf, 0xd2,
    0x1f, 0x48, 0x7c, 0xc1, 0x61, 0xfa, 0x43, 0xfa,
    0x43, 0xe6, 0x30, 0xfd, 0x21, 0xff, 0x48, 0x7c,
    0xe1, 0xfa, 0x43, 0xff, 0x83, 0x21, 0xff, 0xc3,
    0x90, 0xff, 0xe1, 0xc8, 0x7f, 0xf0, 0x64, 0x3f,
    0xf8, 0xb2, 0x1f, 0xf4, 0x87, 0xff, 0x1e, 0x43,
    0xfa, 0x43, 0xff, 0x93, 0x21, 0xf4, 0x87, 0xff,
    0x2e, 0x43, 0xa4, 0x3f, 0xf9, 0xb2, 0x14, 0x87,
    0xff, 0x3e, 0x49, 0xf, 0xfe, 0x30,

    /* U+F00D "" */
    0x3, 0x21, 0xff, 0xc1, 0xa2, 0x15, 0x1a, 0x7,
    0xfd, 0xaa, 0x49, 0x9, 0x83, 0xfb, 0xd, 0x8,
    0x73, 0x7, 0xd8, 0x7a, 0xf, 0x98, 0x3b, 0xf,
    0xbc, 0x1f, 0x30, 0x58, 0x7c, 0xa3, 0xf, 0x98,
    0xc3, 0xe6, 0xb, 0xf, 0x9c, 0x3e, 0x60, 0xec,
    0x3f, 0xf8, 0x4c, 0x1f, 0x61, 0xff, 0xc0, 0x60,
    0xfe, 0xc3, 0xfc, 0xc1, 0xff, 0x61, 0xfd, 0x7,
    0xff, 0x3, 0xf, 0xe8, 0x3f, 0xec, 0x3f, 0xcc,
    0x1f, 0xd8, 0x7f, 0xf0, 0x18, 0x3e, 0xc3, 0xff,
    0x84, 0xc1, 0xd8, 0x7c, 0xe1, 0xf3, 0x5, 0x87,
    0xcc, 0x61, 0xf3, 0x10, 0x7c, 0xc1, 0x61, 0xf2,
    0xc1, 0xe6, 0xe, 0xc3, 0xed, 0xf, 0x41, 0xf6,
    0x1e, 0xe0, 0xec, 0x3f, 0xb0, 0xca, 0x34, 0x70,
    0xff, 0xb0, 0x50,

    /* U+F011 "" */
    0xf, 0xfe, 0x13, 0xf4, 0x1f, 0xfd, 0x8, 0x24,
    0x3f, 0xfd, 0x68, 0x7f, 0xf0, 0xd4, 0x1f, 0xfc,
    0x17, 0xa0, 0x7f, 0xf0, 0x5a, 0x83, 0xfe, 0xa0,
    0x10, 0xff, 0xe0, 0xc0, 0x70, 0xfe, 0x90, 0xd0,
    0x7f, 0xc8, 0x74, 0x1f, 0x28, 0x3f, 0xf9, 0x6c,
    0x1e, 0x83, 0x98, 0x3f, 0xe5, 0x7, 0x21, 0xd0,
    0x73, 0x7, 0xff, 0x6, 0x43, 0xb0, 0xc8, 0x74,
    0x1f, 0xfc, 0x39, 0xf, 0xc8, 0x76, 0x1f, 0xfc,
    0x58, 0x3a, 0x4, 0x19, 0xf, 0xfe, 0x3a, 0x19,
    0xf, 0xb0, 0xff, 0xe3, 0xc1, 0xff, 0xc0, 0x43,
    0xff, 0x9a, 0xa0, 0xff, 0xe7, 0x21, 0xff, 0xd9,
    0xc3, 0xff, 0xc7, 0xad, 0x7, 0xff, 0x7, 0x43,
    0xff, 0x85, 0x52, 0x1f, 0x90, 0xff, 0x90, 0xff,
    0xe6, 0xa2, 0x1a, 0xf, 0xfe, 0x3c, 0x1f, 0x61,
    0xc8, 0x7f, 0xf1, 0x90, 0xc8, 0x10, 0xe8, 0x3f,
    0xf8, 0xb8, 0x74, 0x14, 0x1d, 0x87, 0xff, 0xe,
    0xe, 0x43, 0x21, 0xec, 0x3f, 0xf8, 0x3a, 0x1d,
    0x7, 0x61, 0xee, 0xf, 0xeb, 0xf, 0x41, 0xf4,
    0x1e, 0x7d, 0x2d, 0x4d, 0xf, 0x28, 0x3e, 0x60,
    0xfc, 0xd4, 0xa0, 0xf9, 0x83, 0xf9, 0x83, 0xff,
    0x8f, 0x40, 0xff, 0x9d, 0xf, 0xfe, 0x26, 0x87,
    0xff, 0xa, 0xd0, 0xff, 0x9b, 0xf, 0xfe, 0x35,
    0xca, 0x9, 0x57, 0x21, 0xfc,

    /* U+F013 "" */
    0xf, 0xfe, 0x12, 0xc1, 0xff, 0xcd, 0xbd, 0x57,
    0x90, 0xff, 0xe5, 0x21, 0xff, 0xff, 0xf, 0xf2,
    0x1d, 0x7, 0xea, 0x7, 0x21, 0xf7, 0x69, 0x68,
    0x7f, 0x3a, 0x3d, 0x3, 0xa0, 0xad, 0xf, 0xfe,
    0xd, 0xc0, 0x50, 0x64, 0x3f, 0xf9, 0xb0, 0x58,
    0x7f, 0xf3, 0xe1, 0xf, 0xfe, 0x82, 0x61, 0xff,
    0xc1, 0x64, 0x3f, 0xf8, 0x28, 0x7f, 0xf0, 0x2e,
    0x6d, 0xf, 0xfe, 0x5, 0x3, 0xfa, 0x43, 0xa4,
    0x3f, 0xb4, 0x70, 0xfc, 0x87, 0xd0, 0x7c, 0xe1,
    0xff, 0xc0, 0x83, 0xf9, 0xf, 0xff, 0xfa, 0x1e,
    0xc3, 0xf9, 0xf, 0xfe, 0x4, 0x87, 0x90, 0xfc,
    0x87, 0xcc, 0x7, 0x43, 0xf6, 0x1e, 0x60, 0xfc,
    0xe6, 0x1f, 0xf7, 0x23, 0x40, 0xff, 0x9c, 0x3f,
    0xf8, 0xd, 0xc8, 0x7f, 0xf0, 0x14, 0x1f, 0xfd,
    0x4, 0x10, 0x7f, 0xf3, 0xe0, 0x21, 0xff, 0xce,
    0x43, 0x61, 0x38, 0x7f, 0xf0, 0x9d, 0xa, 0xe,
    0xde, 0x38, 0x3f, 0xea, 0x14, 0x70, 0xfa, 0xc,
    0xe1, 0xf9, 0xd0, 0x98, 0x3f, 0xf9, 0x78, 0x7f,
    0xff, 0xc3, 0xfb, 0xa2, 0xd4, 0x43, 0xfe,

    /* U+F015 "" */
    0xf, 0xfe, 0x2d, 0xc1, 0xe7, 0xf0, 0x7f, 0xf2,
    0x9d, 0x1d, 0xd, 0x86, 0x43, 0xff, 0x90, 0xc1,
    0xd2, 0x1f, 0xfd, 0xa, 0x7, 0xd4, 0xf, 0xfe,
    0x76, 0x87, 0xf3, 0x87, 0xff, 0x33, 0xe, 0xb8,
    0x3b, 0x43, 0xff, 0x90, 0xe1, 0xd2, 0x38, 0x7f,
    0xf3, 0x58, 0x3b, 0x44, 0x18, 0x7f, 0xf2, 0xe8,
    0x19, 0xc1, 0xd8, 0x34, 0x3f, 0xf9, 0x1a, 0x19,
    0x87, 0xb, 0x4a, 0x7, 0xff, 0x1b, 0xe, 0xa0,
    0xc1, 0xd4, 0x18, 0x3a, 0x43, 0xf3, 0x87, 0x49,
    0x40, 0xf9, 0x87, 0xe, 0x90, 0xf5, 0x3, 0xb4,
    0xd0, 0xfe, 0x70, 0x61, 0xd4, 0xd, 0x21, 0x9c,
    0x18, 0x7f, 0xf0, 0x70, 0x68, 0x67, 0x6, 0x86,
    0x61, 0xc3, 0xff, 0x87, 0xa5, 0x3, 0xb1, 0xd,
    0x41, 0x83, 0xff, 0x8b, 0x41, 0x83, 0xd0, 0x5a,
    0x50, 0x3f, 0xf8, 0xec, 0x38, 0x58, 0x37, 0x4,
    0x87, 0xff, 0x25, 0xc1, 0xb8, 0x68, 0x24, 0x3f,
    0xf9, 0xf0, 0x7f, 0xff, 0xc3, 0xff, 0x8e, 0xff,
    0x41, 0xff, 0xd3, 0xc3, 0xff, 0xfe, 0x1f, 0xff,
    0xf0, 0xff, 0xfc, 0x21, 0xff, 0xc2, 0x43, 0xf2,
    0x1f, 0xfc, 0x1b, 0xff, 0x21, 0xef, 0xfd, 0x7,
    0xc0,

    /* U+F019 "" */
    0xf, 0xfe, 0xd, 0x7c, 0x1f, 0xfc, 0xd9, 0x7e,
    0x83, 0xff, 0xfe, 0x1f, 0xff, 0xf0, 0xff, 0xff,
    0x87, 0xff, 0xfc, 0x3f, 0xfc, 0x8b, 0xf0, 0x7c,
    0xbf, 0x7, 0xfc, 0xd7, 0x83, 0xfa, 0xbc, 0x87,
    0xff, 0x7d, 0x41, 0xff, 0xc7, 0x50, 0x7f, 0xd2,
    0x1f, 0xfc, 0x56, 0xf, 0xfe, 0xd, 0x3, 0xff,
    0x87, 0x40, 0xff, 0xe1, 0xb0, 0x7f, 0xf0, 0x64,
    0x3f, 0xf8, 0xac, 0x1f, 0xf4, 0x87, 0xff, 0x1d,
    0x83, 0xfa, 0x43, 0xff, 0x92, 0xc1, 0xf4, 0x87,
    0xff, 0x2d, 0x83, 0xa4, 0x3f, 0xf8, 0x17, 0xff,
    0xa1, 0x82, 0x92, 0xff, 0xf4, 0x87, 0xf9, 0x86,
    0x24, 0x90, 0xff, 0x21, 0xff, 0xc0, 0x61, 0xd2,
    0x43, 0xff, 0x9a, 0xe8, 0xe8, 0x7f, 0xf4, 0x2e,
    0xf, 0xff, 0xd3, 0xe0, 0x78, 0x3f, 0xfa, 0x48,
    0x7f, 0xf4, 0x1f, 0xf, 0x83, 0x21, 0xff, 0xd3,
    0x6f, 0xff, 0xe9, 0xc0,

    /* U+F01C "" */
    0xf, 0xd7, 0xff, 0xf1, 0xe0, 0xff, 0xe2, 0x48,
    0x7f, 0xf1, 0xdc, 0x3f, 0xf8, 0x4a, 0xf, 0xfe,
    0x52, 0x1f, 0xfc, 0x18, 0x3f, 0xf9, 0x70, 0x7f,
    0xf0, 0x20, 0xd7, 0xff, 0xf1, 0x3, 0x61, 0xfe,
    0x50, 0x4a, 0xf, 0xfe, 0x24, 0x19, 0xf, 0xe8,
    0x34, 0x1f, 0xfc, 0x54, 0x34, 0x1f, 0xa0, 0xd0,
    0x7f, 0xf1, 0xf0, 0xd8, 0x79, 0x41, 0x28, 0x3f,
    0xf9, 0x8, 0x64, 0x3a, 0xd, 0x7, 0xff, 0x26,
    0xd, 0x6, 0x83, 0x41, 0xff, 0xcb, 0xc3, 0x60,
    0x50, 0x4a, 0xf, 0xfe, 0x62, 0x19, 0x20, 0xda,
    0xfc, 0x1f, 0xf2, 0xfd, 0x86, 0x83, 0xd5, 0xf9,
    0xf, 0xf5, 0x7e, 0xf, 0xfe, 0x3c, 0x1f, 0xd0,
    0x7f, 0xf4, 0x10, 0xfc, 0x87, 0xff, 0x42, 0x5f,
    0xa0, 0xff, 0xe9, 0x57, 0xc8, 0x7f, 0xff, 0xc3,
    0xff, 0xfe, 0x1f, 0xfe, 0xb8, 0x3f, 0xfa, 0xe8,
    0xc1, 0xff, 0xd5, 0x60,

    /* U+F021 "" */
    0xf, 0xfe, 0x12, 0xf0, 0x7f, 0x3f, 0x83, 0xfc,
    0xde, 0xae, 0xf2, 0x1e, 0xc3, 0xff, 0x80, 0xf2,
    0x1f, 0xd7, 0x6, 0xc3, 0xfe, 0xa0, 0x7f, 0xf0,
    0x9e, 0xf, 0xfe, 0xe, 0x87, 0xff, 0x15, 0xc3,
    0xfe, 0xc3, 0xe6, 0xfa, 0x43, 0xef, 0x7, 0xec,
    0x3d, 0x72, 0x13, 0x68, 0x79, 0xf, 0xa0, 0xe7,
    0x43, 0xfa, 0xc3, 0xff, 0x80, 0xa0, 0xcc, 0x1f,
    0xfc, 0x1d, 0xf, 0xf4, 0x19, 0x83, 0xff, 0x87,
    0x21, 0xf9, 0xe, 0x83, 0xfc, 0xff, 0x90, 0xfd,
    0x86, 0x83, 0xff, 0x9e, 0x86, 0x43, 0xff, 0xa6,
    0x87, 0xff, 0x42, 0xb8, 0x3f, 0xf8, 0xd, 0x7f,
    0xf0, 0x85, 0xc1, 0xff, 0xc2, 0x5f, 0xfe, 0x10,
    0x7f, 0xfd, 0xd7, 0xff, 0x82, 0x1f, 0xfc, 0x25,
    0x81, 0xd7, 0xff, 0x5, 0xf, 0xfe, 0x5, 0x6c,
    0x3f, 0xfa, 0x8, 0x7f, 0xf4, 0xd0, 0xc8, 0x7f,
    0xf3, 0xe0, 0xd8, 0x7e, 0x7f, 0xc8, 0x7f, 0xa0,
    0xe4, 0x3f, 0x28, 0x3f, 0xf8, 0x72, 0x1a, 0xf,
    0xf5, 0x3, 0xff, 0x83, 0x21, 0x94, 0x1f, 0xf3,
    0xa1, 0xfc, 0xe8, 0x74, 0x1f, 0x21, 0xeb, 0x90,
    0x9b, 0x83, 0xd8, 0x7e, 0xf0, 0x7c, 0xdf, 0x48,
    0x7d, 0x87, 0xfd, 0xa1, 0xff, 0xc5, 0x70, 0xff,
    0xe0, 0xd0, 0x3f, 0xf8, 0x74, 0xf, 0xfb, 0x9,
    0xf2, 0x1f, 0xeb, 0x43, 0xff, 0x81, 0x87, 0xaf,
    0x4b, 0x53, 0xc8, 0x7f, 0xbf, 0x21, 0xfc, 0xd4,
    0xa0, 0xff, 0xe0, 0x80,

    /* U+F026 "" */
    0xf, 0xfe, 0x14, 0x87, 0xff, 0xb, 0x64, 0x3f,
    0xf8, 0x18, 0x58, 0x7f, 0xd8, 0x7f, 0xf0, 0xf0,
    0xff, 0xe1, 0xe1, 0xf9, 0x7e, 0xc3, 0xf7, 0x5f,
    0x7, 0xff, 0xfc, 0x3f, 0xff, 0xe1, 0xff, 0xd1,
    0x83, 0xff, 0x88, 0xff, 0xd0, 0x7f, 0xf1, 0x18,
    0x3f, 0xf8, 0x8c, 0x1f, 0xfc, 0x46, 0xf, 0xfe,
    0x23, 0x5, 0x87, 0xff, 0x1, 0x80, 0x87, 0xff,
    0x5, 0xf0,

    /* U+F027 "" */
    0xf, 0xfe, 0x14, 0x87, 0xff, 0x2b, 0x64, 0x3f,
    0xf9, 0x18, 0x58, 0x7f, 0xf1, 0xf0, 0xff, 0xe5,
    0xe1, 0xff, 0xcb, 0xc3, 0xff, 0x88, 0xbf, 0x61,
    0xff, 0xc4, 0xeb, 0xe0, 0xff, 0xe0, 0x28, 0x3f,
    0xf9, 0x4d, 0x41, 0xff, 0xcc, 0x60, 0xff, 0xe4,
    0x28, 0xa, 0xf, 0xfe, 0x44, 0x83, 0xf, 0xfe,
    0x4e, 0x1f, 0xfe, 0x58, 0x18, 0x7f, 0xf2, 0x30,
    0x90, 0xff, 0xe3, 0xa1, 0x61, 0xff, 0xc8, 0x5b,
    0x4, 0x1f, 0xfc, 0x7a, 0x4, 0xff, 0xd0, 0x7f,
    0xf3, 0x18, 0x3f, 0xf9, 0x8c, 0x1f, 0xfc, 0xc6,
    0xf, 0xfe, 0x63, 0x5, 0x87, 0xff, 0x21, 0x80,
    0x87, 0xff, 0x25, 0xf0, 0x7f, 0x0,

    /* U+F028 "" */
    0xf, 0xfe, 0x7d, 0x3, 0xff, 0xae, 0xb6, 0x87,
    0xff, 0x66, 0x43, 0xff, 0x91, 0x21, 0xfe, 0x70,
    0xa4, 0x3f, 0xf8, 0xdb, 0x21, 0xff, 0x61, 0x48,
    0x7f, 0xf1, 0x30, 0xb0, 0xfa, 0x42, 0xc2, 0x83,
    0xff, 0x87, 0x87, 0xfd, 0xb4, 0xb, 0xa, 0xf,
    0xfe, 0xe, 0x1f, 0xfc, 0x36, 0xa, 0x2, 0x1f,
    0xfc, 0xc, 0x3f, 0xf8, 0x3a, 0x6, 0x2, 0x14,
    0x12, 0xfd, 0x87, 0xff, 0xe, 0x40, 0xa0, 0x40,
    0x41, 0xd7, 0xc1, 0xff, 0xc0, 0x50, 0x50, 0x50,
    0x10, 0x90, 0xff, 0xe4, 0x34, 0xc2, 0xc3, 0xc8,
    0x30, 0xff, 0xe6, 0x41, 0xe8, 0x18, 0x10, 0xff,
    0xe4, 0x28, 0xa, 0x4, 0x1c, 0x87, 0xff, 0x32,
    0x41, 0x87, 0x21, 0xff, 0xd0, 0xc3, 0x90, 0xff,
    0xe9, 0xe1, 0xff, 0xd8, 0x50, 0x30, 0x21, 0xff,
    0xd2, 0x82, 0x41, 0x81, 0x2, 0x1f, 0xfc, 0xb4,
    0x2c, 0x24, 0x18, 0x30, 0x21, 0xff, 0xc8, 0x5b,
    0xa, 0x9, 0x2, 0xc, 0x83, 0xff, 0x8f, 0x40,
    0x94, 0x8, 0x3c, 0x8f, 0xfd, 0x7, 0xff, 0xe,
    0x81, 0x20, 0x83, 0xff, 0x82, 0xc1, 0xff, 0xc1,
    0x90, 0xb0, 0x28, 0x10, 0x7f, 0xcc, 0x1f, 0xfc,
    0x4, 0x2c, 0x28, 0x24, 0x3f, 0xf8, 0xc, 0x1f,
    0xf4, 0x38, 0x50, 0x58, 0x7f, 0xf0, 0x98, 0x2c,
    0x3c, 0xf0, 0x52, 0x8, 0x3f, 0xf8, 0x8c, 0x4,
    0x3f, 0xe9, 0x2, 0x83, 0xff, 0x8a, 0xf8, 0x3f,
    0xed, 0x3, 0x7, 0xff, 0x4e, 0x9, 0x83, 0xff,
    0xa9, 0x2, 0x81, 0xff, 0xd6, 0xf2, 0x1f, 0x80,

    /* U+F03E "" */
    0x5, 0x7f, 0xf4, 0x40, 0xeb, 0xff, 0xd1, 0xd8,
    0x3f, 0xfa, 0x70, 0x7f, 0xf6, 0xaf, 0x83, 0xff,
    0xa1, 0x21, 0x61, 0xff, 0xcf, 0x43, 0xa0, 0xff,
    0xe6, 0xa1, 0xe4, 0x3f, 0xf9, 0xa8, 0x79, 0xf,
    0xf3, 0xc1, 0xff, 0xc1, 0x43, 0xa0, 0xfe, 0x61,
    0x83, 0xff, 0x81, 0x21, 0x41, 0xfc, 0xc1, 0x30,
    0x7f, 0xf0, 0x2f, 0x90, 0xfc, 0xc1, 0xcc, 0x1f,
    0xfc, 0xb6, 0xf, 0x98, 0x3f, 0xf8, 0x36, 0x1e,
    0x60, 0xfe, 0x60, 0xff, 0xa4, 0xc3, 0x30, 0x7f,
    0xc8, 0x7f, 0xa4, 0x2c, 0xc, 0x1f, 0xfc, 0xa9,
    0xe, 0xe8, 0x1f, 0xfc, 0xa9, 0xf, 0x90, 0xff,
    0xe5, 0xa1, 0xff, 0xff, 0xf, 0xfe, 0x5f, 0xff,
    0xf3, 0x43, 0xff, 0xb3, 0x7, 0xff, 0x4e, 0x60,
    0xff, 0xe8, 0xc8,

    /* U+F043 "" */
    0xf, 0xf5, 0xa1, 0xff, 0xc7, 0x51, 0x7, 0xff,
    0x1e, 0xa, 0xf, 0xfe, 0x2a, 0x19, 0xf, 0xfe,
    0x2e, 0x1c, 0x87, 0xff, 0x11, 0xe, 0x83, 0xff,
    0x87, 0x7, 0xc8, 0x7f, 0xf0, 0x90, 0xfa, 0xf,
    0xfe, 0xc, 0x1f, 0xc8, 0x7f, 0xf0, 0x10, 0xfe,
    0x83, 0xfe, 0xc3, 0xfe, 0x83, 0xf9, 0xf, 0xfe,
    0x2, 0x1f, 0xd0, 0x7f, 0xf0, 0x70, 0xfb, 0xf,
    0xfe, 0x1c, 0x1d, 0x7, 0xff, 0x11, 0x41, 0x90,
    0xff, 0xe2, 0xc1, 0x41, 0xff, 0xc7, 0x40, 0x87,
    0xff, 0x1e, 0x20, 0xff, 0xe5, 0x21, 0xff, 0xc9,
    0x43, 0xff, 0x95, 0x86, 0xf0, 0x7f, 0xf2, 0xd0,
    0xff, 0xe4, 0x21, 0xff, 0xc6, 0x42, 0xc8, 0x3f,
    0xf8, 0x7e, 0x9, 0x6, 0x1f, 0xfc, 0x25, 0x6,
    0xc1, 0xa1, 0xff, 0x20, 0x83, 0x60, 0xbc, 0x1f,
    0xd0, 0x14, 0x1b, 0x90, 0xff, 0x41, 0xa0, 0xe6,
    0xf0, 0x7c, 0xa0, 0xec, 0x3f, 0xf8, 0x4c, 0x1f,
    0x70, 0x7f, 0xd4, 0xf, 0xe7, 0x90, 0xe6, 0xd0,
    0xff, 0xe0, 0x37, 0xf4, 0x87, 0xc0,

    /* U+F048 "" */
    0xf, 0xfe, 0x4d, 0xf2, 0x1f, 0xfc, 0x7, 0x84,
    0x2c, 0x3f, 0xea, 0xc, 0x1f, 0xfc, 0x39, 0xf,
    0xfe, 0x34, 0x87, 0xff, 0x1b, 0x43, 0xff, 0x8d,
    0x87, 0xff, 0x1f, 0xf, 0xfe, 0x3e, 0x1f, 0xfc,
    0x7c, 0x3f, 0xf8, 0xce, 0x1f, 0xfc, 0x66, 0xf,
    0xfe, 0x33, 0x7, 0xff, 0x19, 0x83, 0xff, 0xfe,
    0x1f, 0xfd, 0x14, 0x3f, 0xf8, 0xec, 0x87, 0xff,
    0x22, 0x43, 0xff, 0x91, 0x40, 0xff, 0xe4, 0x30,
    0x7f, 0xf2, 0x18, 0x3f, 0xf9, 0xc, 0x1f, 0xfc,
    0x87, 0xf, 0xfe, 0x4e, 0x1f, 0xfc, 0x9c, 0x3f,
    0xf9, 0x38, 0x7f, 0xf2, 0x74, 0x17, 0xe8, 0x3f,
    0xf8, 0x17, 0x80,

    /* U+F04B "" */
    0xf, 0xfe, 0x93, 0xe4, 0x3f, 0xf9, 0x8c, 0xb,
    0x43, 0xff, 0x95, 0x7, 0x50, 0x3f, 0xfa, 0xf,
    0x7, 0xff, 0x41, 0xd0, 0xff, 0xe8, 0x58, 0x7f,
    0xf4, 0x78, 0x3f, 0xfa, 0xe, 0x87, 0xff, 0x42,
    0xc3, 0xff, 0xa3, 0xc1, 0xff, 0xd0, 0x74, 0x3f,
    0xfa, 0x16, 0x87, 0xff, 0x42, 0x81, 0xff, 0xd0,
    0x78, 0x3f, 0xfa, 0xe, 0x1f, 0xfd, 0x18, 0x3f,
    0xfa, 0x8, 0x7f, 0xf4, 0x10, 0xff, 0xe8, 0x41,
    0xff, 0xcf, 0xc3, 0xff, 0x9d, 0x61, 0xff, 0xcd,
    0x74, 0x3f, 0xf9, 0x8f, 0x7, 0xff, 0x36, 0x81,
    0xff, 0xcd, 0xb4, 0x3f, 0xf9, 0x8e, 0x87, 0xff,
    0x36, 0x81, 0xff, 0xcd, 0xb4, 0x3f, 0xf9, 0x8e,
    0x87, 0xff, 0x37, 0x83, 0xff, 0x9b, 0x61, 0xff,
    0xc7, 0x43, 0x9d, 0xf, 0xfe, 0x44, 0x81, 0xe0,
    0xff, 0xe5, 0xde, 0x83, 0xff, 0x98,

    /* U+F04C "" */
    0x1f, 0xfd, 0x7, 0xd7, 0xfd, 0x23, 0x7, 0xe7,
    0xe, 0xd0, 0xf9, 0x98, 0x3f, 0xf8, 0x68, 0x7f,
    0xd0, 0x7f, 0xf0, 0x10, 0xff, 0xff, 0x87, 0xff,
    0xfc, 0x3f, 0xff, 0xe1, 0xff, 0xff, 0xf, 0xff,
    0xf8, 0x7f, 0xff, 0xc3, 0xff, 0xfe, 0x1f, 0xff,
    0xf0, 0xff, 0xff, 0x87, 0xe8, 0x3f, 0xe4, 0x24,
    0x3f, 0xe9, 0x83, 0xf3, 0x87, 0x68, 0x7e, 0x90,

    /* U+F04D "" */
    0x1b, 0xff, 0xf9, 0x70, 0x19, 0xf, 0xfe, 0x5b,
    0xb0, 0x7f, 0xf3, 0xf0, 0xff, 0xe8, 0x21, 0xff,
    0xff, 0xf, 0xff, 0xf8, 0x7f, 0xff, 0xc3, 0xff,
    0xfe, 0x1f, 0xff, 0xf0, 0xff, 0xff, 0x87, 0xff,
    0xfc, 0x3f, 0xff, 0xe1, 0xff, 0xf7, 0x43, 0xff,
    0x9f, 0x44, 0x3f, 0xf9, 0xb2, 0x5f, 0xff, 0xcd,
    0x40,

    /* U+F051 "" */
    0xf, 0xfe, 0x55, 0xa1, 0xff, 0xc0, 0xbe, 0x74,
    0x90, 0xff, 0x90, 0xb0, 0xd2, 0x1f, 0xfc, 0x8a,
    0x7, 0xff, 0x21, 0x83, 0xff, 0x90, 0xc1, 0xff,
    0xc8, 0x70, 0xff, 0xe4, 0xe1, 0xff, 0xc9, 0xc3,
    0xff, 0x93, 0x87, 0xff, 0x27, 0x43, 0xff, 0x91,
    0x21, 0xff, 0xc8, 0x83, 0xff, 0xfe, 0x1f, 0xfd,
    0x18, 0x3f, 0xf8, 0xf2, 0x1f, 0xfc, 0x69, 0xf,
    0xfe, 0x34, 0x87, 0xff, 0x1b, 0x43, 0xff, 0x8d,
    0x87, 0xff, 0x1f, 0xf, 0xfe, 0x3e, 0x1f, 0xfc,
    0x67, 0xf, 0xfe, 0x33, 0x7, 0xff, 0x19, 0x83,
    0xff, 0x87, 0x1, 0x83, 0xff, 0x88, 0xfa, 0xf,
    0xfe, 0x7, 0xe8,

    /* U+F052 "" */
    0xf, 0xfe, 0x17, 0xa0, 0xff, 0xe7, 0xe0, 0x70,
    0xff, 0xe6, 0xe1, 0xd8, 0x7f, 0xf2, 0xf0, 0xfb,
    0xf, 0xfe, 0x4e, 0x1f, 0xd8, 0x7f, 0xf1, 0xf0,
    0xff, 0xa0, 0xff, 0xe2, 0xe1, 0xff, 0xc0, 0x60,
    0xff, 0xe1, 0xc1, 0xff, 0xc2, 0x60, 0xff, 0xe0,
    0xc8, 0x7f, 0xf0, 0xd4, 0x1f, 0xf4, 0x87, 0xff,
    0x16, 0x43, 0xf9, 0x41, 0xff, 0xc7, 0x90, 0xf9,
    0x83, 0xff, 0x93, 0x21, 0xcc, 0x1f, 0xfc, 0xb8,
    0x3a, 0xf, 0xfe, 0x6e, 0x16, 0x1f, 0xfc, 0xf8,
    0x3f, 0xfa, 0x48, 0x7f, 0xf4, 0x90, 0x41, 0xff,
    0xcf, 0x80, 0xeb, 0xff, 0xcd, 0xc3, 0xab, 0xff,
    0x9a, 0x1f, 0xfd, 0x77, 0xff, 0xf9, 0xe8, 0x20,
    0xff, 0xe7, 0xc1, 0xff, 0xff, 0xf, 0xff, 0xf8,
    0x7d, 0x7, 0xff, 0x3f, 0x3, 0xff, 0xfc, 0xf0,
    0x0,

    /* U+F053 "" */
    0xf, 0xfe, 0x9d, 0xe4, 0x3f, 0xf8, 0x32, 0x9,
    0xf, 0xfa, 0x43, 0x41, 0xfe, 0x90, 0xe4, 0x3f,
    0xa4, 0x39, 0x83, 0xf4, 0x87, 0x30, 0x7e, 0x90,
    0xe6, 0xf, 0xd2, 0x1c, 0xc1, 0xfa, 0x43, 0x98,
    0x3f, 0x48, 0x73, 0x7, 0xe9, 0xe, 0x60, 0xfd,
    0x21, 0xcc, 0x1f, 0xa4, 0x39, 0x83, 0xf9, 0xf,
    0x41, 0xff, 0xd0, 0xc3, 0xd8, 0x7f, 0xd8, 0x7b,
    0xf, 0xfb, 0xf, 0x61, 0xff, 0x61, 0xec, 0x3f,
    0xec, 0x3d, 0x87, 0xfd, 0x87, 0xb0, 0xff, 0xb0,
    0xf6, 0x1f, 0xf6, 0x1e, 0xc3, 0xfe, 0xc3, 0xd8,
    0x7f, 0xd8, 0x7b, 0xf, 0xfb, 0xe, 0x43, 0xff,
    0x81, 0x86, 0x83, 0xff, 0x83, 0x8e, 0x0,

    /* U+F054 "" */
    0xf, 0xfe, 0x45, 0xe0, 0xff, 0xe1, 0x48, 0x30,
    0xff, 0xe0, 0xa1, 0xb0, 0xff, 0xe3, 0x61, 0xff,
    0x61, 0xec, 0x3f, 0xec, 0x3d, 0x87, 0xfd, 0x87,
    0xb0, 0xff, 0xb0, 0xf6, 0x1f, 0xf6, 0x1e, 0xc3,
    0xfe, 0xc3, 0xd8, 0x7f, 0xd8, 0x7b, 0xf, 0xfb,
    0xf, 0x61, 0xff, 0x61, 0xec, 0x3f, 0xec, 0x3d,
    0x87, 0xfa, 0xf, 0x21, 0xfd, 0x21, 0xcc, 0x1f,
    0xa4, 0x39, 0x83, 0xf4, 0x87, 0x30, 0x7e, 0x90,
    0xe6, 0xf, 0xd2, 0x1c, 0xc1, 0xfa, 0x43, 0x98,
    0x3f, 0x48, 0x73, 0x7, 0xe9, 0xe, 0x60, 0xfd,
    0x21, 0xcc, 0x1f, 0xc8, 0x73, 0x7, 0xff, 0xd,
    0x83, 0xfe, 0x82, 0x60, 0xff, 0xe0, 0x30, 0xc1,
    0xff, 0xc0,

    /* U+F067 "" */
    0xf, 0xfe, 0x5, 0xf2, 0x1f, 0xfc, 0xb5, 0x5,
    0x21, 0xff, 0xca, 0xc3, 0xb0, 0xff, 0xff, 0x87,
    0xff, 0xfc, 0x3f, 0xff, 0xe1, 0xff, 0xc7, 0x5f,
    0xf8, 0x39, 0x7f, 0xe2, 0xbf, 0xe0, 0xfa, 0xbf,
    0xca, 0xf, 0xfe, 0x7c, 0x1f, 0xff, 0xf0, 0xff,
    0x9d, 0x7f, 0xc1, 0xf2, 0xff, 0xa2, 0xbf, 0xc8,
    0x73, 0x5f, 0xe0, 0xff, 0xff, 0x87, 0xff, 0xfc,
    0x3f, 0xff, 0xe1, 0xff, 0xcd, 0xc3, 0xff, 0x95,
    0x6, 0x50, 0x7f, 0xf2, 0xff, 0x41, 0xff, 0xc0,

    /* U+F068 "" */
    0x9, 0x7f, 0xf9, 0x61, 0x3e, 0xaf, 0xfe, 0x5f,
    0x98, 0x3f, 0xf9, 0xf0, 0x7f, 0xff, 0xc3, 0xfe,
    0x70, 0xff, 0xe7, 0xc0,

    /* U+F06E "" */
    0xf, 0xfe, 0x13, 0x4f, 0xa8, 0x87, 0xff, 0x3a,
    0xf4, 0xa0, 0x95, 0x7a, 0xf, 0xfe, 0x4d, 0xa1,
    0xff, 0xc1, 0x78, 0x3f, 0xf8, 0xae, 0x87, 0xab,
    0x90, 0xe7, 0x83, 0xff, 0x85, 0xc1, 0xcf, 0x97,
    0xad, 0xe, 0x70, 0xff, 0xe0, 0x61, 0xe6, 0xf,
    0xea, 0x7, 0xb0, 0xff, 0x61, 0xe6, 0xc, 0xb0,
    0x66, 0xf, 0x68, 0x7d, 0x87, 0xd0, 0x77, 0x4f,
    0x4, 0xa0, 0xf4, 0x1e, 0xc3, 0xec, 0x3d, 0x86,
    0xc2, 0x83, 0xec, 0x34, 0x1f, 0xfc, 0x3c, 0x3b,
    0x9, 0xf, 0xa0, 0x90, 0xf9, 0xf, 0x90, 0xf2,
    0xc, 0x3e, 0x51, 0x7, 0xec, 0xc, 0xd8, 0x7d,
    0x87, 0xfd, 0x8, 0x7f, 0xdb, 0x21, 0xff, 0x21,
    0xff, 0xe4, 0xc3, 0xfe, 0xc3, 0xfe, 0xc0, 0x87,
    0xe8, 0x8, 0x7d, 0x1, 0xf, 0xf9, 0x6, 0x1f,
    0x28, 0x10, 0x7f, 0xd8, 0x7f, 0x41, 0x21, 0xf4,
    0x1b, 0xf, 0xa0, 0xa0, 0xfa, 0x41, 0x7, 0xd0,
    0x7b, 0xf, 0x28, 0xf, 0x20, 0x74, 0xa, 0xf,
    0x48, 0x7d, 0x7, 0xa4, 0x26, 0xf4, 0x13, 0x7,
    0xa4, 0x3f, 0x38, 0x7a, 0x81, 0xfd, 0x40, 0xf4,
    0x87, 0xfd, 0xa1, 0xcf, 0x21, 0x36, 0x87, 0x3a,
    0x1f, 0xfc, 0x1b, 0xf, 0x37, 0xd2, 0x1e, 0xa0,
    0x7f, 0xf1, 0x79, 0xf, 0xfe, 0xb, 0x68, 0x7f,
    0xf1, 0xdb, 0x94, 0x1e, 0x6e, 0x43, 0xfe,

    /* U+F070 "" */
    0x2d, 0xf, 0xfe, 0xd2, 0x8a, 0x7, 0xff, 0x66,
    0x9, 0xc3, 0xff, 0xb0, 0x87, 0x68, 0x7f, 0xf5,
    0xa8, 0x1d, 0x21, 0xf3, 0x4f, 0xa8, 0x87, 0xff,
    0x19, 0xc3, 0xa8, 0x13, 0xe9, 0x41, 0x2a, 0xf4,
    0x1f, 0xfc, 0x5d, 0xc, 0xf7, 0x7, 0xff, 0x5,
    0xe0, 0xff, 0xe2, 0x50, 0x39, 0xf, 0x35, 0x90,
    0xe7, 0x83, 0xff, 0x86, 0xc1, 0xfd, 0x72, 0xeb,
    0x43, 0x9c, 0x3f, 0xf8, 0x6e, 0x1f, 0x68, 0x7e,
    0xa0, 0x7b, 0x43, 0xff, 0x87, 0xa1, 0xda, 0x6,
    0x88, 0x4c, 0x1e, 0x90, 0xff, 0xe1, 0xd0, 0x3a,
    0x4d, 0x56, 0x81, 0x41, 0xe8, 0x3f, 0xd2, 0x19,
    0xc3, 0xa8, 0x1d, 0x20, 0x83, 0xec, 0x3f, 0x2a,
    0x81, 0xda, 0x19, 0x41, 0xd0, 0x48, 0x7d, 0x7,
    0xd0, 0x18, 0x3a, 0x81, 0xff, 0x20, 0xc3, 0xe5,
    0x7, 0x41, 0x9c, 0x39, 0xc3, 0xfd, 0x81, 0xf,
    0xd0, 0x72, 0x1e, 0xd0, 0xec, 0x3f, 0x90, 0xff,
    0xe2, 0xa1, 0xf4, 0x87, 0x68, 0x7c, 0x87, 0xff,
    0x16, 0xf, 0xd8, 0x7a, 0x81, 0xfc, 0x87, 0xe8,
    0x3c, 0x87, 0xc8, 0x7c, 0xe1, 0xcc, 0x61, 0xf2,
    0x83, 0xd0, 0x7f, 0xf1, 0x74, 0x33, 0xa1, 0xf4,
    0x1f, 0xb0, 0xfb, 0xf, 0xea, 0x7, 0xff, 0x3,
    0xf, 0xf6, 0x1f, 0x41, 0xfc, 0xe1, 0xfe, 0x83,
    0xff, 0x81, 0x87, 0x94, 0x1f, 0xed, 0xf, 0xa4,
    0x3f, 0xf8, 0x38, 0x7a, 0x81, 0xfe, 0x90, 0xf2,
    0x1f, 0xfc, 0x3d, 0xe, 0x79, 0xf, 0xd4, 0xe,
    0xd0, 0xff, 0xe1, 0xd8, 0x79, 0xbf, 0x21, 0x9c,
    0x3a, 0x81, 0xff, 0xc4, 0xe4, 0x3f, 0xa8, 0x1d,
    0xa1, 0x9c, 0x3f, 0xf8, 0x8d, 0xca, 0xf, 0xfe,
    0xd, 0x3, 0xb4, 0x3f, 0xf8, 0xad, 0x3f, 0xd0,
    0x7c, 0xe1, 0xd4, 0xf, 0xfe, 0xbe, 0x86, 0x43,
    0xff, 0xb1, 0x21, 0x21, 0xff, 0xd9, 0xa0, 0x20,
    0xff, 0xed, 0x3e, 0x0,

    /* U+F071 "" */
    0xf, 0xfe, 0x37, 0xc8, 0x7f, 0xf5, 0xb0, 0xa0,
    0xff, 0xea, 0xc1, 0xd8, 0x7f, 0xf5, 0x10, 0xf2,
    0x1f, 0xfd, 0x2c, 0x3e, 0x83, 0xff, 0xa2, 0x87,
    0xf4, 0x1f, 0xfd, 0x8, 0x3f, 0x90, 0xff, 0xe7,
    0xc1, 0xff, 0x41, 0xff, 0xce, 0x43, 0xfe, 0x43,
    0xff, 0x9b, 0x7, 0xff, 0x7, 0xf, 0xfe, 0x5a,
    0x83, 0xff, 0x84, 0x87, 0xff, 0x2a, 0xe, 0xae,
    0xe, 0x83, 0xff, 0x92, 0x87, 0x97, 0xc1, 0xd0,
    0x7f, 0xf2, 0x20, 0xff, 0xe2, 0xa1, 0xff, 0xc7,
    0x83, 0xff, 0x8f, 0x7, 0xff, 0x19, 0xf, 0xfe,
    0x2, 0x1e, 0x50, 0x7f, 0xf1, 0x20, 0xff, 0xe4,
    0xc1, 0xff, 0xc3, 0x50, 0x7f, 0xf2, 0x90, 0xff,
    0xe1, 0x41, 0xff, 0xcb, 0x83, 0xff, 0x82, 0x87,
    0xff, 0x36, 0xf, 0xfe, 0x4, 0x1f, 0xfc, 0xd4,
    0x3f, 0xe8, 0x3f, 0xe8, 0x24, 0x3f, 0xe8, 0x3f,
    0xc8, 0x7f, 0xcf, 0xd0, 0x7f, 0xca, 0xf, 0xd0,
    0x7f, 0xf0, 0x7e, 0x43, 0xff, 0x81, 0x7, 0xca,
    0xf, 0xfe, 0x6, 0x14, 0x1f, 0xfc, 0x14, 0x3d,
    0x7, 0xff, 0x1, 0xe, 0x43, 0xff, 0x81, 0x7,
    0x21, 0xff, 0xd5, 0x83, 0x41, 0xff, 0xc1, 0x43,
    0x90, 0xff, 0xe0, 0xa1, 0x41, 0xff, 0xc3, 0xd1,
    0xc3, 0xff, 0x87, 0x1, 0xf, 0xfe, 0x25, 0xc1,
    0xff, 0xc4, 0x43, 0xff, 0xba, 0x87, 0xff, 0x5d,
    0x4, 0x87, 0xff, 0x5a, 0xa, 0xff, 0xfe, 0xb0,
    0x0,

    /* U+F074 "" */
    0xf, 0xff, 0x75, 0xa1, 0xff, 0xd2, 0x49, 0xf,
    0xfe, 0x82, 0x14, 0x87, 0xff, 0x52, 0x41, 0xff,
    0xa0, 0xff, 0xaf, 0xa0, 0xe9, 0xf, 0xe6, 0xf,
    0xe9, 0xf, 0xf4, 0x87, 0xf3, 0x7, 0xd2, 0x1f,
    0xfc, 0x8, 0x3f, 0xca, 0xe, 0x90, 0xff, 0xe0,
    0xa1, 0xff, 0x48, 0x4a, 0xf, 0xfe, 0x15, 0xd7,
    0x21, 0xd8, 0x18, 0x39, 0xa0, 0x7b, 0x2, 0xf4,
    0x86, 0x86, 0xe, 0x64, 0x3d, 0x87, 0xf4, 0x83,
    0x4, 0x1c, 0xc0, 0x43, 0x61, 0xff, 0x4e, 0xc,
    0x39, 0x83, 0xec, 0x3f, 0xf8, 0x30, 0x30, 0xf4,
    0x1d, 0xd8, 0x7f, 0xf1, 0x30, 0xf6, 0x1f, 0x21,
    0xff, 0xc4, 0xc3, 0xd8, 0x7e, 0x43, 0xff, 0x87,
    0x87, 0xb0, 0x41, 0xdd, 0x3, 0xff, 0x83, 0x7,
    0xb0, 0x6c, 0x1e, 0x60, 0xff, 0xa4, 0x3b, 0x6,
    0x6, 0x2, 0x13, 0x7, 0xf4, 0x87, 0x40, 0xc3,
    0x28, 0x3c, 0xc0, 0xff, 0x21, 0xd2, 0x4, 0x3a,
    0xe0, 0xe6, 0xf, 0xfe, 0x4, 0x85, 0x21, 0xff,
    0xc1, 0x60, 0xff, 0x28, 0x3a, 0x43, 0xff, 0x82,
    0x87, 0xf3, 0x7, 0xd2, 0x1f, 0xfc, 0x8, 0x3f,
    0x30, 0x7f, 0x48, 0x7f, 0x95, 0xff, 0xa0, 0xff,
    0xaf, 0xa0, 0xe6, 0xf, 0xfe, 0x93, 0x7, 0xff,
    0x39, 0x9, 0x83, 0xff, 0xa4, 0xc1, 0xff, 0xd1,
    0xf4, 0x1c,

    /* U+F077 "" */
    0xf, 0xfe, 0xd, 0xa1, 0xff, 0xcd, 0x92, 0x43,
    0xff, 0x97, 0x21, 0x48, 0x7f, 0xf2, 0x64, 0x3a,
    0x43, 0xff, 0x8f, 0x21, 0xf4, 0x87, 0xff, 0x16,
    0x43, 0xfa, 0x43, 0xff, 0x87, 0x21, 0xff, 0x48,
    0x7f, 0xf0, 0x64, 0x39, 0xc3, 0xd2, 0x1f, 0xf4,
    0x87, 0x31, 0x87, 0xa4, 0x3f, 0xa4, 0x39, 0x82,
    0xc3, 0xd2, 0x1f, 0x48, 0x73, 0x7, 0x61, 0xe9,
    0xe, 0x90, 0xe6, 0xf, 0xb0, 0xf4, 0x85, 0x21,
    0xcc, 0x1f, 0xd8, 0x7a, 0x49, 0xe, 0x60, 0xff,
    0xb0, 0xf4, 0x1f, 0x30, 0x7f, 0xf0, 0x70, 0xfa,
    0xc, 0xc1, 0xff, 0xc3, 0xc3, 0x20, 0xc0, 0xc1,
    0xff, 0xc5, 0xc0, 0xc1, 0x7a, 0xf, 0xfe, 0x3f,
    0xa0, 0x0,

    /* U+F078 "" */
    0x5, 0xa1, 0xff, 0xc7, 0xb4, 0x2d, 0x24, 0x3f,
    0xf8, 0xb2, 0x49, 0x6, 0x90, 0xff, 0xe1, 0xc8,
    0x50, 0x7d, 0x21, 0xff, 0xc1, 0x90, 0xf4, 0x1e,
    0x90, 0xff, 0xa4, 0x39, 0x6, 0x1e, 0x90, 0xfe,
    0x90, 0xe6, 0xb, 0xf, 0x48, 0x7d, 0x21, 0xcc,
    0x1d, 0x87, 0xa4, 0x3a, 0x43, 0x98, 0x3e, 0xc3,
    0xd2, 0x14, 0x87, 0x30, 0x7f, 0x61, 0xe9, 0x24,
    0x39, 0x83, 0xfe, 0xc3, 0xd6, 0x87, 0x30, 0x7f,
    0xf0, 0x70, 0xff, 0xe0, 0x30, 0x7f, 0xf0, 0xf0,
    0xff, 0x30, 0x7f, 0xf1, 0x70, 0xfc, 0xc1, 0xff,
    0xc7, 0xc3, 0xcc, 0x1f, 0xfc, 0x9c, 0x33, 0x7,
    0xff, 0x2f, 0x3, 0x7, 0xff, 0x37, 0xd0, 0x7f,
    0xf0, 0x40,

    /* U+F079 "" */
    0xf, 0xff, 0x27, 0x90, 0xff, 0xec, 0xe0, 0x90,
    0xff, 0xeb, 0xe1, 0xa4, 0x33, 0xff, 0xfc, 0x54,
    0x3f, 0xd8, 0x7a, 0x42, 0x83, 0xff, 0x8b, 0x7,
    0xf6, 0x1f, 0xa4, 0x8, 0x7f, 0xf3, 0xb0, 0xff,
    0x49, 0x21, 0xff, 0xcc, 0xc3, 0xff, 0x81, 0x25,
    0xff, 0xfc, 0x8, 0x3f, 0xd8, 0x64, 0x34, 0x1a,
    0xf, 0xfe, 0x12, 0x1f, 0xe4, 0x26, 0xc, 0xc1,
    0xff, 0xd1, 0x80, 0xc1, 0xe6, 0x4, 0x1f, 0xfc,
    0xef, 0x41, 0xf9, 0xf2, 0x1f, 0xff, 0xf0, 0xff,
    0xff, 0x87, 0xff, 0xd7, 0xc8, 0x7e, 0xbc, 0x1f,
    0xfc, 0xec, 0x12, 0x1e, 0x90, 0x41, 0xff, 0xd1,
    0x90, 0xca, 0x9, 0xf, 0xf2, 0x1f, 0xfc, 0x28,
    0x34, 0x1a, 0xd, 0x7, 0xfa, 0xff, 0xfe, 0x4,
    0x30, 0x7f, 0xf0, 0x24, 0x3f, 0xf9, 0x6c, 0x30,
    0x7f, 0xa4, 0x3f, 0xf9, 0xa8, 0x18, 0x3f, 0x48,
    0x7e, 0x83, 0xff, 0x8b, 0x4, 0xc1, 0xe9, 0xf,
    0xe7, 0xff, 0xf8, 0xa8, 0x66, 0xd, 0x21, 0xff,
    0xd6, 0x60, 0x48, 0x7f, 0xf6, 0x1f, 0x21, 0xe0,

    /* U+F07B "" */
    0x1a, 0x7f, 0xf4, 0x1f, 0xfc, 0x76, 0x50, 0x7f,
    0x30, 0x7f, 0xf1, 0xa0, 0xff, 0xe0, 0xb0, 0x7f,
    0xf5, 0x18, 0x3f, 0xfa, 0x8f, 0x5f, 0xfc, 0x10,
    0xff, 0xe4, 0x2f, 0xff, 0x7, 0xf, 0xfe, 0xae,
    0x1f, 0xff, 0xf0, 0xff, 0xff, 0x87, 0xff, 0xfc,
    0x3f, 0xff, 0xe1, 0xff, 0xff, 0xf, 0xff, 0xf8,
    0x7f, 0xff, 0xc2, 0x83, 0xff, 0xa7, 0x30, 0x7f,
    0xf4, 0x64,

    /* U+F093 "" */
    0xf, 0xfe, 0x1b, 0x7, 0xff, 0x49, 0x9c, 0x3f,
    0xfa, 0xc, 0x16, 0x1f, 0xfc, 0xe6, 0xe, 0xc3,
    0xff, 0x98, 0xc1, 0xf6, 0x1f, 0xfc, 0xa6, 0xf,
    0xec, 0x3f, 0xf9, 0xc, 0x1f, 0xf6, 0x1f, 0xfc,
    0x66, 0xf, 0xfe, 0xe, 0x1f, 0xfc, 0x46, 0xf,
    0xfe, 0x1e, 0x1f, 0xfc, 0x26, 0xf, 0xfe, 0x2e,
    0x1f, 0xfc, 0x6, 0xf, 0xfe, 0x3e, 0x1f, 0xf6,
    0x1f, 0xfc, 0x94, 0x3f, 0xd2, 0xf8, 0x3f, 0x97,
    0xa4, 0x3f, 0xea, 0xf0, 0x7e, 0xaf, 0x21, 0xff,
    0xff, 0xf, 0xff, 0xf8, 0x7f, 0xff, 0xc3, 0xff,
    0xfe, 0x15, 0xff, 0xc8, 0x7f, 0xcf, 0xff, 0x48,
    0x7f, 0x64, 0x1e, 0x51, 0x87, 0xf2, 0x1f, 0xe4,
    0x7f, 0xd0, 0x10, 0xff, 0xe4, 0xe8, 0x7c, 0xe1,
    0xff, 0xcb, 0xbf, 0xe8, 0x3f, 0xfe, 0xef, 0x81,
    0xe0, 0xff, 0xe9, 0x21, 0xff, 0xd0, 0x7c, 0x3e,
    0xc, 0x87, 0xff, 0x4d, 0xbf, 0xff, 0xa7, 0x0,

    /* U+F095 "" */
    0xf, 0xff, 0x73, 0xca, 0xf, 0xfe, 0x8c, 0x34,
    0xf4, 0x87, 0xff, 0x31, 0xf, 0x9b, 0xf, 0xfe,
    0x5e, 0x1f, 0xfd, 0x54, 0x3f, 0xfa, 0x90, 0x7f,
    0xf5, 0x50, 0xff, 0xea, 0x21, 0xff, 0x21, 0xff,
    0xc9, 0x83, 0xff, 0xaa, 0x87, 0xfd, 0x87, 0xff,
    0x26, 0x43, 0xfc, 0x87, 0xff, 0x2a, 0x43, 0xff,
    0xab, 0x40, 0xf9, 0xf, 0xfe, 0x6a, 0x83, 0xd0,
    0x7f, 0xf3, 0x90, 0xff, 0xea, 0x41, 0xe8, 0x3f,
    0xf9, 0xaa, 0xf, 0x21, 0xff, 0xcd, 0x83, 0xd0,
    0x7f, 0xf3, 0x70, 0xf9, 0xf, 0xfe, 0x64, 0x1f,
    0x61, 0xff, 0xc0, 0x68, 0x1f, 0xd2, 0x1e, 0x43,
    0xfe, 0x79, 0x50, 0x7d, 0x21, 0xe6, 0xf, 0xeb,
    0x83, 0x28, 0x3b, 0x43, 0xe8, 0x3f, 0x79, 0xf,
    0xa0, 0xac, 0x3f, 0x61, 0xfb, 0xf, 0xfb, 0xb4,
    0x3f, 0x61, 0xff, 0xca, 0x43, 0xfb, 0xf, 0xf2,
    0x1f, 0xfc, 0x9c, 0x3f, 0xec, 0x3f, 0xf8, 0xee,
    0x1f, 0xfc, 0x4, 0x3f, 0xf8, 0xd4, 0xf, 0xfe,
    0x95, 0xa1, 0xff, 0xc3, 0x43, 0xff, 0x83, 0x68,
    0x7f, 0xf1, 0x70, 0xff, 0x36, 0x87, 0xff, 0x1d,
    0xf, 0x37, 0xa4, 0x3f, 0xf9, 0x5f, 0xe9, 0xf,
    0xfe, 0x58,

    /* U+F0C4 "" */
    0xd, 0x7a, 0x43, 0xff, 0x97, 0x68, 0x1b, 0xf,
    0xfe, 0x3, 0x7a, 0xd, 0x21, 0xf6, 0x1f, 0xea,
    0x20, 0x74, 0x50, 0x7f, 0x41, 0xfa, 0x43, 0xd1,
    0x86, 0xa0, 0x64, 0x3e, 0x90, 0xfb, 0x10, 0xa5,
    0x61, 0x90, 0xe9, 0xf, 0xb0, 0xf2, 0x1f, 0xfc,
    0x9, 0xf, 0xb0, 0xf9, 0xf, 0xfa, 0x43, 0xec,
    0x32, 0x15, 0x1c, 0x32, 0x9, 0xf, 0xb0, 0xe8,
    0x33, 0x7, 0x44, 0x87, 0xd8, 0x7c, 0x87, 0xf9,
    0xd0, 0xfb, 0xf, 0xd2, 0x1f, 0xfc, 0x6c, 0x3f,
    0xd6, 0xa0, 0xff, 0xe1, 0x61, 0xff, 0xc1, 0xa7,
    0x83, 0xfe, 0xc3, 0xff, 0x8d, 0x87, 0xf6, 0x1f,
    0xfc, 0x78, 0x3f, 0xb0, 0xff, 0xe3, 0x48, 0x7f,
    0xb0, 0xff, 0xe0, 0xdf, 0x21, 0xff, 0xc0, 0xc3,
    0xfe, 0xd0, 0xff, 0xe2, 0xe1, 0xfd, 0x87, 0xfd,
    0x7, 0xec, 0x3e, 0x83, 0xfe, 0xdc, 0x3f, 0x61,
    0xe4, 0x27, 0xd0, 0x7d, 0x87, 0xe8, 0x3f, 0xa0,
    0x21, 0x90, 0xb0, 0xf9, 0x83, 0xf2, 0x1f, 0xfc,
    0xc, 0x3e, 0x60, 0xfa, 0x4, 0x19, 0xe, 0xc3,
    0xe6, 0x4, 0x1b, 0xc8, 0x7f, 0xd8, 0x7c, 0xc2,
    0x1f, 0xec, 0x3f, 0x61, 0xf6, 0xc, 0x3f, 0x41,
    0xfe, 0xd0, 0x99, 0xb, 0x83, 0x3a, 0x1f, 0xf5,
    0xf4, 0x87, 0x3f, 0xa0, 0xff, 0xe4, 0x80,

    /* U+F0C5 "" */
    0xf, 0xcf, 0xff, 0xc8, 0xe1, 0xff, 0xc1, 0x83,
    0xff, 0x87, 0xa1, 0xff, 0xd0, 0x90, 0xff, 0xe8,
    0x48, 0x7f, 0xf4, 0x20, 0xff, 0xe8, 0xed, 0xf8,
    0x3f, 0xf8, 0x8f, 0xfa, 0x43, 0xff, 0x8d, 0x87,
    0xff, 0x41, 0xeb, 0xe0, 0xff, 0xe5, 0x2f, 0xc1,
    0xff, 0xff, 0xf, 0xff, 0xf8, 0x7f, 0xff, 0xc3,
    0xff, 0xfe, 0x1f, 0xff, 0xf0, 0xff, 0xff, 0x87,
    0xff, 0x21, 0x20, 0xff, 0xe3, 0xc1, 0xe8, 0x7f,
    0xff, 0x8e, 0x87, 0xd8, 0x7f, 0xf4, 0x7f, 0xff,
    0x80, 0x87, 0xff, 0xd9, 0xf, 0xfe, 0x3a, 0x1f,
    0xaf, 0xff, 0xe3, 0x87, 0xf0,

    /* U+F0C7 "" */
    0x1f, 0xff, 0xe3, 0xc1, 0xf3, 0x7, 0xff, 0x1d,
    0xc3, 0xd0, 0x7f, 0xf2, 0xb0, 0xff, 0xe8, 0xe1,
    0xfa, 0xff, 0xfe, 0x1a, 0x1b, 0xf, 0x90, 0xff,
    0xe1, 0xe1, 0xd8, 0x7f, 0xf4, 0x70, 0xff, 0xe8,
    0xc1, 0xff, 0xd0, 0x43, 0xff, 0xfe, 0x1f, 0xfc,
    0x44, 0x3f, 0xf8, 0x78, 0x7f, 0xf0, 0x2f, 0xff,
    0xe1, 0xa1, 0xff, 0xff, 0xf, 0xfe, 0xa5, 0xf4,
    0x1f, 0xfc, 0xbd, 0x9, 0x83, 0xff, 0x92, 0x87,
    0x94, 0x1f, 0xfc, 0x8c, 0x3e, 0xc3, 0xff, 0xcb,
    0x87, 0xd8, 0x7f, 0xf2, 0x14, 0x1c, 0xa0, 0xff,
    0xe4, 0xd0, 0x2a, 0x7, 0xff, 0x2d, 0xf9, 0xf,
    0xfe, 0xea, 0x1f, 0xfc, 0xfa, 0x21, 0xff, 0xcd,
    0x51, 0x7f, 0xff, 0x36, 0x0,

    /* U+F0C9 "" */
    0xf, 0xfe, 0x8f, 0xff, 0xf4, 0x20, 0xff, 0xe8,
    0x21, 0xff, 0xee, 0x97, 0xff, 0x9f, 0x35, 0xff,
    0xcf, 0x43, 0xff, 0xfe, 0x1f, 0xfd, 0xd6, 0xbf,
    0xf9, 0xec, 0xbf, 0xfc, 0xf8, 0x3f, 0xfd, 0xc8,
    0x7f, 0xf3, 0xdb, 0xff, 0xf9, 0xf0, 0x7f, 0xff,
    0xc3, 0xff, 0xba, 0xd7, 0xff, 0x3d, 0x97, 0xff,
    0x9f, 0x7, 0xff, 0xfc, 0x3f, 0xe7, 0xff, 0xfa,
    0x10,

    /* U+F0E0 "" */
    0x3, 0x5f, 0xfc, 0xf4, 0x2e, 0x5f, 0xfe, 0x7d,
    0x98, 0x7f, 0xf4, 0xf0, 0xff, 0xff, 0x87, 0xff,
    0x33, 0x43, 0xff, 0xa2, 0xe5, 0x3, 0xff, 0x9f,
    0x41, 0x1c, 0x3f, 0xf9, 0xba, 0x54, 0xd, 0xf,
    0xfe, 0x4b, 0x83, 0x47, 0x4a, 0x7, 0xff, 0x1e,
    0x83, 0x87, 0x50, 0x70, 0xff, 0xe2, 0xe9, 0x40,
    0xf9, 0xc1, 0xa1, 0xff, 0xc1, 0x70, 0x68, 0x7f,
    0xb4, 0xa0, 0x7f, 0xd4, 0x2c, 0x3f, 0xf8, 0x34,
    0x1c, 0x3f, 0xb4, 0xd0, 0xff, 0xe1, 0xba, 0x68,
    0x73, 0x8e, 0x1f, 0xfc, 0x79, 0x2d, 0x1e, 0x28,
    0x1f, 0xfc, 0x9b, 0x5, 0xc0, 0xd0, 0xff, 0xe6,
    0x72, 0x36, 0x1f, 0xfc, 0xf6, 0xe4, 0x3f, 0xff,
    0xe1, 0xff, 0xda, 0x43, 0xff, 0xa7, 0x44, 0x3f,
    0xfa, 0x32,

    /* U+F0E7 "" */
    0x9, 0xff, 0xf8, 0x3f, 0xd0, 0x7f, 0xc8, 0x7f,
    0xf2, 0x50, 0xff, 0xe9, 0x21, 0xff, 0x21, 0xff,
    0xc9, 0x83, 0xfb, 0xf, 0xfe, 0x4a, 0x1f, 0xe4,
    0x3f, 0xf9, 0x38, 0x7f, 0xf2, 0x50, 0xff, 0xe4,
    0xd7, 0xe0, 0x21, 0xff, 0x2f, 0xe8, 0x3f, 0xf9,
    0x39, 0x87, 0xff, 0x1d, 0xf, 0xfe, 0x44, 0x4,
    0x3f, 0xf8, 0xc8, 0x7f, 0xf2, 0x30, 0xff, 0xe4,
    0x21, 0xb5, 0xfc, 0x1f, 0xa0, 0xea, 0xfc, 0x1f,
    0x41, 0xff, 0xc9, 0x43, 0xff, 0x82, 0x87, 0xa0,
    0xff, 0xe1, 0x61, 0xe4, 0x3f, 0xf8, 0x48, 0x76,
    0x1f, 0xfc, 0x84, 0x3f, 0xf8, 0x68, 0x74, 0x1f,
    0xfc, 0x3c, 0x34, 0x1f, 0xfc, 0x44, 0x32, 0x1f,
    0xfc, 0x88, 0x3f, 0xf8, 0x88, 0x4a, 0xf, 0xfe,
    0x26, 0x14, 0x1f, 0xfc, 0x54, 0x8, 0x7f, 0xf1,
    0xa0, 0x41, 0xff, 0xc6, 0x7c, 0x1f, 0xfc, 0x0,

    /* U+F0EA "" */
    0xf, 0xcf, 0xa0, 0xff, 0xe6, 0x50, 0xe, 0x1f,
    0xfc, 0x47, 0xfc, 0x87, 0x7f, 0xa0, 0xfe, 0x83,
    0xf7, 0x90, 0xf9, 0x41, 0xff, 0xc7, 0xc3, 0xff,
    0x9c, 0x90, 0x7f, 0xf3, 0xac, 0x3f, 0xfd, 0xcb,
    0xfe, 0xf, 0xfe, 0x2d, 0xd7, 0xf0, 0x7f, 0xf1,
    0x54, 0x2f, 0xf0, 0x48, 0x7f, 0xf0, 0x72, 0xbf,
    0xc8, 0xd0, 0x3f, 0xf8, 0x48, 0x7f, 0xf0, 0x58,
    0x3f, 0xfa, 0xc, 0x1f, 0xfd, 0x6, 0xf, 0xfe,
    0x83, 0x7, 0xff, 0x29, 0xe, 0x43, 0xff, 0x97,
    0xfe, 0xf, 0xfe, 0x44, 0xbf, 0x83, 0xff, 0x93,
    0x5f, 0x83, 0xff, 0xfe, 0x1f, 0xff, 0xf0, 0xff,
    0xe6, 0x41, 0xf2, 0x1f, 0xfc, 0x87, 0xfe, 0xf,
    0xff, 0xf8, 0x7f, 0xff, 0x10, 0xff, 0xe2, 0xa1,
    0xfe, 0xbf, 0xff, 0x8b, 0x0,

    /* U+F0F3 "" */
    0xf, 0xfe, 0xd, 0xc1, 0xff, 0xcd, 0x50, 0xa0,
    0xff, 0xe6, 0x61, 0xff, 0xd0, 0x42, 0xc3, 0xff,
    0x92, 0xf8, 0x33, 0xe4, 0x3f, 0xf8, 0xbc, 0x1f,
    0xd4, 0xf, 0xfe, 0x1e, 0x1f, 0xfc, 0x7, 0xf,
    0xfe, 0xe, 0x1f, 0xfc, 0x38, 0x3f, 0xe8, 0x3f,
    0xf8, 0x8a, 0xf, 0xf2, 0x1f, 0xfc, 0x58, 0x3f,
    0x90, 0xff, 0xe3, 0xa1, 0xfb, 0xf, 0xfe, 0x3e,
    0x1f, 0x90, 0xff, 0xff, 0x81, 0xf, 0xff, 0xaa,
    0x1f, 0xfd, 0xc, 0x3f, 0xf9, 0x28, 0x79, 0xf,
    0xfe, 0x4e, 0x1f, 0xfd, 0x4, 0x3a, 0xf, 0xfe,
    0x5c, 0x14, 0x87, 0xff, 0x2d, 0x42, 0x83, 0xff,
    0x9b, 0x30, 0x7f, 0xf3, 0xe0, 0xff, 0xe8, 0x38,
    0x7f, 0xf3, 0xe3, 0xff, 0xf9, 0xe1, 0xff, 0xdc,
    0xbf, 0xe8, 0x3f, 0xf9, 0x18, 0x7d, 0x87, 0xff,
    0x21, 0xf, 0x28, 0x3f, 0xf9, 0x3a, 0x13, 0x7,
    0xff, 0x2e, 0xfa, 0xf, 0xfe, 0x0,

    /* U+F11C "" */
    0x1f, 0xff, 0xea, 0xc0, 0x60, 0xff, 0xea, 0xb1,
    0x7, 0xff, 0x5d, 0xf, 0xfe, 0xfd, 0xe8, 0x17,
    0xc0, 0x7e, 0x81, 0xf4, 0xb, 0xd0, 0x7f, 0x20,
    0x40, 0x87, 0x61, 0x21, 0xc8, 0x10, 0x21, 0xff,
    0xff, 0xf, 0xf4, 0xb0, 0x25, 0x81, 0xad, 0x1,
    0x70, 0x17, 0x7, 0xf3, 0x50, 0x1a, 0x80, 0xd4,
    0x82, 0xb0, 0x2b, 0x7, 0xff, 0x9a, 0xf8, 0x1f,
    0xa0, 0x7e, 0x7, 0xe0, 0xff, 0xe1, 0xa1, 0xff,
    0xff, 0x43, 0x90, 0xfe, 0x43, 0x90, 0xff, 0xe1,
    0xdf, 0x2, 0xfa, 0x7, 0xd0, 0x3e, 0x83, 0xff,
    0xcd, 0xf8, 0x17, 0xff, 0xf1, 0x1, 0xf8, 0x3f,
    0xf8, 0x68, 0x7f, 0xfe, 0x50, 0xe4, 0x3f, 0xf8,
    0x68, 0x72, 0x1f, 0xd7, 0xc0, 0xbf, 0xff, 0x87,
    0x3, 0xe8, 0x3f, 0xfb, 0xf0, 0x7f, 0xf5, 0xd1,
    0x83, 0xff, 0xaa, 0xc0,

    /* U+F124 "" */
    0xf, 0xff, 0xa5, 0xe4, 0x3f, 0xfa, 0x36, 0x82,
    0x43, 0xff, 0x9d, 0x68, 0x74, 0x1f, 0xfc, 0xb7,
    0xc8, 0x7f, 0xf4, 0x5e, 0xf, 0xf2, 0x1f, 0xfc,
    0x77, 0x83, 0xff, 0x81, 0x87, 0xff, 0x16, 0xe0,
    0xff, 0xe1, 0x21, 0xff, 0xc3, 0xb4, 0x3f, 0xf8,
    0x70, 0x7f, 0xf0, 0x5b, 0x43, 0xff, 0x8a, 0x87,
    0xfc, 0xf2, 0x1f, 0xfc, 0x68, 0x3f, 0xcf, 0x7,
    0xff, 0x25, 0xf, 0xd7, 0x7, 0xff, 0x29, 0xf,
    0xad, 0xf, 0xfe, 0x64, 0x1e, 0xd0, 0xff, 0xe6,
    0xa1, 0xec, 0x3f, 0xf9, 0xf0, 0x7f, 0xf5, 0x50,
    0xff, 0xeb, 0x41, 0xf4, 0x1f, 0xfd, 0x66, 0x5f,
    0xfe, 0x0, 0x7f, 0xf0, 0x20, 0xfe, 0x6b, 0xff,
    0x80, 0x87, 0xfc, 0x87, 0xff, 0x56, 0xf, 0xfe,
    0xb2, 0x1f, 0xfd, 0x58, 0x3f, 0xfa, 0xc8, 0x7f,
    0xf5, 0x50, 0xff, 0xeb, 0x41, 0xff, 0xd5, 0x43,
    0xff, 0xad, 0x7, 0xff, 0x55, 0xf, 0xfe, 0xb4,
    0x1f, 0xfc, 0xfc, 0x3f, 0xfa, 0xc8, 0x74, 0x1f,
    0xfd, 0x18, 0x29, 0xf, 0xfe, 0x8b, 0xf2, 0x1f,
    0xfc, 0x20,

    /* U+F15B "" */
    0x7f, 0xff, 0x82, 0x8e, 0x1f, 0x41, 0xff, 0xc5,
    0xc3, 0xff, 0x9b, 0x87, 0xff, 0x37, 0xf, 0xfe,
    0x6e, 0x1f, 0xfc, 0xdc, 0x3f, 0xf9, 0xb8, 0x7f,
    0xf3, 0x70, 0xff, 0xe2, 0x35, 0xf8, 0x3f, 0xf8,
    0x58, 0x17, 0xf0, 0x7f, 0xf0, 0x9e, 0xbf, 0x83,
    0xff, 0x88, 0xbf, 0xc1, 0xff, 0xff, 0xf, 0xff,
    0xf8, 0x7f, 0xff, 0xc3, 0xff, 0xfe, 0x1f, 0xff,
    0xf0, 0xff, 0xff, 0x87, 0xff, 0x99, 0xf, 0xfe,
    0x5d, 0x3f, 0xff, 0x96, 0x80,

    /* U+F1EB "" */
    0xf, 0xff, 0x72, 0xab, 0x94, 0x1f, 0xfd, 0x17,
    0xea, 0x2f, 0x53, 0xe8, 0x3f, 0xf9, 0x4f, 0xa0,
    0xff, 0xe1, 0xbe, 0x83, 0xff, 0x8b, 0x70, 0x7f,
    0xf2, 0x5e, 0xf, 0xfe, 0xd, 0xa1, 0xff, 0xcd,
    0x78, 0x3f, 0xda, 0x1f, 0xfc, 0x5, 0xf0, 0x7f,
    0xce, 0x87, 0x9c, 0x3f, 0x9b, 0xea, 0xf7, 0xd0,
    0x7f, 0x50, 0x35, 0x3, 0xe7, 0xd2, 0x1f, 0xfc,
    0x7, 0xc8, 0x7c, 0xe0, 0xd0, 0xf3, 0xc1, 0xff,
    0xc7, 0xb4, 0x3e, 0xc3, 0xf5, 0x3, 0xff, 0x97,
    0x61, 0xfb, 0xc, 0xe8, 0x7f, 0xf0, 0x14, 0x1f,
    0xfc, 0xe, 0xd, 0x3, 0x3, 0x7, 0xe6, 0xfd,
    0x4f, 0xa4, 0x3f, 0x30, 0x24, 0x2f, 0x41, 0xf5,
    0xc8, 0x7f, 0x37, 0x7, 0xcf, 0x90, 0xff, 0xe0,
    0x5a, 0x1f, 0xfc, 0x37, 0x83, 0xff, 0x91, 0xa1,
    0xff, 0xc7, 0x74, 0x3f, 0xf8, 0x8e, 0x1f, 0xfc,
    0xba, 0x7, 0xff, 0xf, 0xf, 0xd7, 0xfd, 0x21,
    0xf2, 0x1f, 0xfc, 0x38, 0x39, 0xf2, 0x1f, 0x36,
    0x87, 0x41, 0xff, 0xc4, 0xc2, 0xa0, 0x7f, 0xf0,
    0x6c, 0x29, 0xf, 0xfe, 0x2e, 0xe8, 0x7f, 0xf1,
    0x36, 0x43, 0xff, 0x8f, 0x7, 0xff, 0x1e, 0x43,
    0xff, 0xa1, 0x7d, 0x7, 0xff, 0x62, 0x42, 0x70,
    0xff, 0xeb, 0xa1, 0xe4, 0x3f, 0xfa, 0xa8, 0x7d,
    0x87, 0xff, 0xfd, 0xf, 0xb0, 0xff, 0xeb, 0x21,
    0xe4, 0x3f, 0xfa, 0xd4, 0x9, 0xc3, 0xff, 0xb0,
    0xfd, 0x7, 0xff, 0x1c,

    /* U+F240 "" */
    0x1f, 0xff, 0xeb, 0xa1, 0x98, 0x3f, 0xfa, 0xf4,
    0xa, 0xf, 0xfe, 0xca, 0x1f, 0xfe, 0x5b, 0xff,
    0xfa, 0x41, 0xb4, 0x39, 0xf, 0xfe, 0xbc, 0x1f,
    0x97, 0xff, 0x9c, 0x1f, 0xfc, 0x3e, 0xbf, 0xf9,
    0xc1, 0xff, 0xe0, 0xa0, 0x7f, 0xf7, 0x14, 0x1f,
    0xff, 0xf0, 0xff, 0xf2, 0xa8, 0x3f, 0xfb, 0x94,
    0xf, 0xff, 0x4f, 0xff, 0xf3, 0xc3, 0xff, 0x82,
    0x87, 0xff, 0x5d, 0xe, 0xbf, 0xff, 0xa4, 0x1b,
    0x83, 0xff, 0xbf, 0x7, 0xff, 0x65, 0x9, 0x83,
    0xff, 0xae, 0xc1, 0x0,

    /* U+F241 "" */
    0x1f, 0xff, 0xeb, 0xa1, 0x98, 0x3f, 0xfa, 0xf4,
    0xa, 0xf, 0xfe, 0xca, 0x1f, 0xfe, 0x5b, 0xff,
    0xfa, 0x41, 0xb4, 0x39, 0xf, 0xfe, 0xbc, 0x1f,
    0x2f, 0xff, 0x20, 0x3f, 0xf9, 0x55, 0xff, 0xc9,
    0xf, 0xff, 0x35, 0x3, 0xff, 0xb8, 0xa0, 0xff,
    0xff, 0x87, 0xff, 0x95, 0x41, 0xff, 0xdc, 0xa0,
    0x7f, 0xfa, 0x7f, 0xff, 0x91, 0x7, 0xff, 0x1d,
    0xf, 0xfe, 0xba, 0x1d, 0x7f, 0xff, 0x48, 0x37,
    0x7, 0xff, 0x7e, 0xf, 0xfe, 0xca, 0x13, 0x7,
    0xff, 0x5d, 0x82,

    /* U+F242 "" */
    0x1f, 0xff, 0xeb, 0xa1, 0x98, 0x3f, 0xfa, 0xf4,
    0xa, 0xf, 0xfe, 0xca, 0x1f, 0xfe, 0x5b, 0xff,
    0xfa, 0x41, 0xb4, 0x39, 0xf, 0xfe, 0xbc, 0x1f,
    0x2f, 0xff, 0x8, 0x3f, 0xfa, 0x15, 0xff, 0xc3,
    0xf, 0xff, 0x65, 0x3, 0xff, 0xb8, 0xa0, 0xff,
    0xff, 0x87, 0xff, 0x95, 0x41, 0xff, 0xdc, 0xa0,
    0x7f, 0xf3, 0x70, 0xff, 0xe7, 0xff, 0xff, 0x9,
    0xf, 0xfe, 0x6a, 0x1f, 0xfd, 0x74, 0x3a, 0xff,
    0xfe, 0x90, 0x6e, 0xf, 0xfe, 0xfc, 0x1f, 0xfd,
    0x94, 0x26, 0xf, 0xfe, 0xbb, 0x4,

    /* U+F243 "" */
    0x1f, 0xff, 0xeb, 0xa1, 0x98, 0x3f, 0xfa, 0xf4,
    0xa, 0xf, 0xfe, 0xca, 0x1f, 0xfe, 0x5b, 0xff,
    0xfa, 0x41, 0xb4, 0x39, 0xf, 0xfe, 0xbc, 0x1f,
    0x2f, 0xe0, 0xff, 0xeb, 0x57, 0xe4, 0x3f, 0xfe,
    0x54, 0xf, 0xfe, 0xe2, 0x83, 0xff, 0xfe, 0x1f,
    0xfe, 0x55, 0x7, 0xff, 0x72, 0x81, 0xff, 0xe9,
    0xff, 0xc8, 0x7f, 0xf4, 0xd0, 0xff, 0xeb, 0xa1,
    0xd7, 0xff, 0xf4, 0x83, 0x70, 0x7f, 0xf7, 0xe0,
    0xff, 0xec, 0xa1, 0x30, 0x7f, 0xf5, 0xd8, 0x20,

    /* U+F244 "" */
    0x1f, 0xff, 0xeb, 0xa1, 0x98, 0x3f, 0xfa, 0xf4,
    0xa, 0xf, 0xfe, 0xca, 0x1f, 0xfe, 0x5b, 0xff,
    0xfa, 0x41, 0xb4, 0x39, 0xf, 0xfe, 0xbc, 0x1f,
    0xff, 0xf0, 0xff, 0xf0, 0xd0, 0x3f, 0xfb, 0x8a,
    0xf, 0xff, 0xf8, 0x7f, 0xf9, 0x54, 0x1f, 0xfd,
    0xca, 0x7, 0xff, 0xfc, 0x3f, 0xf8, 0xc8, 0x7f,
    0xf5, 0xd0, 0xeb, 0xff, 0xfa, 0x41, 0xb8, 0x3f,
    0xfb, 0xf0, 0x7f, 0xf6, 0x50, 0x98, 0x3f, 0xfa,
    0xec, 0x10,

    /* U+F287 "" */
    0xf, 0xff, 0xa5, 0xe8, 0x3f, 0xfb, 0x32, 0x7,
    0xf, 0xfe, 0xa3, 0x52, 0x1c, 0x87, 0xff, 0x4a,
    0x8b, 0x7, 0xb0, 0xff, 0xe8, 0xc8, 0x14, 0x1e,
    0xc3, 0xff, 0xa2, 0x8f, 0x44, 0x39, 0xf, 0xfe,
    0x84, 0x8, 0x2a, 0x1, 0xc3, 0xff, 0xa2, 0x90,
    0x73, 0xe8, 0x3f, 0xf8, 0xcd, 0x48, 0x7a, 0x2,
    0x1f, 0xfc, 0xea, 0x2d, 0x40, 0xe4, 0x43, 0xff,
    0x8d, 0x68, 0x72, 0x83, 0x98, 0x28, 0x10, 0x7f,
    0xf2, 0x2c, 0x34, 0x1f, 0x2d, 0x20, 0x5f, 0xfe,
    0x38, 0x6e, 0xf, 0xfa, 0x88, 0x55, 0xff, 0xc7,
    0x43, 0x38, 0x7f, 0xf7, 0x51, 0xf, 0xdf, 0xf4,
    0xb, 0xff, 0xf8, 0x48, 0x6e, 0x20, 0xfa, 0xf,
    0x94, 0x41, 0xff, 0xc5, 0xb0, 0xd8, 0x74, 0x87,
    0xe8, 0x8, 0x7f, 0xf0, 0x77, 0x43, 0xde, 0xbc,
    0x87, 0xf9, 0x20, 0xff, 0xe0, 0xb0, 0x7f, 0x90,
    0xff, 0xe0, 0xc0, 0x42, 0xbf, 0xc1, 0xff, 0xd1,
    0x48, 0x3f, 0xfb, 0x70, 0x3a, 0x21, 0xff, 0xd8,
    0xc0, 0xa0, 0xff, 0xed, 0x6b, 0x7, 0xff, 0x6e,
    0xa4, 0x3f, 0xff, 0xe1, 0xfa, 0xff, 0x7, 0xf8,

    /* U+F293 "" */
    0xf, 0xcd, 0x3e, 0xa2, 0x1f, 0xfc, 0x2b, 0x94,
    0x12, 0xae, 0xf, 0xf3, 0xa1, 0xff, 0x3a, 0x1f,
    0x30, 0x79, 0x83, 0xe9, 0xf, 0x41, 0xf9, 0x83,
    0xe8, 0x3a, 0xf, 0xf3, 0x7, 0xd8, 0x64, 0x3f,
    0xe5, 0x7, 0xc8, 0x20, 0xff, 0xe0, 0xc8, 0x7b,
    0x2, 0x1f, 0xfc, 0x29, 0xe, 0x43, 0xe5, 0x7,
    0xb0, 0x41, 0xf2, 0x19, 0xa2, 0x1e, 0xd3, 0xe,
    0x70, 0xc8, 0x24, 0x3d, 0x81, 0xf, 0xfb, 0x4,
    0x86, 0x62, 0x43, 0x68, 0x7b, 0x5, 0x82, 0x82,
    0x83, 0xff, 0x85, 0x81, 0x2, 0x30, 0x79, 0xf,
    0xe8, 0x3d, 0x7, 0xff, 0x15, 0x83, 0x61, 0xff,
    0xcc, 0x43, 0xff, 0x8c, 0xc1, 0xa0, 0xff, 0xe2,
    0xb0, 0x7b, 0xf, 0x90, 0xfa, 0x80, 0x81, 0x3,
    0xf, 0x90, 0xe9, 0x6, 0x13, 0x3, 0xf, 0xf9,
    0x40, 0xc3, 0x98, 0x10, 0x6f, 0x6, 0x41, 0x87,
    0xd0, 0x20, 0xe4, 0x3b, 0xc1, 0xe7, 0x6, 0x1c,
    0x87, 0xff, 0xa, 0x6, 0x1f, 0xa0, 0xff, 0xe1,
    0x61, 0xe8, 0x8, 0x7f, 0x21, 0x61, 0xf2, 0x14,
    0x1f, 0xf6, 0x1f, 0x21, 0x94, 0x1f, 0xd8, 0x7e,
    0x83, 0xa4, 0x3e, 0xc3, 0xf6, 0x1f, 0x50, 0x3f,
    0xf8, 0x2e, 0x1f, 0xcf, 0x21, 0xf9, 0xe0, 0xff,
    0xe0, 0x37, 0xfe, 0x83, 0xe0,

    /* U+F2ED "" */
    0xf, 0xfe, 0xd3, 0xff, 0xc8, 0x7f, 0xf1, 0xa0,
    0xfe, 0x83, 0xfa, 0xff, 0xc1, 0xff, 0x7f, 0xe9,
    0xf, 0xfe, 0x7a, 0x1f, 0xfe, 0xef, 0xff, 0xe8,
    0x87, 0xff, 0x4f, 0xff, 0xf9, 0x90, 0x7f, 0xf4,
    0x10, 0xff, 0xfb, 0xb0, 0x74, 0x1d, 0x21, 0xff,
    0xc2, 0x94, 0x14, 0xa0, 0x95, 0x87, 0xff, 0xfc,
    0x3f, 0xff, 0xe1, 0xff, 0xff, 0xf, 0xff, 0xf8,
    0x7f, 0xff, 0xc3, 0xff, 0xc2, 0x88, 0x58, 0x72,
    0x61, 0xff, 0xc2, 0xb0, 0xce, 0x86, 0xd0, 0xff,
    0xea, 0xa1, 0x90, 0xff, 0xe5, 0xe1, 0xa4, 0x3f,
    0xf9, 0x32, 0x1d, 0x7f, 0xff, 0x25, 0x8,

    /* U+F304 "" */
    0xf, 0xfe, 0x6b, 0xe4, 0x3f, 0xfa, 0x34, 0x5,
    0x3, 0xff, 0x9f, 0x21, 0x98, 0x3f, 0xf9, 0xb2,
    0x1e, 0x60, 0xff, 0xe5, 0xc8, 0x7e, 0x60, 0xff,
    0xe5, 0x41, 0xfe, 0x60, 0xff, 0xe3, 0xc0, 0xc3,
    0xfc, 0x87, 0xff, 0x1a, 0x70, 0x61, 0xff, 0xcf,
    0x90, 0x60, 0xc3, 0xf2, 0x1f, 0xfc, 0x49, 0xd,
    0x83, 0xf, 0xa0, 0xff, 0xe1, 0xc8, 0x7b, 0x6,
    0x1d, 0x87, 0xff, 0xe, 0x43, 0xf6, 0xc, 0x2c,
    0x3f, 0xf8, 0x72, 0x1f, 0xec, 0x1b, 0x87, 0xff,
    0xe, 0x43, 0xff, 0x81, 0x82, 0xf, 0xfe, 0x1c,
    0x87, 0xff, 0xa, 0xf, 0xfe, 0x24, 0x87, 0xff,
    0xe, 0xf, 0xfe, 0x1c, 0x87, 0xff, 0xf, 0xf,
    0xfe, 0x1c, 0x87, 0xff, 0xf, 0xf, 0xfe, 0x1c,
    0x87, 0xff, 0xf, 0xf, 0xfe, 0x1c, 0x87, 0xff,
    0xf, 0xf, 0xfe, 0x1c, 0x87, 0xff, 0xf, 0xf,
    0xfe, 0x1c, 0x87, 0xff, 0xf, 0xf, 0xfe, 0x1c,
    0x87, 0xff, 0xf, 0xf, 0xfe, 0x1c, 0x87, 0xff,
    0xf, 0xf, 0xfe, 0x22, 0x1f, 0xfc, 0x3c, 0x3f,
    0xf8, 0x88, 0x7f, 0xf0, 0xf0, 0xff, 0xea, 0x61,
    0xff, 0xc6, 0xc3, 0xff, 0x83, 0x87, 0xff, 0x53,
    0xf, 0xfe, 0x42, 0x1f, 0xf6, 0x1f, 0xfd, 0x4c,
    0x3f, 0xfa, 0x98, 0x7f, 0xf2, 0xd0, 0xca, 0xa6,
    0x1f, 0xfc, 0xcb, 0xf5, 0x14, 0x1f, 0xfc, 0xc0,

    /* U+F55A "" */
    0xf, 0xf9, 0xa7, 0xff, 0xf2, 0xe8, 0x1f, 0xfc,
    0x1a, 0x28, 0x3f, 0xf9, 0x6a, 0xc3, 0xfe, 0x90,
    0xff, 0xe8, 0xe1, 0xfd, 0x21, 0xff, 0xdb, 0x90,
    0xff, 0xed, 0xc8, 0x7f, 0xca, 0xf, 0xd0, 0x7f,
    0xc8, 0x74, 0x87, 0xfd, 0x58, 0x3d, 0xb8, 0x7f,
    0xf0, 0xe4, 0x3f, 0xe5, 0x1, 0x83, 0x61, 0x61,
    0xff, 0xc1, 0x90, 0xff, 0xe0, 0x21, 0x98, 0x18,
    0x64, 0x3f, 0xf8, 0x12, 0x1f, 0xfc, 0x28, 0x33,
    0x61, 0x98, 0x3f, 0xe9, 0xf, 0xfe, 0x1b, 0x6,
    0x43, 0x30, 0x7f, 0xd2, 0x1f, 0xfc, 0x56, 0xf,
    0x98, 0x3f, 0xf8, 0x8, 0x7f, 0xf1, 0xd8, 0x3d,
    0x7, 0xff, 0x5a, 0xf, 0x41, 0xff, 0xc1, 0xc3,
    0xff, 0x8f, 0x87, 0xcc, 0x1f, 0xfc, 0x1c, 0x3f,
    0xf8, 0xb8, 0x7f, 0x30, 0x7f, 0xf0, 0x70, 0xff,
    0xe1, 0xe1, 0x9e, 0xc, 0xc1, 0xff, 0xc1, 0xc3,
    0xff, 0x82, 0x86, 0x61, 0x83, 0x21, 0xff, 0xc2,
    0xc3, 0xff, 0x80, 0xa0, 0x30, 0x4c, 0x14, 0x1f,
    0xfc, 0x3c, 0x3f, 0xf8, 0x12, 0xa0, 0xe6, 0x24,
    0x3f, 0xf8, 0x98, 0x7f, 0xf0, 0x28, 0x1f, 0x3a,
    0x1f, 0xe4, 0x3e, 0xc3, 0xff, 0xbd, 0x87, 0xff,
    0x7b, 0xf, 0xfe, 0x94, 0x1f, 0xf6, 0x87, 0xff,
    0x3e, 0x40,

    /* U+F7C2 "" */
    0xf, 0x9f, 0xff, 0xe1, 0x41, 0xf9, 0x83, 0xff,
    0x84, 0xe1, 0xe6, 0xf, 0xfe, 0x2c, 0x19, 0x83,
    0xff, 0x8c, 0x84, 0xc0, 0xbc, 0xb, 0xc0, 0xbd,
    0x7, 0x98, 0x24, 0x32, 0x1f, 0x21, 0xcc, 0x1f,
    0xfc, 0xa6, 0xf, 0xfe, 0x5c, 0x1f, 0xfe, 0xca,
    0x81, 0x50, 0x2b, 0x7, 0xfc, 0xb0, 0x16, 0x9,
    0x60, 0xff, 0xff, 0x87, 0xff, 0xfc, 0x3f, 0xff,
    0xe1, 0xff, 0xff, 0xf, 0xff, 0xf8, 0x7f, 0xff,
    0xc3, 0x21, 0xff, 0xcb, 0x60, 0xff, 0xe5, 0xc6,
    0x87, 0xff, 0x1d, 0xc2, 0xbf, 0xff, 0x8f, 0x0,

    /* U+F8A2 "" */
    0xf, 0xfe, 0xa4, 0x1f, 0xfd, 0x4d, 0xf, 0xfe,
    0x9e, 0x1f, 0xfd, 0x4c, 0x3f, 0xf8, 0xa, 0xf,
    0xfe, 0x36, 0x1f, 0xfc, 0xe, 0x88, 0x7f, 0xf4,
    0x70, 0xff, 0xea, 0x61, 0xff, 0xd4, 0xc3, 0xff,
    0xa9, 0x87, 0xff, 0x4d, 0xc3, 0xeb, 0xff, 0xf8,
    0xa1, 0xe6, 0xf, 0xfe, 0xa4, 0x1f, 0xfd, 0x54,
    0x3f, 0xfa, 0xb2, 0x1f, 0xfd, 0x59, 0xf, 0x9a,
    0xff, 0xe4, 0x78, 0x29, 0xf, 0x6b, 0xff, 0xc8,
    0xf, 0x50, 0x3f, 0xfa, 0xac, 0x1f, 0xfd, 0x56,
    0xf, 0xfe, 0xab, 0x8a, 0xf, 0xfe, 0x58
};


/*---------------------
 *  GLYPH DESCRIPTION
 *--------------------*/

static const lv_font_fmt_txt_glyph_dsc_t glyph_dsc[] = {
    {.bitmap_index = 0, .adv_w = 0, .box_w = 0, .box_h = 0, .ofs_x = 0, .ofs_y = 0} /* id = 0 reserved */,
    {.bitmap_index = 0, .adv_w = 168, .box_w = 0, .box_h = 0, .ofs_x = 0, .ofs_y = 0},
    {.bitmap_index = 0, .adv_w = 212, .box_w = 5, .box_h = 25, .ofs_x = 4, .ofs_y = 0},
    {.bitmap_index = 16, .adv_w = 243, .box_w = 9, .box_h = 10, .ofs_x = 3, .ofs_y = 15},
    {.bitmap_index = 24, .adv_w = 442, .box_w = 24, .box_h = 25, .ofs_x = 2, .ofs_y = 0},
    {.bitmap_index = 142, .adv_w = 336, .box_w = 17, .box_h = 31, .ofs_x = 2, .ofs_y = -5},
    {.bitmap_index = 220, .adv_w = 502, .box_w = 29, .box_h = 25, .ofs_x = 1, .ofs_y = 0},
    {.bitmap_index = 377, .adv_w = 412, .box_w = 23, .box_h = 25, .ofs_x = 2, .ofs_y = 0},
    {.bitmap_index = 494, .adv_w = 145, .box_w = 3, .box_h = 10, .ofs_x = 3, .ofs_y = 15},
    {.bitmap_index = 499, .adv_w = 206, .box_w = 9, .box_h = 30, .ofs_x = 2, .ofs_y = -4},
    {.bitmap_index = 547, .adv_w = 206, .box_w = 9, .box_h = 30, .ofs_x = 2, .ofs_y = -4},
    {.bitmap_index = 597, .adv_w = 264, .box_w = 16, .box_h = 16, .ofs_x = 0, .ofs_y = 9},
    {.bitmap_index = 646, .adv_w = 442, .box_w = 22, .box_h = 22, .ofs_x = 3, .ofs_y = 0},
    {.bitmap_index = 681, .adv_w = 168, .box_w = 6, .box_h = 9, .ofs_x = 2, .ofs_y = -4},
    {.bitmap_index = 694, .adv_w = 191, .box_w = 10, .box_h = 3, .ofs_x = 1, .ofs_y = 8},
    {.bitmap_index = 700, .adv_w = 168, .box_w = 4, .box_h = 5, .ofs_x = 3, .ofs_y = 0},
    {.bitmap_index = 705, .adv_w = 178, .box_w = 12, .box_h = 28, .ofs_x = 0, .ofs_y = -3},
    {.bitmap_index = 771, .adv_w = 336, .box_w = 17, .box_h = 25, .ofs_x = 2, .ofs_y = 0},
    {.bitmap_index = 855, .adv_w = 336, .box_w = 15, .box_h = 25, .ofs_x = 3, .ofs_y = 0},
    {.bitmap_index = 884, .adv_w = 336, .box_w = 16, .box_h = 25, .ofs_x = 2, .ofs_y = 0},
    {.bitmap_index = 961, .adv_w = 336, .box_w = 17, .box_h = 25, .ofs_x = 2, .ofs_y = 0},
    {.bitmap_index = 1046, .adv_w = 336, .box_w = 19, .box_h = 25, .ofs_x = 1, .ofs_y = 0},
    {.bitmap_index = 1122, .adv_w = 336, .box_w = 17, .box_h = 25, .ofs_x = 2, .ofs_y = 0},
    {.bitmap_index = 1186, .adv_w = 336, .box_w = 17, .box_h = 25, .ofs_x = 2, .ofs_y = 0},
    {.bitmap_index = 1280, .adv_w = 336, .box_w = 17, .box_h = 25, .ofs_x = 2, .ofs_y = 0},
    {.bitmap_index = 1369, .adv_w = 336, .box_w = 17, .box_h = 25, .ofs_x = 2, .ofs_y = 0},
    {.bitmap_index = 1455, .adv_w = 336, .box_w = 17, .box_h = 25, .ofs_x = 2, .ofs_y = 0},
    {.bitmap_index = 1550, .adv_w = 178, .box_w = 5, .box_h = 18, .ofs_x = 3, .ofs_y = 0},
    {.bitmap_index = 1562, .adv_w = 178, .box_w = 6, .box_h = 22, .ofs_x = 2, .ofs_y = -4},
    {.bitmap_index = 1582, .adv_w = 442, .box_w = 22, .box_h = 19, .ofs_x = 3, .ofs_y = 1},
    {.bitmap_index = 1666, .adv_w = 442, .box_w = 22, .box_h = 10, .ofs_x = 3, .ofs_y = 6},
    {.bitmap_index = 1684, .adv_w = 442, .box_w = 22, .box_h = 19, .ofs_x = 3, .ofs_y = 1},
    {.bitmap_index = 1768, .adv_w = 280, .box_w = 14, .box_h = 25, .ofs_x = 2, .ofs_y = 0},
    {.bitmap_index = 1825, .adv_w = 528, .box_w = 29, .box_h = 30, .ofs_x = 2, .ofs_y = -6},
    {.bitmap_index = 2008, .adv_w = 361, .box_w = 23, .box_h = 25, .ofs_x = 0, .ofs_y = 0},
    {.bitmap_index = 2122, .adv_w = 362, .box_w = 18, .box_h = 25, .ofs_x = 3, .ofs_y = 0},
    {.bitmap_index = 2205, .adv_w = 369, .box_w = 21, .box_h = 25, .ofs_x = 1, .ofs_y = 0},
    {.bitmap_index = 2292, .adv_w = 407, .box_w = 21, .box_h = 25, .ofs_x = 3, .ofs_y = 0},
    {.bitmap_index = 2371, .adv_w = 334, .box_w = 16, .box_h = 25, .ofs_x = 3, .ofs_y = 0},
    {.bitmap_index = 2401, .adv_w = 304, .box_w = 15, .box_h = 25, .ofs_x = 3, .ofs_y = 0},
    {.bitmap_index = 2428, .adv_w = 409, .box_w = 22, .box_h = 25, .ofs_x = 1, .ofs_y = 0},
    {.bitmap_index = 2523, .adv_w = 397, .box_w = 19, .box_h = 25, .ofs_x = 3, .ofs_y = 0},
    {.bitmap_index = 2550, .adv_w = 156, .box_w = 4, .box_h = 25, .ofs_x = 3, .ofs_y = 0},
    {.bitmap_index = 2557, .adv_w = 156, .box_w = 9, .box_h = 32, .ofs_x = -2, .ofs_y = -7},
    {.bitmap_index = 2581, .adv_w = 346, .box_w = 20, .box_h = 25, .ofs_x = 3, .ofs_y = 0},
    {.bitmap_index = 2681, .adv_w = 294, .box_w = 16, .box_h = 25, .ofs_x = 3, .ofs_y = 0},
    {.bitmap_index = 2700, .adv_w = 456, .box_w = 23, .box_h = 25, .ofs_x = 3, .ofs_y = 0},
    {.bitmap_index = 2797, .adv_w = 395, .box_w = 19, .box_h = 25, .ofs_x = 3, .ofs_y = 0},
    {.bitmap_index = 2885, .adv_w = 416, .box_w = 24, .box_h = 25, .ofs_x = 1, .ofs_y = 0},
    {.bitmap_index = 2994, .adv_w = 318, .box_w = 16, .box_h = 25, .ofs_x = 3, .ofs_y = 0},
    {.bitmap_index = 3043, .adv_w = 416, .box_w = 24, .box_h = 29, .ofs_x = 1, .ofs_y = -4},
    {.bitmap_index = 3170, .adv_w = 367, .box_w = 19, .box_h = 25, .ofs_x = 3, .ofs_y = 0},
    {.bitmap_index = 3257, .adv_w = 335, .box_w = 18, .box_h = 25, .ofs_x = 2, .ofs_y = 0},
    {.bitmap_index = 3352, .adv_w = 323, .box_w = 22, .box_h = 25, .ofs_x = -1, .ofs_y = 0},
    {.bitmap_index = 3381, .adv_w = 386, .box_w = 20, .box_h = 25, .ofs_x = 2, .ofs_y = 0},
    {.bitmap_index = 3434, .adv_w = 361, .box_w = 23, .box_h = 25, .ofs_x = 0, .ofs_y = 0},
    {.bitmap_index = 3553, .adv_w = 522, .box_w = 31, .box_h = 25, .ofs_x = 1, .ofs_y = 0},
    {.bitmap_index = 3712, .adv_w = 362, .box_w = 22, .box_h = 25, .ofs_x = 0, .ofs_y = 0},
    {.bitmap_index = 3832, .adv_w = 323, .box_w = 22, .box_h = 25, .ofs_x = -1, .ofs_y = 0},
    {.bitmap_index = 3908, .adv_w = 362, .box_w = 21, .box_h = 25, .ofs_x = 1, .ofs_y = 0},
    {.bitmap_index = 4001, .adv_w = 206, .box_w = 8, .box_h = 31, .ofs_x = 2, .ofs_y = -5},
    {.bitmap_index = 4020, .adv_w = 178, .box_w = 12, .box_h = 28, .ofs_x = 0, .ofs_y = -3},
    {.bitmap_index = 4084, .adv_w = 206, .box_w = 8, .box_h = 31, .ofs_x = 3, .ofs_y = -5},
    {.bitmap_index = 4103, .adv_w = 442, .box_w = 22, .box_h = 9, .ofs_x = 3, .ofs_y = 16},
    {.bitmap_index = 4145, .adv_w = 264, .box_w = 18, .box_h = 3, .ofs_x = -1, .ofs_y = -8},
    {.bitmap_index = 4154, .adv_w = 264, .box_w = 9, .box_h = 6, .ofs_x = 2, .ofs_y = 21},
    {.bitmap_index = 4167, .adv_w = 324, .box_w = 17, .box_h = 19, .ofs_x = 1, .ofs_y = 0},
    {.bitmap_index = 4233, .adv_w = 335, .box_w = 17, .box_h = 26, .ofs_x = 3, .ofs_y = 0},
    {.bitmap_index = 4296, .adv_w = 290, .box_w = 16, .box_h = 19, .ofs_x = 1, .ofs_y = 0},
    {.bitmap_index = 4351, .adv_w = 335, .box_w = 17, .box_h = 26, .ofs_x = 1, .ofs_y = 0},
    {.bitmap_index = 4416, .adv_w = 325, .box_w = 18, .box_h = 19, .ofs_x = 1, .ofs_y = 0},
    {.bitmap_index = 4487, .adv_w = 186, .box_w = 13, .box_h = 26, .ofs_x = 0, .ofs_y = 0},
    {.bitmap_index = 4522, .adv_w = 335, .box_w = 17, .box_h = 26, .ofs_x = 1, .ofs_y = -7},
    {.bitmap_index = 4607, .adv_w = 335, .box_w = 16, .box_h = 26, .ofs_x = 3, .ofs_y = 0},
    {.bitmap_index = 4643, .adv_w = 147, .box_w = 4, .box_h = 26, .ofs_x = 3, .ofs_y = 0},
    {.bitmap_index = 4652, .adv_w = 147, .box_w = 8, .box_h = 33, .ofs_x = -1, .ofs_y = -7},
    {.bitmap_index = 4676, .adv_w = 306, .box_w = 17, .box_h = 26, .ofs_x = 3, .ofs_y = 0},
    {.bitmap_index = 4751, .adv_w = 147, .box_w = 4, .box_h = 26, .ofs_x = 3, .ofs_y = 0},
    {.bitmap_index = 4757, .adv_w = 514, .box_w = 27, .box_h = 19, .ofs_x = 3, .ofs_y = 0},
    {.bitmap_index = 4816, .adv_w = 335, .box_w = 16, .box_h = 19, .ofs_x = 3, .ofs_y = 0},
    {.bitmap_index = 4847, .adv_w = 323, .box_w = 18, .box_h = 19, .ofs_x = 1, .ofs_y = 0},
    {.bitmap_index = 4912, .adv_w = 335, .box_w = 17, .box_h = 26, .ofs_x = 3, .ofs_y = -7},
    {.bitmap_index = 4978, .adv_w = 335, .box_w = 17, .box_h = 26, .ofs_x = 1, .ofs_y = -7},
    {.bitmap_index = 5043, .adv_w = 217, .box_w = 11, .box_h = 19, .ofs_x = 3, .ofs_y = 0},
    {.bitmap_index = 5065, .adv_w = 275, .box_w = 15, .box_h = 19, .ofs_x = 1, .ofs_y = 0},
    {.bitmap_index = 5127, .adv_w = 207, .box_w = 13, .box_h = 24, .ofs_x = 0, .ofs_y = 0},
    {.bitmap_index = 5159, .adv_w = 335, .box_w = 16, .box_h = 19, .ofs_x = 2, .ofs_y = 0},
    {.bitmap_index = 5193, .adv_w = 312, .box_w = 19, .box_h = 19, .ofs_x = 0, .ofs_y = 0},
    {.bitmap_index = 5270, .adv_w = 432, .box_w = 25, .box_h = 19, .ofs_x = 1, .ofs_y = 0},
    {.bitmap_index = 5377, .adv_w = 312, .box_w = 19, .box_h = 19, .ofs_x = 0, .ofs_y = 0},
    {.bitmap_index = 5456, .adv_w = 312, .box_w = 19, .box_h = 26, .ofs_x = 0, .ofs_y = -7},
    {.bitmap_index = 5557, .adv_w = 277, .box_w = 15, .box_h = 19, .ofs_x = 1, .ofs_y = 0},
    {.bitmap_index = 5613, .adv_w = 336, .box_w = 13, .box_h = 32, .ofs_x = 4, .ofs_y = -6},
    {.bitmap_index = 5671, .adv_w = 178, .box_w = 3, .box_h = 34, .ofs_x = 4, .ofs_y = -8},
    {.bitmap_index = 5677, .adv_w = 336, .box_w = 13, .box_h = 32, .ofs_x = 4, .ofs_y = -6},
    {.bitmap_index = 5735, .adv_w = 442, .box_w = 22, .box_h = 7, .ofs_x = 3, .ofs_y = 7},
    {.bitmap_index = 5767, .adv_w = 168, .box_w = 0, .box_h = 0, .ofs_x = 0, .ofs_y = 0},
    {.bitmap_index = 5767, .adv_w = 212, .box_w = 5, .box_h = 25, .ofs_x = 4, .ofs_y = -6},
    {.bitmap_index = 5782, .adv_w = 336, .box_w = 16, .box_h = 30, .ofs_x = 2, .ofs_y = -6},
    {.bitmap_index = 5850, .adv_w = 336, .box_w = 17, .box_h = 25, .ofs_x = 2, .ofs_y = 0},
    {.bitmap_index = 5903, .adv_w = 336, .box_w = 19, .box_h = 20, .ofs_x = 1, .ofs_y = 1},
    {.bitmap_index = 5987, .adv_w = 336, .box_w = 19, .box_h = 25, .ofs_x = 1, .ofs_y = 0},
    {.bitmap_index = 6064, .adv_w = 178, .box_w = 3, .box_h = 30, .ofs_x = 4, .ofs_y = -6},
    {.bitmap_index = 6075, .adv_w = 264, .box_w = 14, .box_h = 29, .ofs_x = 1, .ofs_y = -4},
    {.bitmap_index = 6168, .adv_w = 264, .box_w = 11, .box_h = 4, .ofs_x = 3, .ofs_y = 22},
    {.bitmap_index = 6176, .adv_w = 528, .box_w = 25, .box_h = 25, .ofs_x = 4, .ofs_y = 0},
    {.bitmap_index = 6315, .adv_w = 249, .box_w = 13, .box_h = 17, .ofs_x = 1, .ofs_y = 7},
    {.bitmap_index = 6363, .adv_w = 323, .box_w = 16, .box_h = 16, .ofs_x = 2, .ofs_y = 2},
    {.bitmap_index = 6421, .adv_w = 442, .box_w = 22, .box_h = 10, .ofs_x = 3, .ofs_y = 4},
    {.bitmap_index = 6437, .adv_w = 191, .box_w = 10, .box_h = 3, .ofs_x = 1, .ofs_y = 8},
    {.bitmap_index = 6443, .adv_w = 528, .box_w = 25, .box_h = 25, .ofs_x = 4, .ofs_y = 0},
    {.bitmap_index = 6580, .adv_w = 264, .box_w = 11, .box_h = 3, .ofs_x = 3, .ofs_y = 23},
    {.bitmap_index = 6587, .adv_w = 264, .box_w = 11, .box_h = 11, .ofs_x = 3, .ofs_y = 15},
    {.bitmap_index = 6616, .adv_w = 442, .box_w = 22, .box_h = 21, .ofs_x = 3, .ofs_y = 0},
    {.bitmap_index = 6653, .adv_w = 212, .box_w = 11, .box_h = 13, .ofs_x = 1, .ofs_y = 11},
    {.bitmap_index = 6685, .adv_w = 212, .box_w = 11, .box_h = 13, .ofs_x = 1, .ofs_y = 11},
    {.bitmap_index = 6716, .adv_w = 264, .box_w = 9, .box_h = 6, .ofs_x = 5, .ofs_y = 21},
    {.bitmap_index = 6730, .adv_w = 336, .box_w = 19, .box_h = 26, .ofs_x = 2, .ofs_y = -7},
    {.bitmap_index = 6776, .adv_w = 336, .box_w = 16, .box_h = 29, .ofs_x = 2, .ofs_y = -4},
    {.bitmap_index = 6822, .adv_w = 168, .box_w = 4, .box_h = 5, .ofs_x = 3, .ofs_y = 10},
    {.bitmap_index = 6827, .adv_w = 264, .box_w = 8, .box_h = 7, .ofs_x = 4, .ofs_y = -7},
    {.bitmap_index = 6841, .adv_w = 212, .box_w = 10, .box_h = 13, .ofs_x = 2, .ofs_y = 11},
    {.bitmap_index = 6856, .adv_w = 249, .box_w = 13, .box_h = 17, .ofs_x = 1, .ofs_y = 7},
    {.bitmap_index = 6903, .adv_w = 323, .box_w = 15, .box_h = 16, .ofs_x = 3, .ofs_y = 2},
    {.bitmap_index = 6959, .adv_w = 512, .box_w = 29, .box_h = 26, .ofs_x = 2, .ofs_y = -1},
    {.bitmap_index = 7090, .adv_w = 512, .box_w = 28, .box_h = 26, .ofs_x = 2, .ofs_y = -1},
    {.bitmap_index = 7224, .adv_w = 512, .box_w = 30, .box_h = 26, .ofs_x = 1, .ofs_y = -1},
    {.bitmap_index = 7376, .adv_w = 280, .box_w = 14, .box_h = 26, .ofs_x = 2, .ofs_y = -7},
    {.bitmap_index = 7431, .adv_w = 361, .box_w = 23, .box_h = 32, .ofs_x = 0, .ofs_y = 0},
    {.bitmap_index = 7567, .adv_w = 361, .box_w = 23, .box_h = 32, .ofs_x = 0, .ofs_y = 0},
    {.bitmap_index = 7704, .adv_w = 361, .box_w = 23, .box_h = 32, .ofs_x = 0, .ofs_y = 0},
    {.bitmap_index = 7846, .adv_w = 361, .box_w = 23, .box_h = 31, .ofs_x = 0, .ofs_y = 0},
    {.bitmap_index = 7982, .adv_w = 361, .box_w = 23, .box_h = 31, .ofs_x = 0, .ofs_y = 0},
    {.bitmap_index = 8111, .adv_w = 361, .box_w = 23, .box_h = 32, .ofs_x = 0, .ofs_y = 0},
    {.bitmap_index = 8250, .adv_w = 514, .box_w = 31, .box_h = 25, .ofs_x = 0, .ofs_y = 0},
    {.bitmap_index = 8353, .adv_w = 369, .box_w = 21, .box_h = 32, .ofs_x = 1, .ofs_y = -7},
    {.bitmap_index = 8465, .adv_w = 334, .box_w = 16, .box_h = 32, .ofs_x = 3, .ofs_y = 0},
    {.bitmap_index = 8518, .adv_w = 334, .box_w = 16, .box_h = 32, .ofs_x = 3, .ofs_y = 0},
    {.bitmap_index = 8570, .adv_w = 334, .box_w = 16, .box_h = 32, .ofs_x = 3, .ofs_y = 0},
    {.bitmap_index = 8623, .adv_w = 334, .box_w = 16, .box_h = 31, .ofs_x = 3, .ofs_y = 0},
    {.bitmap_index = 8668, .adv_w = 156, .box_w = 8, .box_h = 32, .ofs_x = 0, .ofs_y = 0},
    {.bitmap_index = 8691, .adv_w = 156, .box_w = 7, .box_h = 32, .ofs_x = 2, .ofs_y = 0},
    {.bitmap_index = 8712, .adv_w = 156, .box_w = 11, .box_h = 32, .ofs_x = -1, .ofs_y = 0},
    {.bitmap_index = 8743, .adv_w = 156, .box_w = 10, .box_h = 31, .ofs_x = 0, .ofs_y = 0},
    {.bitmap_index = 8768, .adv_w = 409, .box_w = 24, .box_h = 25, .ofs_x = 0, .ofs_y = 0},
    {.bitmap_index = 8862, .adv_w = 395, .box_w = 19, .box_h = 31, .ofs_x = 3, .ofs_y = 0},
    {.bitmap_index = 8969, .adv_w = 416, .box_w = 24, .box_h = 32, .ofs_x = 1, .ofs_y = 0},
    {.bitmap_index = 9099, .adv_w = 416, .box_w = 24, .box_h = 32, .ofs_x = 1, .ofs_y = 0},
    {.bitmap_index = 9231, .adv_w = 416, .box_w = 24, .box_h = 32, .ofs_x = 1, .ofs_y = 0},
    {.bitmap_index = 9368, .adv_w = 416, .box_w = 24, .box_h = 32, .ofs_x = 1, .ofs_y = 0},
    {.bitmap_index = 9503, .adv_w = 416, .box_w = 24, .box_h = 32, .ofs_x = 1, .ofs_y = 0},
    {.bitmap_index = 9627, .adv_w = 442, .box_w = 20, .box_h = 20, .ofs_x = 4, .ofs_y = 1},
    {.bitmap_index = 9713, .adv_w = 416, .box_w = 24, .box_h = 27, .ofs_x = 1, .ofs_y = -1},
    {.bitmap_index = 9849, .adv_w = 386, .box_w = 20, .box_h = 32, .ofs_x = 2, .ofs_y = 0},
    {.bitmap_index = 9924, .adv_w = 386, .box_w = 20, .box_h = 32, .ofs_x = 2, .ofs_y = 0},
    {.bitmap_index = 9999, .adv_w = 386, .box_w = 20, .box_h = 32, .ofs_x = 2, .ofs_y = 0},
    {.bitmap_index = 10078, .adv_w = 386, .box_w = 20, .box_h = 32, .ofs_x = 2, .ofs_y = 0},
    {.bitmap_index = 10146, .adv_w = 323, .box_w = 22, .box_h = 32, .ofs_x = -1, .ofs_y = 0},
    {.bitmap_index = 10247, .adv_w = 319, .box_w = 16, .box_h = 25, .ofs_x = 3, .ofs_y = 0},
    {.bitmap_index = 10298, .adv_w = 333, .box_w = 17, .box_h = 26, .ofs_x = 3, .ofs_y = 0},
    {.bitmap_index = 10383, .adv_w = 324, .box_w = 17, .box_h = 28, .ofs_x = 1, .ofs_y = 0},
    {.bitmap_index = 10478, .adv_w = 324, .box_w = 17, .box_h = 28, .ofs_x = 1, .ofs_y = 0},
    {.bitmap_index = 10574, .adv_w = 324, .box_w = 17, .box_h = 28, .ofs_x = 1, .ofs_y = 0},
    {.bitmap_index = 10670, .adv_w = 324, .box_w = 17, .box_h = 27, .ofs_x = 1, .ofs_y = 0},
    {.bitmap_index = 10759, .adv_w = 324, .box_w = 17, .box_h = 26, .ofs_x = 1, .ofs_y = 0},
    {.bitmap_index = 10838, .adv_w = 324, .box_w = 17, .box_h = 31, .ofs_x = 1, .ofs_y = 0},
    {.bitmap_index = 10941, .adv_w = 518, .box_w = 30, .box_h = 19, .ofs_x = 1, .ofs_y = 0},
    {.bitmap_index = 11058, .adv_w = 290, .box_w = 16, .box_h = 26, .ofs_x = 1, .ofs_y = -7},
    {.bitmap_index = 11135, .adv_w = 325, .box_w = 18, .box_h = 28, .ofs_x = 1, .ofs_y = 0},
    {.bitmap_index = 11236, .adv_w = 325, .box_w = 18, .box_h = 28, .ofs_x = 1, .ofs_y = 0},
    {.bitmap_index = 11339, .adv_w = 325, .box_w = 18, .box_h = 28, .ofs_x = 1, .ofs_y = 0},
    {.bitmap_index = 11442, .adv_w = 325, .box_w = 18, .box_h = 26, .ofs_x = 1, .ofs_y = 0},
    {.bitmap_index = 11528, .adv_w = 147, .box_w = 8, .box_h = 27, .ofs_x = -1, .ofs_y = 0},
    {.bitmap_index = 11551, .adv_w = 147, .box_w = 9, .box_h = 27, .ofs_x = 2, .ofs_y = 0},
    {.bitmap_index = 11577, .adv_w = 147, .box_w = 11, .box_h = 27, .ofs_x = -1, .ofs_y = 0},
    {.bitmap_index = 11608, .adv_w = 147, .box_w = 11, .box_h = 26, .ofs_x = -1, .ofs_y = 0},
    {.bitmap_index = 11630, .adv_w = 323, .box_w = 18, .box_h = 26, .ofs_x = 1, .ofs_y = 0},
    {.bitmap_index = 11724, .adv_w = 335, .box_w = 16, .box_h = 27, .ofs_x = 3, .ofs_y = 0},
    {.bitmap_index = 11778, .adv_w = 323, .box_w = 18, .box_h = 28, .ofs_x = 1, .ofs_y = 0},
    {.bitmap_index = 11872, .adv_w = 323, .box_w = 18, .box_h = 28, .ofs_x = 1, .ofs_y = 0},
    {.bitmap_index = 11966, .adv_w = 323, .box_w = 18, .box_h = 28, .ofs_x = 1, .ofs_y = 0},
    {.bitmap_index = 12062, .adv_w = 323, .box_w = 18, .box_h = 27, .ofs_x = 1, .ofs_y = 0},
    {.bitmap_index = 12153, .adv_w = 323, .box_w = 18, .box_h = 26, .ofs_x = 1, .ofs_y = 0},
    {.bitmap_index = 12232, .adv_w = 442, .box_w = 22, .box_h = 17, .ofs_x = 3, .ofs_y = 2},
    {.bitmap_index = 12264, .adv_w = 323, .box_w = 19, .box_h = 23, .ofs_x = 1, .ofs_y = -2},
    {.bitmap_index = 12355, .adv_w = 335, .box_w = 16, .box_h = 28, .ofs_x = 2, .ofs_y = 0},
    {.bitmap_index = 12418, .adv_w = 335, .box_w = 16, .box_h = 28, .ofs_x = 2, .ofs_y = 0},
    {.bitmap_index = 12479, .adv_w = 335, .box_w = 16, .box_h = 28, .ofs_x = 2, .ofs_y = 0},
    {.bitmap_index = 12542, .adv_w = 335, .box_w = 16, .box_h = 26, .ofs_x = 2, .ofs_y = 0},
    {.bitmap_index = 12590, .adv_w = 312, .box_w = 19, .box_h = 34, .ofs_x = 0, .ofs_y = -7},
    {.bitmap_index = 12718, .adv_w = 335, .box_w = 17, .box_h = 33, .ofs_x = 3, .ofs_y = -7},
    {.bitmap_index = 12789, .adv_w = 312, .box_w = 19, .box_h = 33, .ofs_x = 0, .ofs_y = -7},
    {.bitmap_index = 12905, .adv_w = 361, .box_w = 23, .box_h = 31, .ofs_x = 0, .ofs_y = 0},
    {.bitmap_index = 13032, .adv_w = 324, .box_w = 17, .box_h = 26, .ofs_x = 1, .ofs_y = 0},
    {.bitmap_index = 13109, .adv_w = 361, .box_w = 23, .box_h = 32, .ofs_x = 0, .ofs_y = 0},
    {.bitmap_index = 13252, .adv_w = 324, .box_w = 17, .box_h = 26, .ofs_x = 1, .ofs_y = 0},
    {.bitmap_index = 13340, .adv_w = 361, .box_w = 24, .box_h = 32, .ofs_x = 0, .ofs_y = -7},
    {.bitmap_index = 13485, .adv_w = 324, .box_w = 18, .box_h = 26, .ofs_x = 1, .ofs_y = -7},
    {.bitmap_index = 13574, .adv_w = 369, .box_w = 21, .box_h = 32, .ofs_x = 1, .ofs_y = 0},
    {.bitmap_index = 13683, .adv_w = 290, .box_w = 16, .box_h = 28, .ofs_x = 1, .ofs_y = 0},
    {.bitmap_index = 13765, .adv_w = 369, .box_w = 21, .box_h = 32, .ofs_x = 1, .ofs_y = 0},
    {.bitmap_index = 13879, .adv_w = 290, .box_w = 16, .box_h = 28, .ofs_x = 1, .ofs_y = 0},
    {.bitmap_index = 13962, .adv_w = 369, .box_w = 21, .box_h = 32, .ofs_x = 1, .ofs_y = 0},
    {.bitmap_index = 14060, .adv_w = 290, .box_w = 16, .box_h = 26, .ofs_x = 1, .ofs_y = 0},
    {.bitmap_index = 14123, .adv_w = 369, .box_w = 21, .box_h = 32, .ofs_x = 1, .ofs_y = 0},
    {.bitmap_index = 14236, .adv_w = 290, .box_w = 16, .box_h = 28, .ofs_x = 1, .ofs_y = 0},
    {.bitmap_index = 14319, .adv_w = 407, .box_w = 21, .box_h = 32, .ofs_x = 3, .ofs_y = 0},
    {.bitmap_index = 14425, .adv_w = 335, .box_w = 24, .box_h = 26, .ofs_x = 1, .ofs_y = 0},
    {.bitmap_index = 14529, .adv_w = 409, .box_w = 24, .box_h = 25, .ofs_x = 0, .ofs_y = 0},
    {.bitmap_index = 14623, .adv_w = 335, .box_w = 20, .box_h = 26, .ofs_x = 1, .ofs_y = 0},
    {.bitmap_index = 14705, .adv_w = 334, .box_w = 16, .box_h = 31, .ofs_x = 3, .ofs_y = 0},
    {.bitmap_index = 14747, .adv_w = 325, .box_w = 18, .box_h = 26, .ofs_x = 1, .ofs_y = 0},
    {.bitmap_index = 14830, .adv_w = 334, .box_w = 16, .box_h = 32, .ofs_x = 3, .ofs_y = 0},
    {.bitmap_index = 14879, .adv_w = 325, .box_w = 18, .box_h = 27, .ofs_x = 1, .ofs_y = 0},
    {.bitmap_index = 14974, .adv_w = 334, .box_w = 16, .box_h = 31, .ofs_x = 3, .ofs_y = 0},
    {.bitmap_index = 15016, .adv_w = 325, .box_w = 18, .box_h = 26, .ofs_x = 1, .ofs_y = 0},
    {.bitmap_index = 15097, .adv_w = 334, .box_w = 16, .box_h = 32, .ofs_x = 3, .ofs_y = -7},
    {.bitmap_index = 15147, .adv_w = 325, .box_w = 18, .box_h = 26, .ofs_x = 1, .ofs_y = -7},
    {.bitmap_index = 15243, .adv_w = 334, .box_w = 16, .box_h = 32, .ofs_x = 3, .ofs_y = 0},
    {.bitmap_index = 15295, .adv_w = 325, .box_w = 18, .box_h = 28, .ofs_x = 1, .ofs_y = 0},
    {.bitmap_index = 15397, .adv_w = 409, .box_w = 22, .box_h = 32, .ofs_x = 1, .ofs_y = 0},
    {.bitmap_index = 15520, .adv_w = 335, .box_w = 17, .box_h = 34, .ofs_x = 1, .ofs_y = -7},
    {.bitmap_index = 15632, .adv_w = 409, .box_w = 22, .box_h = 32, .ofs_x = 1, .ofs_y = 0},
    {.bitmap_index = 15751, .adv_w = 335, .box_w = 17, .box_h = 34, .ofs_x = 1, .ofs_y = -7},
    {.bitmap_index = 15859, .adv_w = 409, .box_w = 22, .box_h = 32, .ofs_x = 1, .ofs_y = 0},
    {.bitmap_index = 15965, .adv_w = 335, .box_w = 17, .box_h = 33, .ofs_x = 1, .ofs_y = -7},
    {.bitmap_index = 16060, .adv_w = 409, .box_w = 22, .box_h = 33, .ofs_x = 1, .ofs_y = -8},
    {.bitmap_index = 16181, .adv_w = 335, .box_w = 17, .box_h = 34, .ofs_x = 1, .ofs_y = -7},
    {.bitmap_index = 16290, .adv_w = 397, .box_w = 19, .box_h = 32, .ofs_x = 3, .ofs_y = 0},
    {.bitmap_index = 16343, .adv_w = 335, .box_w = 20, .box_h = 32, .ofs_x = -1, .ofs_y = 0},
    {.bitmap_index = 16411, .adv_w = 484, .box_w = 24, .box_h = 25, .ofs_x = 3, .ofs_y = 0},
    {.bitmap_index = 16458, .adv_w = 367, .box_w = 19, .box_h = 26, .ofs_x = 1, .ofs_y = 0},
    {.bitmap_index = 16511, .adv_w = 156, .box_w = 12, .box_h = 31, .ofs_x = -1, .ofs_y = 0},
    {.bitmap_index = 16538, .adv_w = 147, .box_w = 11, .box_h = 27, .ofs_x = -1, .ofs_y = 0},
    {.bitmap_index = 16566, .adv_w = 156, .box_w = 10, .box_h = 31, .ofs_x = 0, .ofs_y = 0},
    {.bitmap_index = 16587, .adv_w = 147, .box_w = 11, .box_h = 26, .ofs_x = -1, .ofs_y = 0},
    {.bitmap_index = 16607, .adv_w = 156, .box_w = 11, .box_h = 32, .ofs_x = -1, .ofs_y = 0},
    {.bitmap_index = 16634, .adv_w = 147, .box_w = 11, .box_h = 27, .ofs_x = -1, .ofs_y = 0},
    {.bitmap_index = 16661, .adv_w = 156, .box_w = 7, .box_h = 32, .ofs_x = 2, .ofs_y = -7},
    {.bitmap_index = 16682, .adv_w = 147, .box_w = 7, .box_h = 33, .ofs_x = 2, .ofs_y = -7},
    {.bitmap_index = 16707, .adv_w = 156, .box_w = 4, .box_h = 31, .ofs_x = 3, .ofs_y = 0},
    {.bitmap_index = 16719, .adv_w = 147, .box_w = 4, .box_h = 19, .ofs_x = 3, .ofs_y = 0},
    {.bitmap_index = 16723, .adv_w = 311, .box_w = 14, .box_h = 32, .ofs_x = 3, .ofs_y = -7},
    {.bitmap_index = 16759, .adv_w = 293, .box_w = 13, .box_h = 33, .ofs_x = 3, .ofs_y = -7},
    {.bitmap_index = 16798, .adv_w = 156, .box_w = 12, .box_h = 39, .ofs_x = -2, .ofs_y = -7},
    {.bitmap_index = 16846, .adv_w = 147, .box_w = 11, .box_h = 34, .ofs_x = -1, .ofs_y = -7},
    {.bitmap_index = 16889, .adv_w = 346, .box_w = 20, .box_h = 33, .ofs_x = 3, .ofs_y = -8},
    {.bitmap_index = 17015, .adv_w = 306, .box_w = 17, .box_h = 34, .ofs_x = 3, .ofs_y = -8},
    {.bitmap_index = 17115, .adv_w = 306, .box_w = 17, .box_h = 19, .ofs_x = 3, .ofs_y = 0},
    {.bitmap_index = 17183, .adv_w = 294, .box_w = 16, .box_h = 32, .ofs_x = 3, .ofs_y = 0},
    {.bitmap_index = 17223, .adv_w = 147, .box_w = 7, .box_h = 32, .ofs_x = 3, .ofs_y = 0},
    {.bitmap_index = 17243, .adv_w = 294, .box_w = 16, .box_h = 33, .ofs_x = 3, .ofs_y = -8},
    {.bitmap_index = 17287, .adv_w = 147, .box_w = 5, .box_h = 34, .ofs_x = 2, .ofs_y = -8},
    {.bitmap_index = 17303, .adv_w = 294, .box_w = 16, .box_h = 25, .ofs_x = 3, .ofs_y = 0},
    {.bitmap_index = 17341, .adv_w = 198, .box_w = 10, .box_h = 26, .ofs_x = 3, .ofs_y = 0},
    {.bitmap_index = 17363, .adv_w = 294, .box_w = 16, .box_h = 25, .ofs_x = 3, .ofs_y = 0},
    {.bitmap_index = 17384, .adv_w = 180, .box_w = 8, .box_h = 26, .ofs_x = 3, .ofs_y = 0},
    {.bitmap_index = 17399, .adv_w = 297, .box_w = 20, .box_h = 25, .ofs_x = -1, .ofs_y = 0},
    {.bitmap_index = 17453, .adv_w = 150, .box_w = 10, .box_h = 26, .ofs_x = 0, .ofs_y = 0},
    {.bitmap_index = 17480, .adv_w = 395, .box_w = 19, .box_h = 32, .ofs_x = 3, .ofs_y = 0},
    {.bitmap_index = 17591, .adv_w = 335, .box_w = 16, .box_h = 28, .ofs_x = 3, .ofs_y = 0},
    {.bitmap_index = 17650, .adv_w = 395, .box_w = 19, .box_h = 33, .ofs_x = 3, .ofs_y = -8},
    {.bitmap_index = 17764, .adv_w = 335, .box_w = 16, .box_h = 27, .ofs_x = 3, .ofs_y = -8},
    {.bitmap_index = 17820, .adv_w = 395, .box_w = 19, .box_h = 32, .ofs_x = 3, .ofs_y = 0},
    {.bitmap_index = 17933, .adv_w = 335, .box_w = 16, .box_h = 28, .ofs_x = 3, .ofs_y = 0},
    {.bitmap_index = 17992, .adv_w = 430, .box_w = 21, .box_h = 25, .ofs_x = 3, .ofs_y = 0},
    {.bitmap_index = 18050, .adv_w = 395, .box_w = 19, .box_h = 32, .ofs_x = 3, .ofs_y = -7},
    {.bitmap_index = 18118, .adv_w = 335, .box_w = 16, .box_h = 26, .ofs_x = 3, .ofs_y = -7},
    {.bitmap_index = 18165, .adv_w = 416, .box_w = 24, .box_h = 31, .ofs_x = 1, .ofs_y = 0},
    {.bitmap_index = 18287, .adv_w = 323, .box_w = 18, .box_h = 26, .ofs_x = 1, .ofs_y = 0},
    {.bitmap_index = 18364, .adv_w = 416, .box_w = 24, .box_h = 32, .ofs_x = 1, .ofs_y = 0},
    {.bitmap_index = 18497, .adv_w = 323, .box_w = 18, .box_h = 27, .ofs_x = 1, .ofs_y = 0},
    {.bitmap_index = 18585, .adv_w = 416, .box_w = 24, .box_h = 32, .ofs_x = 1, .ofs_y = 0},
    {.bitmap_index = 18724, .adv_w = 323, .box_w = 18, .box_h = 28, .ofs_x = 1, .ofs_y = 0},
    {.bitmap_index = 18817, .adv_w = 565, .box_w = 33, .box_h = 25, .ofs_x = 1, .ofs_y = 0},
    {.bitmap_index = 18919, .adv_w = 540, .box_w = 32, .box_h = 19, .ofs_x = 1, .ofs_y = 0},
    {.bitmap_index = 19041, .adv_w = 367, .box_w = 19, .box_h = 32, .ofs_x = 3, .ofs_y = 0},
    {.bitmap_index = 19151, .adv_w = 217, .box_w = 12, .box_h = 28, .ofs_x = 3, .ofs_y = 0},
    {.bitmap_index = 19196, .adv_w = 367, .box_w = 19, .box_h = 33, .ofs_x = 3, .ofs_y = -8},
    {.bitmap_index = 19309, .adv_w = 217, .box_w = 12, .box_h = 27, .ofs_x = 2, .ofs_y = -8},
    {.bitmap_index = 19349, .adv_w = 367, .box_w = 19, .box_h = 32, .ofs_x = 3, .ofs_y = 0},
    {.bitmap_index = 19461, .adv_w = 217, .box_w = 11, .box_h = 27, .ofs_x = 3, .ofs_y = 0},
    {.bitmap_index = 19504, .adv_w = 335, .box_w = 18, .box_h = 32, .ofs_x = 2, .ofs_y = 0},
    {.bitmap_index = 19620, .adv_w = 275, .box_w = 15, .box_h = 28, .ofs_x = 1, .ofs_y = 0},
    {.bitmap_index = 19705, .adv_w = 335, .box_w = 18, .box_h = 32, .ofs_x = 2, .ofs_y = 0},
    {.bitmap_index = 19823, .adv_w = 275, .box_w = 15, .box_h = 28, .ofs_x = 1, .ofs_y = 0},
    {.bitmap_index = 19913, .adv_w = 335, .box_w = 18, .box_h = 32, .ofs_x = 2, .ofs_y = -7},
    {.bitmap_index = 20033, .adv_w = 275, .box_w = 15, .box_h = 26, .ofs_x = 1, .ofs_y = -7},
    {.bitmap_index = 20116, .adv_w = 335, .box_w = 18, .box_h = 32, .ofs_x = 2, .ofs_y = 0},
    {.bitmap_index = 20234, .adv_w = 275, .box_w = 15, .box_h = 28, .ofs_x = 1, .ofs_y = 0},
    {.bitmap_index = 20322, .adv_w = 323, .box_w = 22, .box_h = 32, .ofs_x = -1, .ofs_y = -7},
    {.bitmap_index = 20376, .adv_w = 207, .box_w = 13, .box_h = 31, .ofs_x = 0, .ofs_y = -7},
    {.bitmap_index = 20426, .adv_w = 323, .box_w = 22, .box_h = 32, .ofs_x = -1, .ofs_y = 0},
    {.bitmap_index = 20483, .adv_w = 207, .box_w = 13, .box_h = 28, .ofs_x = 0, .ofs_y = 0},
    {.bitmap_index = 20531, .adv_w = 323, .box_w = 22, .box_h = 25, .ofs_x = -1, .ofs_y = 0},
    {.bitmap_index = 20569, .adv_w = 207, .box_w = 13, .box_h = 24, .ofs_x = 0, .ofs_y = 0},
    {.bitmap_index = 20611, .adv_w = 386, .box_w = 20, .box_h = 32, .ofs_x = 2, .ofs_y = 0},
    {.bitmap_index = 20687, .adv_w = 335, .box_w = 16, .box_h = 27, .ofs_x = 2, .ofs_y = 0},
    {.bitmap_index = 20744, .adv_w = 386, .box_w = 20, .box_h = 31, .ofs_x = 2, .ofs_y = 0},
    {.bitmap_index = 20809, .adv_w = 335, .box_w = 16, .box_h = 26, .ofs_x = 2, .ofs_y = 0},
    {.bitmap_index = 20855, .adv_w = 386, .box_w = 20, .box_h = 32, .ofs_x = 2, .ofs_y = 0},
    {.bitmap_index = 20930, .adv_w = 335, .box_w = 16, .box_h = 27, .ofs_x = 2, .ofs_y = 0},
    {.bitmap_index = 20986, .adv_w = 386, .box_w = 20, .box_h = 32, .ofs_x = 2, .ofs_y = 0},
    {.bitmap_index = 21073, .adv_w = 335, .box_w = 16, .box_h = 30, .ofs_x = 2, .ofs_y = 0},
    {.bitmap_index = 21142, .adv_w = 386, .box_w = 20, .box_h = 32, .ofs_x = 2, .ofs_y = 0},
    {.bitmap_index = 21222, .adv_w = 335, .box_w = 17, .box_h = 28, .ofs_x = 2, .ofs_y = 0},
    {.bitmap_index = 21285, .adv_w = 386, .box_w = 20, .box_h = 32, .ofs_x = 2, .ofs_y = -7},
    {.bitmap_index = 21363, .adv_w = 335, .box_w = 19, .box_h = 26, .ofs_x = 2, .ofs_y = -7},
    {.bitmap_index = 21423, .adv_w = 522, .box_w = 31, .box_h = 32, .ofs_x = 1, .ofs_y = 0},
    {.bitmap_index = 21612, .adv_w = 432, .box_w = 25, .box_h = 28, .ofs_x = 1, .ofs_y = 0},
    {.bitmap_index = 21757, .adv_w = 323, .box_w = 22, .box_h = 32, .ofs_x = -1, .ofs_y = 0},
    {.bitmap_index = 21862, .adv_w = 312, .box_w = 19, .box_h = 35, .ofs_x = 0, .ofs_y = -7},
    {.bitmap_index = 21996, .adv_w = 323, .box_w = 22, .box_h = 31, .ofs_x = -1, .ofs_y = 0},
    {.bitmap_index = 22089, .adv_w = 362, .box_w = 21, .box_h = 32, .ofs_x = 1, .ofs_y = 0},
    {.bitmap_index = 22205, .adv_w = 277, .box_w = 15, .box_h = 28, .ofs_x = 1, .ofs_y = 0},
    {.bitmap_index = 22285, .adv_w = 362, .box_w = 21, .box_h = 31, .ofs_x = 1, .ofs_y = 0},
    {.bitmap_index = 22389, .adv_w = 277, .box_w = 15, .box_h = 26, .ofs_x = 1, .ofs_y = 0},
    {.bitmap_index = 22453, .adv_w = 362, .box_w = 21, .box_h = 32, .ofs_x = 1, .ofs_y = 0},
    {.bitmap_index = 22573, .adv_w = 277, .box_w = 15, .box_h = 27, .ofs_x = 1, .ofs_y = 0},
    {.bitmap_index = 22653, .adv_w = 186, .box_w = 13, .box_h = 26, .ofs_x = 0, .ofs_y = 0},
    {.bitmap_index = 22683, .adv_w = 528, .box_w = 34, .box_h = 35, .ofs_x = -1, .ofs_y = -5},
    {.bitmap_index = 22806, .adv_w = 528, .box_w = 33, .box_h = 25, .ofs_x = 0, .ofs_y = 0},
    {.bitmap_index = 22919, .adv_w = 528, .box_w = 33, .box_h = 30, .ofs_x = 0, .ofs_y = -3},
    {.bitmap_index = 23021, .adv_w = 528, .box_w = 33, .box_h = 25, .ofs_x = 0, .ofs_y = 0},
    {.bitmap_index = 23155, .adv_w = 363, .box_w = 23, .box_h = 23, .ofs_x = 0, .ofs_y = 1},
    {.bitmap_index = 23262, .adv_w = 528, .box_w = 33, .box_h = 33, .ofs_x = 0, .ofs_y = -4},
    {.bitmap_index = 23443, .adv_w = 528, .box_w = 31, .box_h = 33, .ofs_x = 1, .ofs_y = -4},
    {.bitmap_index = 23594, .adv_w = 594, .box_w = 38, .box_h = 30, .ofs_x = 0, .ofs_y = -3},
    {.bitmap_index = 23755, .adv_w = 528, .box_w = 33, .box_h = 34, .ofs_x = 0, .ofs_y = -5},
    {.bitmap_index = 23879, .adv_w = 594, .box_w = 38, .box_h = 25, .ofs_x = 0, .ofs_y = 0},
    {.bitmap_index = 24003, .adv_w = 528, .box_w = 33, .box_h = 34, .ofs_x = 0, .ofs_y = -5},
    {.bitmap_index = 24199, .adv_w = 264, .box_w = 17, .box_h = 26, .ofs_x = 0, .ofs_y = -1},
    {.bitmap_index = 24257, .adv_w = 396, .box_w = 25, .box_h = 26, .ofs_x = 0, .ofs_y = -1},
    {.bitmap_index = 24351, .adv_w = 594, .box_w = 38, .box_h = 32, .ofs_x = 0, .ofs_y = -4},
    {.bitmap_index = 24559, .adv_w = 528, .box_w = 33, .box_h = 25, .ofs_x = 0, .ofs_y = 0},
    {.bitmap_index = 24666, .adv_w = 363, .box_w = 23, .box_h = 34, .ofs_x = 0, .ofs_y = -5},
    {.bitmap_index = 24808, .adv_w = 462, .box_w = 21, .box_h = 31, .ofs_x = 4, .ofs_y = -3},
    {.bitmap_index = 24899, .adv_w = 462, .box_w = 29, .box_h = 35, .ofs_x = 0, .ofs_y = -5},
    {.bitmap_index = 25017, .adv_w = 462, .box_w = 29, .box_h = 29, .ofs_x = 0, .ofs_y = -2},
    {.bitmap_index = 25073, .adv_w = 462, .box_w = 29, .box_h = 30, .ofs_x = 0, .ofs_y = -3},
    {.bitmap_index = 25122, .adv_w = 462, .box_w = 21, .box_h = 31, .ofs_x = 4, .ofs_y = -3},
    {.bitmap_index = 25213, .adv_w = 462, .box_w = 31, .box_h = 30, .ofs_x = -1, .ofs_y = -3},
    {.bitmap_index = 25326, .adv_w = 330, .box_w = 18, .box_h = 29, .ofs_x = 1, .ofs_y = -2},
    {.bitmap_index = 25421, .adv_w = 330, .box_w = 18, .box_h = 29, .ofs_x = 1, .ofs_y = -2},
    {.bitmap_index = 25519, .adv_w = 462, .box_w = 29, .box_h = 30, .ofs_x = 0, .ofs_y = -3},
    {.bitmap_index = 25591, .adv_w = 462, .box_w = 29, .box_h = 7, .ofs_x = 0, .ofs_y = 9},
    {.bitmap_index = 25611, .adv_w = 594, .box_w = 38, .box_h = 25, .ofs_x = 0, .ofs_y = 0},
    {.bitmap_index = 25794, .adv_w = 660, .box_w = 42, .box_h = 34, .ofs_x = 0, .ofs_y = -5},
    {.bitmap_index = 26046, .adv_w = 594, .box_w = 39, .box_h = 34, .ofs_x = -1, .ofs_y = -5},
    {.bitmap_index = 26239, .adv_w = 528, .box_w = 33, .box_h = 31, .ofs_x = 0, .ofs_y = -3},
    {.bitmap_index = 26417, .adv_w = 462, .box_w = 29, .box_h = 18, .ofs_x = 0, .ofs_y = 3},
    {.bitmap_index = 26515, .adv_w = 462, .box_w = 29, .box_h = 18, .ofs_x = 0, .ofs_y = 3},
    {.bitmap_index = 26613, .adv_w = 660, .box_w = 41, .box_h = 27, .ofs_x = 0, .ofs_y = -1},
    {.bitmap_index = 26757, .adv_w = 528, .box_w = 33, .box_h = 25, .ofs_x = 0, .ofs_y = 0},
    {.bitmap_index = 26815, .adv_w = 528, .box_w = 33, .box_h = 34, .ofs_x = 0, .ofs_y = -5},
    {.bitmap_index = 26943, .adv_w = 528, .box_w = 34, .box_h = 35, .ofs_x = -1, .ofs_y = -5},
    {.bitmap_index = 27105, .adv_w = 462, .box_w = 30, .box_h = 30, .ofs_x = 0, .ofs_y = -3},
    {.bitmap_index = 27280, .adv_w = 462, .box_w = 29, .box_h = 34, .ofs_x = 0, .ofs_y = -5},
    {.bitmap_index = 27365, .adv_w = 462, .box_w = 29, .box_h = 30, .ofs_x = 0, .ofs_y = -3},
    {.bitmap_index = 27466, .adv_w = 462, .box_w = 29, .box_h = 27, .ofs_x = 0, .ofs_y = -1},
    {.bitmap_index = 27523, .adv_w = 528, .box_w = 33, .box_h = 25, .ofs_x = 0, .ofs_y = 0},
    {.bitmap_index = 27629, .adv_w = 330, .box_w = 22, .box_h = 34, .ofs_x = -1, .ofs_y = -5},
    {.bitmap_index = 27749, .adv_w = 462, .box_w = 29, .box_h = 34, .ofs_x = 0, .ofs_y = -5},
    {.bitmap_index = 27858, .adv_w = 462, .box_w = 29, .box_h = 34, .ofs_x = 0, .ofs_y = -5},
    {.bitmap_index = 27984, .adv_w = 594, .box_w = 38, .box_h = 25, .ofs_x = 0, .ofs_y = 0},
    {.bitmap_index = 28100, .adv_w = 528, .box_w = 35, .box_h = 35, .ofs_x = -1, .ofs_y = -5},
    {.bitmap_index = 28246, .adv_w = 396, .box_w = 25, .box_h = 34, .ofs_x = 0, .ofs_y = -5},
    {.bitmap_index = 28315, .adv_w = 660, .box_w = 42, .box_h = 31, .ofs_x = 0, .ofs_y = -3},
    {.bitmap_index = 28511, .adv_w = 660, .box_w = 42, .box_h = 21, .ofs_x = 0, .ofs_y = 2},
    {.bitmap_index = 28587, .adv_w = 660, .box_w = 42, .box_h = 21, .ofs_x = 0, .ofs_y = 2},
    {.bitmap_index = 28662, .adv_w = 660, .box_w = 42, .box_h = 21, .ofs_x = 0, .ofs_y = 2},
    {.bitmap_index = 28740, .adv_w = 660, .box_w = 42, .box_h = 21, .ofs_x = 0, .ofs_y = 2},
    {.bitmap_index = 28812, .adv_w = 660, .box_w = 42, .box_h = 21, .ofs_x = 0, .ofs_y = 2},
    {.bitmap_index = 28878, .adv_w = 660, .box_w = 42, .box_h = 27, .ofs_x = 0, .ofs_y = -1},
    {.bitmap_index = 29030, .adv_w = 462, .box_w = 25, .box_h = 34, .ofs_x = 2, .ofs_y = -5},
    {.bitmap_index = 29203, .adv_w = 462, .box_w = 29, .box_h = 35, .ofs_x = 0, .ofs_y = -5},
    {.bitmap_index = 29290, .adv_w = 528, .box_w = 34, .box_h = 34, .ofs_x = -1, .ofs_y = -5},
    {.bitmap_index = 29474, .adv_w = 660, .box_w = 42, .box_h = 25, .ofs_x = 0, .ofs_y = 0},
    {.bitmap_index = 29644, .adv_w = 396, .box_w = 25, .box_h = 34, .ofs_x = 0, .ofs_y = -5},
    {.bitmap_index = 29724, .adv_w = 531, .box_w = 34, .box_h = 21, .ofs_x = 0, .ofs_y = 2}
};

/*---------------------
 *  CHARACTER MAPPING
 *--------------------*/

static const uint16_t unicode_list_2[] = {
    0x0, 0x7, 0xa, 0xb, 0xc, 0x10, 0x12, 0x14,
    0x18, 0x1b, 0x20, 0x25, 0x26, 0x27, 0x3d, 0x42,
    0x47, 0x4a, 0x4b, 0x4c, 0x50, 0x51, 0x52, 0x53,
    0x66, 0x67, 0x6d, 0x6f, 0x70, 0x73, 0x76, 0x77,
    0x78, 0x7a, 0x92, 0x94, 0xc3, 0xc4, 0xc6, 0xc8,
    0xdf, 0xe6, 0xe9, 0xf2, 0x11b, 0x123, 0x15a, 0x1ea,
    0x23f, 0x240, 0x241, 0x242, 0x243, 0x286, 0x292, 0x2ec,
    0x303, 0x559, 0x7c1, 0x8a1
};

/*Collect the unicode lists and glyph_id offsets*/
static const lv_font_fmt_txt_cmap_t cmaps[] =
{
    {
        .range_start = 32, .range_length = 95, .glyph_id_start = 1,
        .unicode_list = NULL, .glyph_id_ofs_list = NULL, .list_length = 0, .type = LV_FONT_FMT_TXT_CMAP_FORMAT0_TINY
    },
    {
        .range_start = 160, .range_length = 224, .glyph_id_start = 96,
        .unicode_list = NULL, .glyph_id_ofs_list = NULL, .list_length = 0, .type = LV_FONT_FMT_TXT_CMAP_FORMAT0_TINY
    },
    {
        .range_start = 61441, .range_length = 2210, .glyph_id_start = 320,
        .unicode_list = unicode_list_2, .glyph_id_ofs_list = NULL, .list_length = 60, .type = LV_FONT_FMT_TXT_CMAP_SPARSE_TINY
    }
};



/*--------------------
 *  ALL CUSTOM DATA
 *--------------------*/

#if LVGL_VERSION_MAJOR == 8
/*Store all the custom data of the font*/
static  lv_font_fmt_txt_glyph_cache_t cache;
#endif

#if LVGL_VERSION_MAJOR >= 8
static const lv_font_fmt_txt_dsc_t font_dsc = {
#else
static lv_font_fmt_txt_dsc_t font_dsc = {
#endif
    .glyph_bitmap = glyph_bitmap,
    .glyph_dsc = glyph_dsc,
    .cmaps = cmaps,
    .kern_dsc = NULL,
    .kern_scale = 0,
    .cmap_num = 3,
    .bpp = 2,
    .kern_classes = 0,
    .bitmap_format = 1,
#if LVGL_VERSION_MAJOR == 8
    .cache = &cache
#endif
};



/*-----------------
 *  PUBLIC FONT
 *----------------*/

/*Initialize a public general font descriptor*/
#if LVGL_VERSION_MAJOR >= 8
const lv_font_t dejavu_40 = {
#else
lv_font_t dejavu_40 = {
#endif
    .get_glyph_dsc = lv_font_get_glyph_dsc_fmt_txt,    /*Function pointer to get glyph's data*/
    .get_glyph_bitmap = lv_font_get_bitmap_fmt_txt,    /*Function pointer to get glyph's bitmap*/
    .line_height = 40,          /*The maximum line height required by the font*/
    .base_line = 8,             /*Baseline measured from the bottom of the line*/
#if !(LVGL_VERSION_MAJOR == 6 && LVGL_VERSION_MINOR == 0)
    .subpx = LV_FONT_SUBPX_NONE,
#endif
#if LV_VERSION_CHECK(7, 4, 0) || LVGL_VERSION_MAJOR >= 8
    .underline_position = -2,
    .underline_thickness = 1,
#endif
    .dsc = &font_dsc,          /*The custom font data. Will be accessed by `get_glyph_bitmap/dsc` */
#if LV_VERSION_CHECK(8, 2, 0) || LVGL_VERSION_MAJOR >= 9
    .fallback = NULL,
#endif
    .user_data = NULL,
};



#endif /*#if DEJAVU_40*/

