/*******************************************************************************
 * Size: 24 px
 * Bpp: 2
 * Opts: --font DejaVuSans.ttf -r 32-126 -r 160-383 --font ../lvgl/lvgl/scripts/generators/built_in_font/FontAwesome5-Solid+Brands+Regular.woff -r 61441,61448,61451,61452,61452,61453,61457,61459,61461,61465,61468,61473,61478,61479,61480,61502,61507,61512,61515,61516,61517,61521,61522,61523,61524,61543,61544,61550,61552,61553,61556,61559,61560,61561,61563,61587,61589,61636,61637,61639,61641,61664,61671,61674,61683,61724,61732,61787,61931,62016,62017,62018,62019,62020,62087,62099,62212,62189,62810,63426,63650 --size 24 --bpp 2 --format lvgl --lv-font-name dejavu_30 -o fonts/dejavu_30.c
 ******************************************************************************/

#ifdef LV_LVGL_H_INCLUDE_SIMPLE
#include "lvgl.h"
#else
#include "lvgl/lvgl.h"
#endif

#ifndef DEJAVU_30
#define DEJAVU_30 1
#endif

#if DEJAVU_30

/*-----------------
 *    BITMAPS
 *----------------*/

/*Store the image of the glyphs*/
static LV_ATTRIBUTE_LARGE_CONST const uint8_t glyph_bitmap[] = {
    /* U+0020 " " */

    /* U+0021 "!" */
    0x7c, 0x1f, 0xfc, 0xf4, 0x3d, 0x41, 0x41, 0x3e,
    0xf, 0x0,

    /* U+0022 "\"" */
    0xb4, 0x78, 0x3f, 0xfb, 0x28, 0x80,

    /* U+0023 "#" */
    0xf, 0xad, 0xb, 0x83, 0xff, 0x80, 0x81, 0x30,
    0xff, 0x21, 0xb1, 0xf, 0xf9, 0x9, 0xf, 0xf9,
    0x30, 0xff, 0xaf, 0xa2, 0xf8, 0x1f, 0x4, 0x87,
    0xff, 0x9, 0x7, 0xe1, 0xf8, 0x1f, 0x90, 0xe4,
    0x3f, 0xf8, 0xb9, 0x81, 0x10, 0xff, 0x22, 0xc,
    0xc3, 0xdf, 0x81, 0xf2, 0x5f, 0x7, 0xff, 0x27,
    0xe4, 0xbd, 0xf, 0xe0, 0xf2, 0x20, 0xcc, 0x3f,
    0xf8, 0x68, 0x87, 0xf2, 0x21, 0xff, 0xc3, 0xcc,
    0x32, 0x1f, 0x0,

    /* U+0024 "$" */
    0xe, 0xc3, 0xff, 0xa9, 0x78, 0xfa, 0xb, 0x42,
    0x40, 0x82, 0x7, 0x8b, 0xd0, 0x12, 0xf, 0x21,
    0x90, 0xff, 0xa0, 0xfe, 0x87, 0x83, 0xe6, 0x2,
    0x79, 0xc, 0xf2, 0x15, 0x87, 0x31, 0xc0, 0xc3,
    0xf3, 0x87, 0xff, 0x9, 0xf, 0xf9, 0xd0, 0xf6,
    0x1a, 0xf8, 0xf0, 0x33, 0x90, 0xe7, 0x9, 0xbc,
    0x7a, 0xf, 0xfe, 0xa2, 0x1e,

    /* U+0025 "%" */
    0x5, 0xf2, 0x1f, 0x3c, 0x1d, 0xa2, 0x48, 0x7a,
    0x20, 0xc8, 0xf6, 0x41, 0xd1, 0x7, 0x66, 0x12,
    0x21, 0x96, 0xf, 0x90, 0xb0, 0xec, 0x83, 0xf2,
    0x16, 0x19, 0x20, 0xfb, 0x30, 0x91, 0x4, 0x21,
    0xf2, 0x3d, 0x88, 0x22, 0xf, 0xed, 0x12, 0x80,
    0x58, 0x7e, 0x43, 0x5f, 0x20, 0xc8, 0xa0, 0x92,
    0x1f, 0xc9, 0x1, 0x3b, 0x20, 0xfe, 0x84, 0x48,
    0x24, 0x43, 0xe8, 0xc1, 0x87, 0x61, 0xf9, 0x60,
    0xff, 0xe3, 0x44, 0x16, 0x1d, 0x87, 0xc9, 0x6,
    0x48, 0x24, 0x43, 0xa1, 0xe, 0x4e, 0xc8, 0x3a,
    0x30, 0xf5, 0x4, 0x90,

    /* U+0026 "&" */
    0xc, 0xdf, 0x48, 0x7f, 0x51, 0x9, 0x83, 0xf9,
    0x1f, 0xa4, 0x3f, 0x20, 0x82, 0x60, 0xff, 0xe6,
    0xa1, 0xff, 0xc5, 0x4c, 0x3f, 0xf8, 0x48, 0x30,
    0xff, 0xe0, 0x64, 0x98, 0x7b, 0xc0, 0x85, 0x49,
    0x87, 0xf2, 0x40, 0x93, 0x9, 0x11, 0xf, 0x40,
    0xc1, 0x18, 0x7f, 0x60, 0xd0, 0x21, 0xfe, 0xc1,
    0x18, 0x10, 0x41, 0xec, 0x3e, 0x87, 0x42, 0x70,
    0xb0, 0x94, 0xb, 0xe8, 0xb0, 0x41, 0x5a, 0x19,
    0xd2, 0x18,

    /* U+0027 "'" */
    0xb4, 0x3f, 0xf8, 0xa8,

    /* U+0028 "(" */
    0xa, 0xc3, 0x28, 0x2c, 0x83, 0xf4, 0x41, 0x22,
    0x4, 0x3e, 0x42, 0xc3, 0x93, 0xf, 0xfe, 0x7a,
    0x61, 0x62, 0x12, 0x1f, 0x90, 0xa3, 0x9, 0x10,
    0xc8, 0x85, 0x10, 0x69, 0x0,

    /* U+0029 ")" */
    0x3c, 0x1d, 0x10, 0x64, 0x43, 0xa2, 0xc, 0x88,
    0x7c, 0x86, 0x4c, 0x36, 0x21, 0x90, 0xff, 0xe5,
    0xa1, 0xe4, 0x3f, 0xc8, 0x7e, 0x43, 0x66, 0x19,
    0x10, 0x90, 0xf6, 0x41, 0x91, 0xa, 0x20, 0xdc,
    0x84,

    /* U+002A "*" */
    0xe, 0xa0, 0x7f, 0xf1, 0xa0, 0xfd, 0x1, 0xe0,
    0xd6, 0x83, 0x9d, 0x5b, 0x61, 0x3a, 0x7, 0x43,
    0x94, 0x5, 0x6, 0x7a, 0x2a, 0x9a, 0x9, 0xd0,
    0x3b, 0x3, 0x83, 0xd6, 0x1f, 0xfc, 0x6f, 0x7,
    0x0,

    /* U+002B "+" */
    0xf, 0xa8, 0x1f, 0xfc, 0x25, 0x7, 0xff, 0xfc,
    0x3f, 0xf8, 0xf, 0xf8, 0x1f, 0xe8, 0x3f, 0xf8,
    0x8f, 0xf8, 0x1f, 0xe8, 0x3f, 0xff, 0xe1, 0xff,
    0xc9,

    /* U+002C "," */
    0x7, 0x90, 0xf2, 0x4, 0xc4, 0x9, 0x4, 0x80,

    /* U+002D "-" */
    0xff, 0x21, 0xf0,

    /* U+002E "." */
    0xc, 0xf8, 0x3f, 0x80,

    /* U+002F "/" */
    0xf, 0x78, 0x3c, 0x88, 0x7b, 0x30, 0xf2, 0x21,
    0xff, 0xc2, 0x88, 0x3c, 0x88, 0x7f, 0xf0, 0x91,
    0xf, 0x66, 0x1e, 0x44, 0x39, 0x10, 0xf6, 0x61,
    0xe4, 0x43, 0xff, 0x85, 0x10, 0x79, 0x10, 0xff,
    0xe1, 0x22, 0x1e, 0xcc, 0x3d, 0xa8, 0x3c,

    /* U+0030 "0" */
    0xd, 0x7d, 0x7, 0xda, 0x13, 0xa1, 0xb0, 0x7c,
    0x90, 0x48, 0x30, 0xa0, 0x40, 0x84, 0x3a, 0x10,
    0xd8, 0x72, 0x5, 0x1, 0xf, 0xd8, 0x7f, 0x90,
    0xff, 0xf3, 0xa0, 0x40, 0x87, 0xec, 0x2c, 0x39,
    0x2, 0x42, 0x1d, 0x8, 0x10, 0x61, 0x40, 0x82,
    0xc1, 0xf2, 0x41, 0xda, 0x13, 0xa0,

    /* U+0031 "1" */
    0x1a, 0x7c, 0x1c, 0xca, 0xf, 0xf3, 0x40, 0xf9,
    0xe5, 0x7, 0xff, 0xfc, 0x3f, 0xff, 0x68, 0x77,
    0xe0, 0x5f, 0x7, 0xff, 0x4,

    /* U+0032 "2" */
    0x3, 0x7e, 0x83, 0x72, 0x19, 0xd0, 0xd7, 0xd0,
    0x20, 0x5a, 0x13, 0x82, 0x10, 0xff, 0xe3, 0xa1,
    0xff, 0x21, 0xfe, 0x41, 0x7, 0xe8, 0x43, 0xf6,
    0x8, 0x3e, 0xc1, 0x87, 0xd8, 0x30, 0xfb, 0x6,
    0x1f, 0x60, 0xc3, 0xec, 0x18, 0x7d, 0x83, 0xf,
    0xfb, 0xff, 0x7, 0xff, 0x0,

    /* U+0033 "3" */
    0x3, 0x7e, 0x90, 0xd4, 0x43, 0x34, 0xc, 0xdf,
    0x48, 0xa0, 0x51, 0x9, 0x92, 0xf, 0xf6, 0x1f,
    0xfc, 0xc, 0x3f, 0xe9, 0x20, 0xef, 0xc9, 0x21,
    0xfe, 0x90, 0xf7, 0xe6, 0xc3, 0xfd, 0x26, 0x1f,
    0xe8, 0x3f, 0xf8, 0x68, 0x7f, 0xf2, 0xa0, 0x27,
    0x21, 0x3a, 0x21, 0x37, 0xd0, 0x18, 0x12, 0x1c,
    0xf0, 0x0,

    /* U+0034 "4" */
    0xf, 0xbe, 0x43, 0xf2, 0x1f, 0xfc, 0x8, 0x3f,
    0xe8, 0x83, 0xf9, 0x70, 0x7f, 0x44, 0x1f, 0xd1,
    0x7, 0xf9, 0x10, 0xfe, 0xcc, 0x3f, 0xa1, 0xf,
    0xf2, 0x41, 0xfd, 0x10, 0x7f, 0x92, 0xfe, 0x5,
    0xe0, 0xff, 0xe0, 0xff, 0xe0, 0x5e, 0xf, 0xfe,
    0xd8,

    /* U+0035 "5" */
    0x1f, 0xfe, 0xf, 0xfe, 0x3f, 0xfc, 0x1f, 0xfe,
    0x1f, 0xd0, 0x7f, 0xf0, 0x1d, 0xc, 0xdf, 0x40,
    0x82, 0x64, 0x27, 0x4, 0x1f, 0xe8, 0x43, 0xfc,
    0x87, 0xff, 0x35, 0xf, 0xfe, 0x4, 0x20, 0xe4,
    0x27, 0x4, 0x13, 0x7d, 0x2, 0xa, 0x43, 0x9d,
    0x0,

    /* U+0036 "6" */
    0xe, 0xbf, 0x41, 0xce, 0x86, 0x60, 0x98, 0x6f,
    0x9c, 0x28, 0x64, 0x29, 0x4, 0x8, 0x3f, 0x92,
    0xf, 0xfe, 0x2, 0x5f, 0x41, 0xe7, 0x42, 0x70,
    0x20, 0x8b, 0xd0, 0x30, 0xed, 0x3, 0x1, 0x9,
    0xe, 0x41, 0xa1, 0xfc, 0x87, 0xff, 0x11, 0xf,
    0xc8, 0x58, 0x87, 0x20, 0xc4, 0x1a, 0x6, 0x2,
    0xc, 0x17, 0xa0, 0x61, 0xb4, 0x35, 0x80,

    /* U+0037 "7" */
    0x3f, 0xfe, 0xf, 0xfe, 0x1f, 0xfe, 0x2, 0x1f,
    0xfc, 0xc, 0x3f, 0xa0, 0x21, 0xfc, 0x88, 0x7f,
    0x20, 0x83, 0xfb, 0xf, 0xfe, 0x2, 0x41, 0xfc,
    0x81, 0xf, 0xe8, 0x43, 0xff, 0x81, 0x87, 0xf4,
    0x4, 0x3f, 0x91, 0xf, 0xe4, 0x10, 0x7f, 0x61,
    0xff, 0xc0, 0x48, 0x3f, 0x90, 0x21, 0xe0,

    /* U+0038 "8" */
    0x9, 0xbf, 0x41, 0xd4, 0x43, 0x38, 0x4a, 0x1f,
    0xa0, 0x60, 0x86, 0x9, 0x83, 0xd8, 0x72, 0x1e,
    0xc3, 0x90, 0xd0, 0xa0, 0x98, 0x80, 0xa2, 0xfa,
    0x24, 0x2a, 0x7, 0xfd, 0xcf, 0xd1, 0x40, 0x43,
    0x4, 0xc2, 0x4, 0x83, 0x90, 0x28, 0x3f, 0xec,
    0x3f, 0xf8, 0x28, 0x20, 0xe4, 0x18, 0x8c, 0x13,
    0x1, 0x20, 0x3f, 0x40, 0xc2, 0xe0, 0xe7, 0x0,

    /* U+0039 "9" */
    0x9, 0xbe, 0x83, 0xd4, 0x42, 0x74, 0x29, 0x2f,
    0x92, 0x9, 0x14, 0x14, 0x8, 0x41, 0x7, 0x42,
    0x1f, 0xfc, 0xe4, 0x3f, 0xf8, 0x1a, 0x8, 0x3a,
    0xc, 0x8c, 0x14, 0x1d, 0x23, 0xf2, 0x81, 0x82,
    0x88, 0x1a, 0x7, 0x9b, 0xd2, 0x12, 0x1f, 0xd0,
    0x7f, 0xca, 0x20, 0x32, 0x15, 0x5, 0x4, 0xdf,
    0x23, 0x4, 0xa0, 0xcd, 0x2,

    /* U+003A ":" */
    0x3c, 0x87, 0xf7, 0x90, 0xff, 0xe6, 0xf9, 0xf,
    0xc0,

    /* U+003B ";" */
    0x7, 0x90, 0xff, 0xe0, 0x79, 0xf, 0xfe, 0xa7,
    0x90, 0xf2, 0x4, 0xc4, 0x9, 0x4, 0x80,

    /* U+003C "<" */
    0xf, 0xfe, 0x83, 0xe8, 0x3f, 0xd7, 0x3, 0xf,
    0x9f, 0x20, 0xb4, 0x33, 0x70, 0x1f, 0x21, 0xae,
    0x46, 0xe0, 0xe7, 0x41, 0x72, 0x1f, 0xf4, 0x87,
    0xf9, 0x40, 0xb9, 0xf, 0xeb, 0x91, 0xb8, 0x3f,
    0x9b, 0x80, 0xfa, 0xf, 0xe7, 0xc8, 0x1f, 0x21,
    0xfd, 0x72, 0xc, 0x3f, 0xe6, 0xec,

    /* U+003D "=" */
    0xf, 0xfe, 0x23, 0xff, 0xfc, 0x28, 0x3f, 0xf8,
    0x8f, 0xff, 0xf0, 0xa0, 0xff, 0xea, 0x3f, 0xff,
    0xc2, 0x83, 0xff, 0x88,

    /* U+003E ">" */
    0xf, 0xfe, 0x23, 0xe4, 0x3f, 0xf8, 0x77, 0x21,
    0xfc, 0xf0, 0x1b, 0x83, 0xf9, 0xf2, 0x7, 0xc8,
    0x7f, 0x5c, 0x82, 0xe4, 0x3f, 0x37, 0x1, 0xa0,
    0x7f, 0x98, 0x3f, 0xf8, 0xd, 0xc0, 0x60, 0xf5,
    0xc8, 0xdc, 0x19, 0xf2, 0xb, 0x90, 0xd7, 0x1,
    0xf2, 0x1e, 0x50, 0xdc, 0x1f, 0xe7, 0x90, 0xff,
    0x80,

    /* U+003F "?" */
    0x3, 0xfa, 0xd, 0xc1, 0x9c, 0x8, 0xfd, 0x2,
    0x1e, 0x9, 0x42, 0x1f, 0xb0, 0xff, 0x61, 0xfc,
    0xa3, 0xf, 0x31, 0x7, 0x98, 0x90, 0xf4, 0x48,
    0x79, 0x2, 0x1f, 0xfd, 0x17, 0xc1, 0xff, 0xc7,
    0x7c, 0x1f, 0xfc, 0xf0,

    /* U+0040 "@" */
    0xf, 0x9b, 0xf9, 0xf, 0xfe, 0x3, 0xc8, 0x75,
    0xc1, 0xfd, 0x41, 0xff, 0x43, 0x87, 0xd2, 0x70,
    0x79, 0xe3, 0xe, 0x51, 0x87, 0xf9, 0x88, 0x34,
    0x61, 0xaa, 0x43, 0x2e, 0x2, 0x41, 0x3a, 0xd5,
    0x60, 0x8c, 0x10, 0x85, 0x17, 0xa5, 0x6, 0x50,
    0x48, 0x50, 0xa0, 0x30, 0x76, 0x4, 0xc2, 0x48,
    0x32, 0x1f, 0x21, 0xff, 0xdd, 0xc4, 0x3f, 0xf8,
    0xe8, 0x13, 0x9, 0x20, 0xc8, 0x64, 0x82, 0x42,
    0x85, 0x1, 0x82, 0xa2, 0x80, 0x88, 0x51, 0x7a,
    0x51, 0xaa, 0xa, 0x20, 0x9d, 0x6a, 0x6d, 0xc1,
    0xd1, 0x6, 0xa9, 0x19, 0xf, 0x96, 0xc3, 0xfc,
    0x87, 0xe9, 0x38, 0x3c, 0xf4, 0xf, 0xd4, 0x1f,
    0xf4, 0x30, 0x7f, 0x3c, 0x86, 0x6e, 0xe,

    /* U+0041 "A" */
    0xf, 0x3e, 0x83, 0xff, 0x83, 0x81, 0xf, 0xfe,
    0xa, 0x22, 0x1f, 0xf2, 0x31, 0x7, 0xfd, 0x18,
    0x7f, 0xf1, 0x11, 0x20, 0xfe, 0x84, 0x10, 0x87,
    0xf2, 0x41, 0xc8, 0x7c, 0x87, 0xa3, 0xf, 0xb1,
    0xc, 0x88, 0x7c, 0x90, 0x7c, 0x87, 0x20, 0xff,
    0x2, 0xe, 0x83, 0xff, 0x8d, 0xff, 0x92, 0xa,
    0xf, 0xf6, 0x21, 0x24, 0x1f, 0x90, 0x22, 0x4,
    0x3f, 0x93, 0x30, 0xff, 0xe0, 0x62, 0x0,

    /* U+0042 "B" */
    0xbf, 0xf2, 0x1f, 0xfc, 0xb, 0xc, 0xff, 0x20,
    0x83, 0xfa, 0x44, 0x3f, 0xd8, 0x7f, 0xf0, 0x30,
    0xff, 0x94, 0x41, 0x3f, 0xd1, 0x21, 0xff, 0x61,
    0x9f, 0xe8, 0x60, 0xfe, 0x61, 0x41, 0xfc, 0x83,
    0xf, 0xfe, 0xba, 0x1f, 0xf3, 0x2, 0x3, 0xfd,
    0x2, 0xf, 0xf3, 0xa0,

    /* U+0043 "C" */
    0xe, 0x6f, 0xd2, 0x1c, 0xf2, 0x19, 0xb0, 0x98,
    0x17, 0xe8, 0x8, 0x20, 0x68, 0x67, 0x81, 0x3,
    0xf, 0xca, 0x12, 0xf, 0xf9, 0x2, 0x1f, 0xf6,
    0x1f, 0xfe, 0xfc, 0x3f, 0xf8, 0x48, 0x10, 0xff,
    0xe0, 0x24, 0x1f, 0xfc, 0x8, 0x18, 0x7e, 0x50,
    0x20, 0x68, 0x67, 0x82, 0x60, 0x5f, 0xa0, 0x21,
    0x3c, 0x86, 0x6c,

    /* U+0044 "D" */
    0xbf, 0xe9, 0xf, 0xfe, 0x13, 0x70, 0x79, 0xfe,
    0x80, 0xe1, 0xff, 0x3c, 0x8, 0x3f, 0xf8, 0xa,
    0x10, 0xff, 0xe0, 0xc0, 0x83, 0xff, 0x82, 0x88,
    0x7f, 0xf4, 0x70, 0xff, 0xe9, 0xe1, 0xff, 0xd3,
    0x44, 0x3f, 0xf8, 0x10, 0x20, 0xff, 0x94, 0x21,
    0xfe, 0x78, 0x10, 0x67, 0xfa, 0x3, 0x87, 0xfc,
    0xdc, 0x18,

    /* U+0045 "E" */
    0xbf, 0xfc, 0x87, 0xff, 0x9, 0xff, 0xc8, 0x7f,
    0xf9, 0x9f, 0xfc, 0x1f, 0xfc, 0x37, 0xff, 0x7,
    0xff, 0xfd, 0xff, 0xd0, 0x7f, 0xf0, 0x0,

    /* U+0046 "F" */
    0xbf, 0xf9, 0xf, 0xfe, 0xb, 0xff, 0x21, 0xff,
    0xe2, 0x7f, 0xd0, 0x7f, 0xf0, 0x9f, 0xf4, 0x1f,
    0xff, 0xf0, 0xff, 0xe1, 0x0,

    /* U+0047 "G" */
    0xe, 0x6f, 0xd2, 0x1e, 0x79, 0xc, 0xdc, 0x13,
    0x2, 0xfd, 0x22, 0x14, 0x3a, 0x19, 0xb4, 0x10,
    0x20, 0xfe, 0x80, 0x90, 0x7f, 0xf0, 0x10, 0x21,
    0xff, 0xc0, 0xc3, 0xff, 0x99, 0x7f, 0x41, 0xff,
    0xcd, 0xbe, 0x41, 0x87, 0xff, 0xd, 0x2, 0x1f,
    0xfc, 0x14, 0x83, 0xff, 0x83, 0x2, 0xf, 0xfe,
    0xc, 0x3a, 0x19, 0x90, 0xcc, 0xb, 0xf4, 0x8c,
    0x13, 0xc8, 0x66, 0xe0,

    /* U+0048 "H" */
    0xb8, 0x3f, 0x5c, 0x1f, 0xff, 0xf0, 0xff, 0x9f,
    0xfc, 0x87, 0xff, 0x19, 0xff, 0xc8, 0x7f, 0xff,
    0xc3, 0xff, 0xb6,

    /* U+0049 "I" */
    0xb8, 0x3f, 0xfc, 0xe0,

    /* U+004A "J" */
    0xd, 0x70, 0x7f, 0xff, 0xc3, 0xff, 0xc8, 0x87,
    0xec, 0x2c, 0xa, 0xf0, 0x20, 0xe9, 0x0,

    /* U+004B "K" */
    0xb8, 0x3e, 0xf8, 0x3f, 0xec, 0x18, 0x7f, 0xb0,
    0x61, 0xfe, 0xc1, 0x87, 0xfb, 0x6, 0x1f, 0xec,
    0x18, 0x7f, 0xb0, 0x61, 0xfc, 0xe0, 0xc3, 0xff,
    0x83, 0x87, 0xff, 0xb, 0xf, 0xf9, 0xc1, 0x87,
    0xff, 0x3, 0x6, 0x1f, 0xfc, 0xc, 0x18, 0x7f,
    0xf0, 0x20, 0x61, 0xff, 0x30, 0x30, 0xff, 0x98,
    0x18, 0x7f, 0xcc, 0xc, 0x3f, 0xe6, 0x4, 0x0,

    /* U+004C "L" */
    0xb8, 0x3f, 0xff, 0xe1, 0xff, 0xff, 0xf, 0xfe,
    0xeb, 0xff, 0x90, 0xff, 0xe0, 0x0,

    /* U+004D "M" */
    0xbe, 0xf, 0xcf, 0xc8, 0x64, 0x3e, 0xc3, 0xf4,
    0x1f, 0x21, 0xe4, 0x3f, 0x22, 0x1e, 0x48, 0x3a,
    0x20, 0xf4, 0x21, 0xff, 0xc5, 0x42, 0x88, 0x3f,
    0x46, 0x12, 0x21, 0xf9, 0x10, 0x21, 0xff, 0xc0,
    0x44, 0xc8, 0x3f, 0xd9, 0x88, 0x87, 0xf9, 0x14,
    0x21, 0xff, 0xc0, 0x48, 0xc3, 0xff, 0x81, 0x4,
    0x87, 0xff, 0x5, 0x50, 0x7f, 0xf0, 0xa8, 0x87,
    0xff, 0x74,

    /* U+004E "N" */
    0xbe, 0xf, 0xae, 0xc, 0x87, 0xff, 0x6, 0xf,
    0xfe, 0x12, 0x1f, 0xe5, 0x10, 0x7f, 0xd0, 0x10,
    0xff, 0x92, 0xf, 0xfa, 0x2, 0x1f, 0xf4, 0x41,
    0xff, 0x20, 0x43, 0xfe, 0x88, 0x3f, 0xe4, 0x8,
    0x7f, 0xd1, 0x7, 0xfc, 0x81, 0xf, 0xfa, 0x24,
    0x3f, 0xc8, 0x7f, 0xf0, 0xa0, 0xff, 0xe0, 0xa1,
    0x80,

    /* U+004F "O" */
    0xe, 0x7f, 0x90, 0xfc, 0xf0, 0x75, 0xa1, 0xcc,
    0xb, 0xe8, 0x12, 0x1a, 0x1d, 0x9, 0xc1, 0x5,
    0x2, 0xf, 0xb0, 0x40, 0x48, 0x3f, 0x91, 0x10,
    0x21, 0xfd, 0x81, 0xc3, 0xff, 0x80, 0x87, 0xff,
    0x1f, 0xf, 0xfe, 0xaf, 0x83, 0xff, 0x80, 0x84,
    0x81, 0xf, 0xec, 0x8, 0x90, 0x7f, 0x22, 0x8,
    0x10, 0x7d, 0x82, 0xa, 0x1d, 0x9, 0xc1, 0x6,
    0x60, 0x5f, 0x40, 0x90, 0xe7, 0x83, 0xad, 0x8,

    /* U+0050 "P" */
    0xbf, 0xe8, 0x3f, 0xe7, 0xc, 0xfe, 0x81, 0x87,
    0xe6, 0x2, 0x1f, 0x90, 0x61, 0xff, 0xd4, 0x41,
    0x87, 0xcc, 0x4, 0xf, 0xe8, 0x10, 0x7f, 0x3a,
    0x13, 0xfd, 0x7, 0xff, 0xfc,

    /* U+0051 "Q" */
    0xe, 0x7f, 0x90, 0xfc, 0xf0, 0x75, 0xa1, 0xcc,
    0xb, 0xe8, 0x12, 0x1a, 0x1d, 0x9, 0xc1, 0x5,
    0x2, 0xf, 0xb0, 0x40, 0x48, 0x3f, 0x91, 0x10,
    0x21, 0xfd, 0x81, 0xc3, 0xff, 0x80, 0x87, 0xff,
    0x1f, 0xf, 0xfe, 0xaf, 0x83, 0xff, 0x88, 0x81,
    0xf, 0xe8, 0x8, 0x90, 0x7f, 0x22, 0x8, 0x10,
    0x7d, 0x82, 0xa, 0x1d, 0x9, 0xc0, 0x86, 0x60,
    0x5f, 0x40, 0x60, 0xe7, 0x83, 0xdc, 0x1f, 0x9f,
    0xc0, 0x83, 0xff, 0x85, 0xc, 0x1f, 0xfc, 0x16,
    0x14, 0x0,

    /* U+0052 "R" */
    0xbf, 0xe8, 0x3f, 0xf8, 0x2e, 0x87, 0x3f, 0xa0,
    0x41, 0xfe, 0x70, 0x21, 0xff, 0xc1, 0xc3, 0xff,
    0x9f, 0x87, 0xf3, 0x81, 0xc, 0xfe, 0x81, 0x7,
    0xff, 0x3, 0x43, 0x9f, 0xc9, 0x87, 0xfd, 0x24,
    0x1f, 0xf4, 0x28, 0x3f, 0xe4, 0x83, 0xfe, 0x80,
    0x87, 0xfc, 0x90, 0x7f, 0xd8, 0x7f, 0xf0, 0x50,
    0x40,

    /* U+0053 "S" */
    0x9, 0xbf, 0x48, 0x6e, 0x43, 0x36, 0xc, 0xf,
    0xe9, 0xe, 0xa0, 0x66, 0xc4, 0x8, 0x7f, 0xf2,
    0x90, 0x41, 0xfe, 0x47, 0x90, 0xfa, 0x40, 0xde,
    0x90, 0xd7, 0x21, 0x34, 0xe, 0x6f, 0x40, 0x50,
    0x7e, 0x70, 0x61, 0xfe, 0x44, 0x3f, 0xf9, 0x68,
    0xae, 0x43, 0x38, 0x20, 0x37, 0xe8, 0x10, 0xf2,
    0x1c, 0xe8,

    /* U+0054 "T" */
    0x3f, 0xff, 0x85, 0x7, 0xff, 0x17, 0xfc, 0x7,
    0xfa, 0xf, 0xff, 0xf8, 0x7f, 0xff, 0xc3, 0xff,
    0xfe, 0x1f, 0xfc, 0x30,

    /* U+0055 "U" */
    0xf2, 0x1f, 0xbc, 0x87, 0xff, 0xfc, 0x3f, 0xfe,
    0xf8, 0x7f, 0xf3, 0x51, 0xf, 0x90, 0x38, 0x10,
    0xf4, 0x12, 0x9, 0x9, 0x81, 0x3, 0x5, 0xf4,
    0x92, 0x17, 0x21, 0x9d, 0x0,

    /* U+0056 "V" */
    0xbc, 0x1f, 0xe7, 0xc6, 0x1f, 0xfc, 0x8, 0x44,
    0x10, 0x7f, 0xd8, 0x11, 0xf, 0xd0, 0x10, 0x40,
    0x43, 0xe4, 0x43, 0xd8, 0x79, 0x4, 0x1a, 0x10,
    0xf6, 0x1f, 0x20, 0x43, 0x92, 0xf, 0x24, 0x19,
    0x2, 0x1e, 0xc3, 0xd8, 0x87, 0xc8, 0x10, 0x93,
    0xf, 0xc9, 0x1, 0x2, 0x1f, 0xa0, 0xd0, 0x87,
    0xff, 0x2, 0xa, 0xf, 0xf4, 0x30, 0x7f, 0xf0,
    0x50, 0x24, 0x1f, 0xfc, 0x4, 0x24, 0x3f, 0xf8,
    0x18, 0x10, 0xf8,

    /* U+0057 "W" */
    0x3c, 0x87, 0xaf, 0x21, 0xeb, 0xc1, 0x61, 0xe4,
    0x18, 0x79, 0x11, 0x10, 0xfe, 0x43, 0xf6, 0x61,
    0xf2, 0x21, 0xf2, 0x4, 0x40, 0x86, 0xcd, 0x10,
    0xd8, 0x7d, 0x86, 0x47, 0x30, 0xc8, 0x84, 0x88,
    0x7c, 0x88, 0x7b, 0xb, 0xe, 0x44, 0x3e, 0x40,
    0x84, 0x87, 0x66, 0x4, 0x41, 0x87, 0xf2, 0x4,
    0x41, 0x87, 0x90, 0xe4, 0xc3, 0xe4, 0xc0, 0x98,
    0x76, 0x21, 0x21, 0xc8, 0x64, 0x39, 0x9, 0x30,
    0xc8, 0x10, 0xff, 0x9c, 0x43, 0x63, 0x88, 0x7c,
    0x9a, 0x1f, 0xb4, 0xc3, 0xec, 0x43, 0xe4, 0x40,
    0x87, 0xc8, 0x48, 0x7f, 0xf2, 0xb0, 0xf2, 0x4,
    0x30,

    /* U+0058 "X" */
    0x7, 0x90, 0xfa, 0xf0, 0x49, 0x7, 0xc9, 0x5,
    0x2, 0xe, 0xc5, 0x6, 0xc5, 0x5, 0x2, 0xf,
    0x24, 0x12, 0x41, 0xf4, 0x8, 0xc5, 0x7, 0xe8,
    0x60, 0x41, 0xfc, 0xa1, 0x20, 0xff, 0xa0, 0x90,
    0xff, 0xa0, 0xff, 0xe1, 0x28, 0x2c, 0x3f, 0xd1,
    0x60, 0x83, 0xf4, 0x4, 0x84, 0x3e, 0x51, 0x81,
    0x46, 0x1e, 0x84, 0x34, 0x4, 0x34, 0x8, 0x3a,
    0x20, 0x94, 0x61, 0xe4, 0x10, 0x21, 0xf, 0xd8,
    0xa0,

    /* U+0059 "Y" */
    0x2f, 0x7, 0xf7, 0x92, 0x2, 0x1f, 0x62, 0x81,
    0x10, 0x79, 0x4, 0x12, 0x8c, 0x3a, 0x20, 0xe8,
    0x8, 0x58, 0xa0, 0xf4, 0x40, 0x41, 0x7, 0xc8,
    0x22, 0x20, 0xfe, 0xc7, 0x2, 0x1f, 0xe8, 0x2c,
    0x3f, 0xe4, 0x8, 0x7f, 0xff, 0xc3, 0xff, 0xde,

    /* U+005A "Z" */
    0xbf, 0xff, 0x82, 0x1f, 0xfc, 0x4b, 0xff, 0xa0,
    0x21, 0xff, 0x40, 0x83, 0xfd, 0x83, 0xf, 0xf4,
    0x8, 0x3f, 0xca, 0x24, 0x3f, 0xd0, 0xa0, 0xff,
    0x60, 0x83, 0xfd, 0x3, 0xf, 0xf2, 0x88, 0x3f,
    0xcc, 0x28, 0x3f, 0xd0, 0xc1, 0xfe, 0xc1, 0x7,
    0xfa, 0x6, 0x1f, 0xe5, 0x10, 0x7f, 0xd0, 0x2f,
    0xff, 0x21, 0xff, 0xc3,

    /* U+005B "[" */
    0xfe, 0xf, 0xef, 0x83, 0xff, 0xfe, 0x1f, 0xfd,
    0x2f, 0x83, 0xe0,

    /* U+005C "\\" */
    0xf0, 0x7c, 0x88, 0x7b, 0x30, 0xf2, 0x21, 0xf2,
    0x21, 0xec, 0xc3, 0xc8, 0x87, 0xff, 0x12, 0x20,
    0xf2, 0x21, 0xff, 0xc4, 0x44, 0x3d, 0x98, 0x79,
    0x10, 0xf9, 0x10, 0xf6, 0x61, 0xe4, 0x43, 0xff,
    0x88, 0x88, 0x7a, 0x20, 0xfa, 0x80,

    /* U+005D "]" */
    0xbf, 0x21, 0xeb, 0xc1, 0xff, 0xff, 0xf, 0xfe,
    0x95, 0xe0, 0xfe,

    /* U+005E "^" */
    0xf, 0x5e, 0x83, 0xfe, 0x50, 0x18, 0x3f, 0x98,
    0x61, 0x41, 0xf3, 0xc, 0xc4, 0x87, 0xa1, 0x80,
    0xc4, 0x86, 0xca, 0x6, 0x62, 0xb, 0x24, 0x3c,
    0xc6, 0x0,

    /* U+005F "_" */
    0x2b, 0xff, 0x80, 0x5, 0xff, 0xe0, 0x0,

    /* U+0060 "`" */
    0x60, 0xca, 0xc3, 0x46, 0x13, 0x10, 0x4b, 0x80,

    /* U+0061 "a" */
    0x3, 0x7e, 0x83, 0x51, 0xc, 0xe1, 0x6f, 0xf0,
    0x20, 0x30, 0x76, 0x21, 0xfe, 0x44, 0x2b, 0xf9,
    0x9, 0xd0, 0xfb, 0x21, 0xfe, 0x40, 0x82, 0xf,
    0xd8, 0x87, 0x90, 0x62, 0x1d, 0x4, 0x82, 0xa,
    0x43, 0x23, 0xf2, 0xc1, 0x50, 0x35, 0x2,

    /* U+0062 "b" */
    0xf2, 0x1f, 0xff, 0x1b, 0xe8, 0x3d, 0xa1, 0x38,
    0x68, 0xbe, 0x6, 0x1b, 0x42, 0xc0, 0x81, 0xf,
    0x26, 0xc, 0x3d, 0x88, 0x7f, 0xf6, 0xb0, 0xf6,
    0x20, 0x43, 0xc9, 0x85, 0xa1, 0x60, 0x41, 0x17,
    0xc0, 0xc3, 0x68, 0x4e, 0x0,

    /* U+0063 "c" */
    0xd, 0x7e, 0x82, 0x74, 0x33, 0xc, 0x3f, 0xa0,
    0x43, 0x6, 0x64, 0x10, 0x7d, 0x88, 0x7f, 0xf7,
    0x71, 0xf, 0xc8, 0x20, 0xfd, 0xc, 0x19, 0x86,
    0x1f, 0xd0, 0x4e, 0x86, 0x60,

    /* U+0064 "d" */
    0xf, 0xf7, 0x83, 0xff, 0xd8, 0xfd, 0x7, 0xd4,
    0x9, 0xd0, 0xd2, 0x5f, 0x10, 0x64, 0x90, 0xb0,
    0xc8, 0x10, 0xe8, 0x2c, 0x43, 0xc8, 0x7f, 0xf7,
    0xb1, 0xf, 0x21, 0x20, 0x43, 0xa0, 0xc9, 0x21,
    0x61, 0xd2, 0x5f, 0x10, 0x75, 0x2, 0x74, 0x20,

    /* U+0065 "e" */
    0xd, 0x7e, 0x43, 0x9d, 0xd, 0x40, 0x98, 0xbe,
    0x86, 0x4, 0x48, 0x4e, 0x22, 0x4, 0x3f, 0x38,
    0x3f, 0xe0, 0xff, 0xe3, 0x3f, 0xfc, 0x81, 0xf,
    0xf6, 0x1f, 0xfc, 0x4, 0x10, 0x7f, 0xa1, 0x83,
    0xac, 0xc, 0x3f, 0xc8, 0x67, 0x43, 0x36, 0x0,

    /* U+0066 "f" */
    0xd, 0x7e, 0xa, 0x43, 0xe4, 0xfc, 0x4, 0x3f,
    0xf8, 0x6f, 0x3, 0xe4, 0x3f, 0x2b, 0x81, 0xf0,
    0x7f, 0xff, 0xc3, 0xff, 0x9a,

    /* U+0067 "g" */
    0x9, 0xfa, 0x7, 0x82, 0xe0, 0x9d, 0xd, 0x2,
    0xf9, 0x83, 0x24, 0x85, 0x6, 0x40, 0x87, 0x41,
    0x62, 0x1e, 0x43, 0xff, 0xbd, 0x88, 0x79, 0x9,
    0x2, 0x1d, 0x6, 0x49, 0xa, 0xe, 0x81, 0x7c,
    0xc1, 0xdc, 0x13, 0xa1, 0xe7, 0xe8, 0x43, 0xff,
    0x81, 0x8, 0x50, 0x74, 0x8, 0x27, 0xf9, 0x20,
    0xd2, 0x19, 0xd0, 0x0,

    /* U+0068 "h" */
    0xf2, 0x1f, 0xff, 0x1b, 0xe8, 0x3d, 0xa1, 0x38,
    0x68, 0xbd, 0x2, 0xd, 0xa0, 0x61, 0x9, 0xe,
    0x43, 0xb0, 0xff, 0xff, 0x87, 0xff, 0x48,

    /* U+0069 "i" */
    0xb4, 0x3d, 0x68, 0x56, 0x87, 0xff, 0x6c,

    /* U+006A "j" */
    0xa, 0xd0, 0xff, 0xe1, 0xda, 0x1f, 0xd6, 0x87,
    0xff, 0xfc, 0x3c, 0x87, 0xf9, 0x2, 0xb8, 0x43,
    0x30,

    /* U+006B "k" */
    0xf2, 0x1f, 0xff, 0x5b, 0xc1, 0xfb, 0x4c, 0x3e,
    0xc1, 0x87, 0xd8, 0x30, 0xfb, 0x1c, 0x3d, 0xe1,
    0x83, 0xe4, 0x10, 0x7e, 0x41, 0x7, 0xee, 0x14,
    0x1f, 0x98, 0x90, 0xfc, 0xc4, 0x87, 0xe6, 0x24,
    0x3f, 0x31, 0x21, 0xf9, 0x89,

    /* U+006C "l" */
    0xb4, 0x3f, 0xfd, 0x40,

    /* U+006D "m" */
    0xf2, 0x5f, 0x21, 0x37, 0xa0, 0xf6, 0x85, 0x41,
    0x90, 0x38, 0x68, 0xbd, 0xa, 0x9f, 0x81, 0x86,
    0xd0, 0x28, 0x98, 0x28, 0x39, 0xe, 0xc1, 0x6,
    0x40, 0x83, 0xf, 0xff, 0xf8, 0x7f, 0xff, 0xc3,
    0xff, 0x9e,

    /* U+006E "n" */
    0xf2, 0x5f, 0x41, 0xed, 0x9, 0xc3, 0x45, 0xe8,
    0x10, 0x6d, 0x3, 0x8, 0x48, 0x72, 0x1d, 0x87,
    0xff, 0xfc, 0x3f, 0xfa, 0x40,

    /* U+006F "o" */
    0x9, 0xbe, 0x83, 0xd4, 0x42, 0x74, 0x29, 0x2f,
    0x92, 0x9, 0x24, 0x28, 0x10, 0x81, 0xe, 0x84,
    0xc4, 0x3c, 0x81, 0xf, 0xfe, 0x82, 0x1f, 0xec,
    0x3f, 0x20, 0x50, 0x20, 0xe8, 0x40, 0x8a, 0xa,
    0x4, 0x9, 0x2f, 0x92, 0xd, 0x44, 0x27, 0x40,

    /* U+0070 "p" */
    0xf2, 0x5f, 0x41, 0xed, 0x9, 0xc3, 0x45, 0xf0,
    0x30, 0xda, 0x16, 0x4, 0x8, 0x79, 0x30, 0x61,
    0xec, 0x43, 0xff, 0xb5, 0x87, 0xb1, 0x2, 0x1e,
    0x4c, 0x2d, 0xb, 0x2, 0x8, 0xbe, 0x6, 0x1b,
    0x42, 0x70, 0xf5, 0xf4, 0x1f, 0xfe, 0x70,

    /* U+0071 "q" */
    0x9, 0xfa, 0x7, 0x82, 0xa0, 0x4e, 0x86, 0x92,
    0xf8, 0x83, 0x24, 0x85, 0x86, 0x40, 0x87, 0x41,
    0x62, 0x1e, 0x43, 0xff, 0xbd, 0x88, 0x79, 0x9,
    0x2, 0x1d, 0x6, 0x49, 0xb, 0xe, 0x92, 0xf8,
    0x83, 0xa8, 0x13, 0xa1, 0xe7, 0xe8, 0x3f, 0xfd,
    0xa0,

    /* U+0072 "r" */
    0xf2, 0x5f, 0x5, 0xa1, 0xd1, 0x7c, 0x16, 0x87,
    0x21, 0xf6, 0x1f, 0xff, 0x90,

    /* U+0073 "s" */
    0x3, 0xfd, 0x5, 0x40, 0xe6, 0x14, 0x5f, 0xac,
    0xc5, 0x6, 0x50, 0x7f, 0xf0, 0x21, 0x90, 0xfa,
    0x1b, 0xd0, 0x67, 0x90, 0x3a, 0x19, 0xbc, 0x90,
    0x7e, 0x83, 0xff, 0x82, 0xd1, 0xd, 0x1, 0x1b,
    0xf2, 0x45, 0x10, 0xce, 0x80,

    /* U+0074 "t" */
    0x3, 0x7, 0xd2, 0x83, 0xff, 0x94, 0xe0, 0xbf,
    0x7, 0xe5, 0x60, 0xbe, 0x83, 0xff, 0xea, 0x87,
    0xfa, 0xf, 0x40, 0xfa, 0xa, 0x42, 0x40,

    /* U+0075 "u" */
    0xf0, 0x7d, 0xe0, 0xff, 0xff, 0x87, 0xff, 0x31,
    0xe, 0x42, 0x4c, 0x3a, 0xb, 0x14, 0x16, 0x19,
    0x45, 0xf1, 0x6, 0x90, 0x9d, 0x8,

    /* U+0076 "v" */
    0x3c, 0x1f, 0xbc, 0x85, 0x7, 0x90, 0x24, 0x21,
    0xec, 0x40, 0x87, 0xe4, 0xc2, 0x48, 0x32, 0x4,
    0x2c, 0x43, 0x62, 0x19, 0x2, 0x12, 0x41, 0xc9,
    0x81, 0xf, 0xd8, 0x82, 0x20, 0xf2, 0x4, 0x24,
    0x3e, 0x4d, 0xf, 0xf4, 0x31, 0x7, 0xff, 0x5,
    0xf, 0xe4, 0x8, 0x70,

    /* U+0077 "w" */
    0xf2, 0x1a, 0xf0, 0x75, 0xc9, 0x86, 0x40, 0x86,
    0x4f, 0x8, 0x7d, 0x87, 0x94, 0x1c, 0x88, 0x84,
    0x87, 0x90, 0x66, 0x86, 0xc4, 0x9, 0x81, 0x1c,
    0x40, 0x98, 0x31, 0xe, 0x4c, 0x32, 0x4, 0x24,
    0x42, 0x44, 0x3f, 0x39, 0x81, 0x6, 0x21, 0x93,
    0x44, 0x18, 0xa3, 0xd, 0x88, 0x72, 0x40, 0x43,
    0x21, 0x21, 0xff, 0xc5, 0xc3, 0x20, 0x43, 0xc8,
    0x10, 0xd8, 0x30, 0x80,

    /* U+0078 "x" */
    0x2f, 0x7, 0xaf, 0x2, 0x4, 0x19, 0x46, 0x16,
    0x28, 0x28, 0x83, 0xa2, 0x6, 0x28, 0x39, 0x47,
    0x2, 0xf, 0xa0, 0x24, 0x1f, 0xd0, 0x14, 0x1f,
    0xd0, 0x10, 0xfe, 0x43, 0x41, 0xfa, 0x28, 0x28,
    0x3d, 0x8b, 0x88, 0x3a, 0x4, 0x8, 0x10, 0x4a,
    0x20, 0xd8, 0xa0, 0x42, 0x83, 0xa2, 0x0,

    /* U+0079 "y" */
    0x3c, 0x1f, 0xbc, 0x89, 0x7, 0x90, 0x26, 0x21,
    0xec, 0x40, 0x81, 0xe, 0x48, 0x24, 0xc3, 0x41,
    0xe8, 0x43, 0x24, 0x1c, 0x88, 0x10, 0x21, 0xd9,
    0x3, 0x10, 0xf2, 0x19, 0x20, 0xf9, 0x24, 0x3f,
    0xd0, 0xc4, 0x1f, 0xfc, 0x14, 0x3f, 0xa0, 0x21,
    0xfe, 0x41, 0x87, 0xf9, 0x2, 0x1f, 0xec, 0x43,
    0xfc, 0xa2, 0xf, 0xde, 0x84, 0x3f, 0xf8, 0x14,
    0xf, 0x80,

    /* U+007A "z" */
    0xbf, 0xfa, 0xf, 0xfa, 0xff, 0x40, 0x83, 0xe8,
    0x83, 0xec, 0x50, 0x7b, 0x4, 0x1e, 0x81, 0x87,
    0x94, 0x61, 0xf4, 0x41, 0xf6, 0x28, 0x3d, 0x82,
    0xf, 0x40, 0xc3, 0xe4, 0x1f, 0xf2, 0x1f, 0xec,

    /* U+007B "{" */
    0xe, 0xbe, 0x43, 0x68, 0x48, 0x7a, 0xf0, 0x64,
    0x8, 0x7f, 0xfb, 0x31, 0xf, 0x28, 0xc3, 0x7a,
    0x24, 0x32, 0x16, 0x1d, 0x78, 0x50, 0x7c, 0x98,
    0x7d, 0x88, 0x7f, 0xf8, 0xd0, 0xff, 0xe0, 0x7c,
    0x1d, 0xa1, 0x20,

    /* U+007C "|" */
    0xf0, 0x7f, 0xff, 0x40,

    /* U+007D "}" */
    0xfa, 0xf, 0xe7, 0xe, 0xf8, 0x8, 0x7c, 0x98,
    0x7f, 0xfb, 0x71, 0xf, 0x90, 0x41, 0xf6, 0x3e,
    0x43, 0x21, 0x28, 0x34, 0x5c, 0x19, 0x2, 0x1e,
    0xc4, 0x3f, 0xfc, 0x69, 0x86, 0xf8, 0x8, 0x7c,
    0xe1, 0xc0,

    /* U+007E "~" */
    0xf, 0xfe, 0x33, 0x7a, 0x43, 0xcc, 0x51, 0x3,
    0x68, 0x54, 0x16, 0xbd, 0x2, 0xf9, 0x22, 0x88,
    0x1e, 0x42, 0xb1, 0x41, 0xe6, 0xf9, 0x0,

    /* U+00A0 " " */

    /* U+00A1 "¡" */
    0x7c, 0x1e, 0x7c, 0x1f, 0x78, 0x24, 0x3f, 0xfa,
    0x2d, 0x0,

    /* U+00A2 "¢" */
    0xf, 0x41, 0xfe, 0x43, 0xff, 0xa2, 0xd9, 0xe8,
    0x2a, 0x21, 0x94, 0x49, 0x67, 0xa1, 0x44, 0x86,
    0x56, 0x4, 0x3e, 0x48, 0x3f, 0xfb, 0xa9, 0x87,
    0xec, 0x43, 0xf2, 0xc, 0x3f, 0x60, 0xe2, 0xf2,
    0xd, 0x11, 0x2, 0x15, 0xc5, 0xe0, 0xf2, 0x21,
    0xff, 0xcd,

    /* U+00A3 "£" */
    0xe, 0x6f, 0xa4, 0x3a, 0x88, 0x4c, 0x1c, 0x8f,
    0xd2, 0x19, 0x4, 0x13, 0x6, 0xc4, 0x3f, 0xfc,
    0x7e, 0x47, 0xf0, 0x7f, 0xf1, 0x7c, 0x8f, 0xe0,
    0xff, 0xfc, 0x3e, 0x47, 0xfc, 0x1f, 0xfc, 0x20,

    /* U+00A4 "¤" */
    0x10, 0xfe, 0x41, 0x50, 0x7c, 0xd9, 0xb, 0x7d,
    0x31, 0x2, 0x28, 0x13, 0xa, 0x2, 0x81, 0xf2,
    0x8, 0x32, 0x61, 0x48, 0x84, 0x88, 0x76, 0x61,
    0xff, 0xc5, 0x44, 0x3b, 0x30, 0xc9, 0x85, 0x22,
    0x12, 0x81, 0xf2, 0x8, 0x28, 0xa0, 0x4c, 0x28,
    0x85, 0xbe, 0x9c, 0x8a, 0x83, 0xf7, 0x80,

    /* U+00A5 "¥" */
    0x3c, 0x87, 0xef, 0x3, 0x20, 0xfa, 0x20, 0x92,
    0xe, 0x50, 0x85, 0x8, 0x74, 0x41, 0xc9, 0x4,
    0x81, 0xe, 0x84, 0x28, 0x83, 0xe4, 0x84, 0x8,
    0x67, 0xc8, 0x90, 0x3d, 0x1, 0x78, 0xc0, 0xb6,
    0x15, 0x60, 0xab, 0x21, 0xf2, 0x4, 0x3c, 0xfe,
    0x41, 0xfa, 0x2, 0xf0, 0x4b, 0xb0, 0xab, 0x20,
    0xac, 0x87, 0xff, 0xc4,

    /* U+00A6 "¦" */
    0xf0, 0x7f, 0xf3, 0x78, 0x8, 0x72, 0x70, 0x7f,
    0xf3, 0x40,

    /* U+00A7 "§" */
    0x3, 0x7d, 0x20, 0x64, 0x27, 0x4, 0x5f, 0xc1,
    0x90, 0xc8, 0x64, 0x3e, 0x49, 0xf, 0x40, 0xb0,
    0xec, 0x81, 0xc0, 0x89, 0xe1, 0xc4, 0x40, 0xe0,
    0x80, 0x86, 0x86, 0x24, 0x24, 0xa, 0x28, 0x4,
    0x4a, 0xf, 0x42, 0x3, 0xa2, 0x61, 0xd4, 0x4,
    0x1e, 0x61, 0xf, 0x90, 0xd0, 0x68, 0x33, 0xf9,
    0x20, 0x48, 0x4c, 0x80,

    /* U+00A8 "¨" */
    0x14, 0x5, 0xd, 0x1, 0x44, 0x3f, 0x0,

    /* U+00A9 "©" */
    0xf, 0xfe, 0x65, 0xfa, 0xf, 0xf5, 0x95, 0x8e,
    0xf, 0xb7, 0x97, 0x5b, 0x87, 0x6e, 0x1f, 0xb7,
    0x9, 0x20, 0x5f, 0xc9, 0x8, 0x28, 0xd, 0x2a,
    0x42, 0xa0, 0x89, 0xe, 0xb4, 0x81, 0x1d, 0x2,
    0x41, 0xfc, 0xe1, 0xff, 0xea, 0xd0, 0x22, 0x1f,
    0xce, 0x89, 0x14, 0x40, 0xa0, 0x22, 0x30, 0x35,
    0x5e, 0x82, 0x90, 0x44, 0xb, 0xa7, 0x92, 0x20,
    0xb6, 0x9, 0x41, 0x4e, 0x1d, 0xba, 0x19, 0xdc,
    0x3e, 0xe9, 0xfa, 0x98, 0x7f, 0x3f, 0xe4, 0x38,

    /* U+00AA "ª" */
    0x1f, 0xd0, 0x5b, 0x53, 0x82, 0x8b, 0x42, 0xb,
    0xe8, 0xcd, 0xac, 0x8, 0xd7, 0x7, 0xe8, 0x19,
    0xaa, 0x40, 0xc5, 0xc, 0x27, 0xe8, 0xe1, 0x7f,
    0xab, 0xec,

    /* U+00AB "«" */
    0xf, 0x21, 0x90, 0xce, 0x1b, 0xc, 0xc2, 0xc,
    0x33, 0x18, 0xe4, 0x8c, 0x63, 0x1a, 0x8, 0xc1,
    0x18, 0x64, 0x80, 0x90, 0x69, 0x51, 0x2b, 0xd,
    0x2b, 0x24, 0xc3, 0x48, 0x94, 0x10, 0xd4, 0x9,
    0x83, 0xca, 0x9, 0x40,

    /* U+00AC "¬" */
    0xf, 0xfe, 0x23, 0xff, 0xfc, 0x28, 0x3f, 0xf8,
    0x8f, 0xff, 0xf0, 0x20, 0xff, 0xfb, 0x0,

    /* U+00AD "­" */
    0xff, 0x21, 0xf0,

    /* U+00AE "®" */
    0xf, 0xfe, 0x65, 0xfa, 0xf, 0xf5, 0x95, 0x8e,
    0xf, 0xb7, 0x97, 0x5b, 0x87, 0x6e, 0x1f, 0xb7,
    0x9, 0x22, 0xfe, 0x41, 0x8, 0x28, 0x1a, 0xe6,
    0x41, 0x41, 0x10, 0xf3, 0x10, 0x11, 0xd0, 0xff,
    0xe1, 0x38, 0x7f, 0xa1, 0xf, 0xfe, 0x5, 0xe5,
    0x41, 0xff, 0xc0, 0xa0, 0x20, 0xf6, 0x87, 0x9c,
    0xc3, 0x3a, 0x21, 0xf4, 0x40, 0x44, 0x60, 0xf9,
    0x10, 0x48, 0x22, 0x28, 0x85, 0xc4, 0x41, 0x6c,
    0x21, 0xcc, 0xe1, 0xdb, 0xa1, 0x9d, 0xc3, 0xee,
    0x9f, 0xa9, 0x87, 0xf3, 0xfe, 0x43, 0x80,

    /* U+00AF "¯" */
    0x7f, 0xce, 0x1e, 0xc0,

    /* U+00B0 "°" */
    0xa, 0x81, 0xad, 0x5c, 0x2d, 0xe5, 0xb2, 0x4,
    0x61, 0xff, 0xc3, 0xe3, 0xa6, 0x26, 0xbb, 0x0,

    /* U+00B1 "±" */
    0xf, 0x98, 0x3f, 0xf8, 0x52, 0x1f, 0xfe, 0xb7,
    0xfc, 0xf, 0xf4, 0x1f, 0xfc, 0x47, 0xfc, 0xf,
    0xf4, 0x1f, 0xff, 0xbf, 0x7, 0xff, 0x2d, 0xff,
    0xfe, 0x14, 0x1f, 0xfc, 0x40,

    /* U+00B2 "²" */
    0x6f, 0xa0, 0x65, 0x15, 0x94, 0x54, 0x1f, 0xc8,
    0x76, 0x41, 0xb3, 0x9, 0xdc, 0x2a, 0x3a, 0xc2,
    0x35, 0x80,

    /* U+00B3 "³" */
    0x7f, 0x41, 0x56, 0x71, 0x78, 0x3b, 0xe1, 0xb,
    0xd1, 0x87, 0x34, 0xf, 0x63, 0x2d, 0x22, 0x54,
    0xac,

    /* U+00B4 "´" */
    0x9, 0x90, 0xa5, 0x3, 0x20, 0x44, 0x8b, 0x80,

    /* U+00B5 "µ" */
    0xf0, 0x7d, 0xe0, 0xff, 0xff, 0x87, 0xff, 0x55,
    0xe, 0x43, 0xd8, 0x76, 0x1e, 0x60, 0xa4, 0x3c,
    0xaf, 0x94, 0xe, 0x5, 0x2, 0x68, 0xc, 0x27,
    0xe8, 0x7c, 0x87, 0xff, 0xa0,

    /* U+00B6 "¶" */
    0x9, 0xbf, 0xd0, 0x28, 0x84, 0xa0, 0x94, 0x1d,
    0x40, 0xa0, 0xff, 0xf1, 0xa1, 0xff, 0x41, 0xff,
    0xc0, 0xd0, 0xff, 0xaf, 0x7, 0xff, 0xfc, 0x3f,
    0xfc, 0x34, 0x5, 0x80,

    /* U+00B7 "·" */
    0xc, 0xf8, 0x3f, 0x80,

    /* U+00B8 "¸" */
    0xb, 0x43, 0x30, 0x6c, 0xd, 0x41, 0x28, 0x80,

    /* U+00B9 "¹" */
    0x2f, 0x83, 0xa0, 0xf4, 0x87, 0xff, 0x69, 0x40,
    0x50, 0x28, 0xa, 0x20,

    /* U+00BA "º" */
    0x5, 0xf4, 0x1b, 0x55, 0x1c, 0x8, 0xca, 0xcc,
    0x88, 0x3f, 0xf8, 0x48, 0x7f, 0x20, 0x88, 0x3e,
    0x46, 0x6c, 0xc1, 0xaa, 0x56, 0x1a, 0xfa, 0xc,
    0xbf, 0x86, 0xbe, 0xc0,

    /* U+00BB "»" */
    0x43, 0x21, 0xde, 0xb, 0xc1, 0xec, 0x19, 0x85,
    0x26, 0x31, 0x85, 0x43, 0x18, 0xc2, 0x51, 0xc,
    0x61, 0x26, 0x8, 0x81, 0x92, 0x64, 0xac, 0x93,
    0x24, 0xcd, 0x22, 0x42, 0xc3, 0x68, 0x50, 0x68,
    0x38,

    /* U+00BC "¼" */
    0x1a, 0x83, 0xfd, 0x40, 0xe6, 0x58, 0x3f, 0xa7,
    0xe, 0x7c, 0x1f, 0xf2, 0xc1, 0xff, 0xc6, 0xc8,
    0x3f, 0xf8, 0xc8, 0x87, 0xff, 0x1e, 0x20, 0xff,
    0xe3, 0x44, 0x1f, 0xfc, 0x74, 0x43, 0xff, 0x8d,
    0x18, 0x75, 0x2, 0xf0, 0x3c, 0x8b, 0x7, 0x6a,
    0xa, 0xbc, 0x91, 0x6, 0x90, 0xe5, 0xf0, 0x90,
    0x65, 0x41, 0xff, 0xc0, 0x84, 0x35, 0x3, 0xff,
    0x81, 0x18, 0x69, 0x41, 0xff, 0xc0, 0x50, 0x65,
    0x41, 0xff, 0xc0, 0xc8, 0x36, 0x7c, 0xd, 0xe,
    0x48, 0x3a, 0xb8, 0x12, 0x1d, 0x8, 0x79, 0x70,
    0x10, 0xe4, 0x83, 0xfe, 0xa0, 0x0,

    /* U+00BD "½" */
    0xf, 0xfe, 0x4b, 0xf8, 0x3f, 0x9e, 0xe, 0x60,
    0xff, 0xa2, 0xc, 0xc8, 0x7f, 0x92, 0xf, 0xfe,
    0x34, 0x21, 0xff, 0xc5, 0x88, 0x3f, 0xf8, 0xcb,
    0x7, 0xff, 0x16, 0x20, 0xff, 0xe2, 0xac, 0x1f,
    0xfc, 0x68, 0x8b, 0xf2, 0xf, 0x3, 0xc8, 0x90,
    0x1a, 0x89, 0x2b, 0xc9, 0x8, 0x35, 0xb3, 0x17,
    0xc4, 0x41, 0xf2, 0x1f, 0xe5, 0x83, 0xe8, 0x83,
    0xe8, 0x83, 0xe8, 0x83, 0xe5, 0x83, 0xe9, 0x90,
    0xfa, 0x20, 0xf4, 0xc8, 0x7c, 0x90, 0x7a, 0x64,
    0x3f, 0x42, 0x1c, 0xa2, 0xfa, 0xc, 0x90, 0x79,
    0xaf, 0x80,

    /* U+00BE "¾" */
    0xf, 0xfe, 0x53, 0xfa, 0xf, 0xee, 0xf, 0x56,
    0x70, 0xfa, 0x20, 0xe5, 0xf0, 0x7c, 0xb0, 0x7f,
    0x94, 0x1f, 0x44, 0x1f, 0xbd, 0x38, 0x72, 0x41,
    0xfd, 0xca, 0x83, 0xa1, 0xf, 0xf3, 0x2c, 0x14,
    0x61, 0xff, 0xc1, 0xc3, 0x94, 0x1f, 0xc8, 0x4c,
    0x20, 0xc8, 0x33, 0xe0, 0x7e, 0x88, 0x9, 0x7,
    0x41, 0xaf, 0xe4, 0x10, 0x86, 0x90, 0xff, 0xe0,
    0x44, 0x19, 0x50, 0x7f, 0xf0, 0x16, 0xd, 0x61,
    0xff, 0xc0, 0x88, 0x36, 0x87, 0xff, 0x1, 0x60,
    0xc9, 0x7, 0xff, 0x2, 0x20, 0xd9, 0xf0, 0x34,
    0x39, 0x20, 0xea, 0xe0, 0x48, 0x74, 0x21, 0xe5,
    0xc0, 0x43, 0x92, 0xf, 0xfa, 0x80,

    /* U+00BF "¿" */
    0xe, 0xf0, 0x7f, 0xf4, 0xfc, 0x1f, 0xfc, 0x8f,
    0x7, 0xff, 0x49, 0xf, 0xf4, 0x41, 0xf6, 0x28,
    0x3d, 0x82, 0xf, 0x40, 0xc3, 0xe4, 0x83, 0xe4,
    0x8, 0x7c, 0x81, 0xe, 0x43, 0x48, 0x1e, 0x4,
    0xb, 0xd0, 0x67, 0x42, 0x6c,

    /* U+00C0 "À" */
    0xf, 0x78, 0x3f, 0xf8, 0x71, 0x7, 0xff, 0x9,
    0x94, 0x1f, 0xfc, 0x27, 0x43, 0xff, 0xa4, 0xfa,
    0xf, 0xfe, 0xe, 0x4, 0x3f, 0xf8, 0x28, 0x88,
    0x7f, 0xc8, 0xc4, 0x1f, 0xf4, 0x61, 0xff, 0xc4,
    0x44, 0x83, 0xfa, 0x10, 0x42, 0x1f, 0xc9, 0x7,
    0x21, 0xf2, 0x1e, 0x8c, 0x3e, 0xc4, 0x32, 0x21,
    0xf2, 0x41, 0xf2, 0x1c, 0x83, 0xfc, 0x8, 0x3a,
    0xf, 0xfe, 0x37, 0xfe, 0x48, 0x28, 0x3f, 0xd8,
    0x84, 0x90, 0x7e, 0x40, 0x88, 0x10, 0xfe, 0x4c,
    0xc3, 0xff, 0x81, 0x88,

    /* U+00C1 "Á" */
    0xf, 0xd7, 0x7, 0xff, 0x5, 0x68, 0x3f, 0xf8,
    0x31, 0x7, 0xff, 0xb, 0xc1, 0xff, 0xd3, 0x7d,
    0x7, 0xff, 0x7, 0x2, 0x1f, 0xfc, 0x14, 0x44,
    0x3f, 0xe4, 0x62, 0xf, 0xfa, 0x30, 0xff, 0xe2,
    0x22, 0x41, 0xfd, 0x8, 0x21, 0xf, 0xe4, 0x83,
    0x90, 0xf9, 0xf, 0x46, 0x1f, 0x62, 0x19, 0x10,
    0xf9, 0x20, 0xf9, 0xe, 0x41, 0xfe, 0x4, 0x1d,
    0x7, 0xff, 0x1b, 0xff, 0x24, 0x14, 0x1f, 0xec,
    0x42, 0x48, 0x3f, 0x20, 0x44, 0x8, 0x7f, 0x26,
    0x61, 0xff, 0xc0, 0xc4,

    /* U+00C2 "Â" */
    0xf, 0x3e, 0x83, 0xff, 0x83, 0x33, 0x7, 0xfd,
    0xb3, 0x28, 0x3f, 0xdc, 0x7, 0x43, 0xff, 0xa0,
    0xfa, 0xf, 0xfe, 0xe, 0x4, 0x3f, 0xf8, 0x28,
    0x88, 0x7f, 0xc8, 0xc4, 0x1f, 0xf4, 0x61, 0xff,
    0xc4, 0x44, 0x83, 0xfa, 0x10, 0x42, 0x1f, 0xc9,
    0x7, 0x21, 0xf2, 0x1e, 0x8c, 0x3e, 0xc4, 0x32,
    0x21, 0xf2, 0x41, 0xf2, 0x1c, 0x83, 0xfc, 0x8,
    0x3a, 0xf, 0xfe, 0x37, 0xfe, 0x48, 0x28, 0x3f,
    0xd8, 0x84, 0x90, 0x7e, 0x40, 0x88, 0x10, 0xfe,
    0x4c, 0xc3, 0xff, 0x81, 0x88,

    /* U+00C3 "Ã" */
    0xf, 0xfe, 0x57, 0xd1, 0x61, 0xfd, 0x12, 0xb6,
    0xf, 0xea, 0x37, 0x68, 0x7f, 0x90, 0x90, 0xff,
    0xe9, 0x3e, 0x83, 0xff, 0x83, 0x81, 0xf, 0xfe,
    0xa, 0x22, 0x1f, 0xf2, 0x31, 0x7, 0xfd, 0x18,
    0x7f, 0xf1, 0x11, 0x20, 0xfe, 0x84, 0x10, 0x87,
    0xf2, 0x41, 0xc8, 0x7c, 0x87, 0xa3, 0xf, 0xb1,
    0xc, 0x88, 0x7c, 0x90, 0x7c, 0x87, 0x20, 0xff,
    0x2, 0xe, 0x83, 0xff, 0x8d, 0xff, 0x92, 0xa,
    0xf, 0xf6, 0x21, 0x24, 0x1f, 0x90, 0x22, 0x4,
    0x3f, 0x93, 0x30, 0xff, 0xe0, 0x62, 0x0,

    /* U+00C4 "Ä" */
    0xc, 0xf8, 0x17, 0x7, 0xff, 0x39, 0xa0, 0x3b,
    0xf, 0xf2, 0x80, 0xb0, 0x7f, 0xf4, 0x1f, 0x41,
    0xff, 0xc1, 0xc0, 0x87, 0xff, 0x5, 0x11, 0xf,
    0xf9, 0x18, 0x83, 0xfe, 0x8c, 0x3f, 0xf8, 0x88,
    0x90, 0x7f, 0x42, 0x8, 0x43, 0xf9, 0x20, 0xe4,
    0x3e, 0x43, 0xd1, 0x87, 0xd8, 0x86, 0x44, 0x3e,
    0x48, 0x3e, 0x43, 0x90, 0x7f, 0x81, 0x7, 0x41,
    0xff, 0xc6, 0xff, 0xc9, 0x5, 0x7, 0xfb, 0x10,
    0x92, 0xf, 0xc8, 0x11, 0x2, 0x1f, 0xc9, 0x98,
    0x7f, 0xf0, 0x31, 0x0,

    /* U+00C5 "Å" */
    0xf, 0x3e, 0x83, 0xff, 0x80, 0xcb, 0x61, 0xff,
    0x4d, 0x31, 0xf, 0xfb, 0xf, 0xfe, 0x24, 0x8,
    0x43, 0xfd, 0x9e, 0x50, 0x7f, 0xf0, 0x10, 0xa0,
    0xff, 0xe0, 0x22, 0x41, 0xff, 0x23, 0x8, 0x7f,
    0xd1, 0x87, 0xff, 0x11, 0x12, 0xf, 0xe8, 0x41,
    0x8, 0x7f, 0x24, 0x1c, 0x87, 0xc8, 0x7a, 0x30,
    0xfb, 0x10, 0xc8, 0x87, 0xc9, 0x7, 0xc8, 0x72,
    0xf, 0xf0, 0x20, 0xe8, 0x3f, 0xf8, 0xdf, 0xf9,
    0x20, 0xa0, 0xff, 0x62, 0x12, 0x41, 0xf9, 0x2,
    0x20, 0x43, 0xf9, 0x33, 0xf, 0xfe, 0x6, 0x20,

    /* U+00C6 "Æ" */
    0xf, 0xbf, 0xff, 0x85, 0x7, 0xff, 0x42, 0x7,
    0x3, 0xff, 0x41, 0xe4, 0x83, 0xff, 0x8c, 0x81,
    0xf, 0xfe, 0x34, 0x21, 0xff, 0xc9, 0x83, 0xff,
    0x8d, 0x8, 0x7b, 0xff, 0x21, 0x93, 0xf, 0xfe,
    0x32, 0x4, 0x3d, 0xff, 0x90, 0xa2, 0xf, 0xfe,
    0x32, 0xb, 0xf4, 0x1f, 0xfc, 0x1c, 0x3f, 0xf9,
    0x29, 0xfe, 0x83, 0xff, 0x80, 0x87, 0xff, 0x26,
    0x20, 0xff, 0xe3, 0x20, 0x43, 0xfb, 0xff, 0xc2,
    0x1f, 0xfc, 0x70,

    /* U+00C7 "Ç" */
    0xe, 0x6f, 0xd2, 0x1c, 0xf2, 0x19, 0xb0, 0x98,
    0x17, 0xe8, 0x8, 0x20, 0x68, 0x67, 0x81, 0x3,
    0xf, 0xca, 0x12, 0xf, 0xf9, 0x2, 0x1f, 0xf6,
    0x1f, 0xfe, 0xfc, 0x3f, 0xf8, 0x48, 0x10, 0xff,
    0xe0, 0x24, 0x1f, 0xfc, 0x8, 0x18, 0x7e, 0x50,
    0x20, 0x68, 0x67, 0x82, 0x60, 0x5f, 0xa0, 0x21,
    0x3c, 0x86, 0x6c, 0x3c, 0xdc, 0x72, 0x1f, 0xe4,
    0x83, 0xff, 0x84, 0x87, 0xfa, 0xa1, 0xf, 0xf2,
    0xe8, 0x30,

    /* U+00C8 "È" */
    0xa, 0xe0, 0xfe, 0x96, 0xf, 0xe9, 0x83, 0xfd,
    0x61, 0xff, 0xc5, 0xbf, 0xfc, 0x87, 0xff, 0x9,
    0xff, 0xc8, 0x7f, 0xf9, 0x9f, 0xfc, 0x1f, 0xfc,
    0x37, 0xff, 0x7, 0xff, 0xfd, 0xff, 0xd0, 0x7f,
    0xf0, 0x0,

    /* U+00C9 "É" */
    0xf, 0x79, 0xf, 0xd1, 0x21, 0xf2, 0xa4, 0x3f,
    0x3a, 0x1f, 0xfc, 0x5b, 0xff, 0xc8, 0x7f, 0xf0,
    0x9f, 0xfc, 0x87, 0xff, 0x99, 0xff, 0xc1, 0xff,
    0xc3, 0x7f, 0xf0, 0x7f, 0xff, 0xdf, 0xfd, 0x7,
    0xff, 0x0,

    /* U+00CA "Ê" */
    0xd, 0x79, 0xf, 0x95, 0x30, 0x79, 0xa3, 0x38,
    0x73, 0xa0, 0xb0, 0xff, 0xe1, 0xdf, 0xfe, 0x43,
    0xff, 0x84, 0xff, 0xe4, 0x3f, 0xfc, 0xcf, 0xfe,
    0xf, 0xfe, 0x1b, 0xff, 0x83, 0xff, 0xfe, 0xff,
    0xe8, 0x3f, 0xf8, 0x0,

    /* U+00CB "Ë" */
    0x5, 0xe0, 0x79, 0xf, 0xfe, 0x27, 0x40, 0x51,
    0xc, 0xb0, 0x14, 0x1f, 0xfc, 0x3b, 0xff, 0xc8,
    0x7f, 0xf0, 0x9f, 0xfc, 0x87, 0xff, 0x99, 0xff,
    0xc1, 0xff, 0xc3, 0x7f, 0xf0, 0x7f, 0xff, 0xdf,
    0xfd, 0x7, 0xff, 0x0,

    /* U+00CC "Ì" */
    0x3c, 0x85, 0x90, 0x6c, 0xc3, 0x78, 0x3f, 0xae,
    0xf, 0xff, 0xf8, 0x7f, 0xf4, 0x0,

    /* U+00CD "Í" */
    0xb, 0xc1, 0x66, 0x8, 0xc2, 0xb0, 0xff, 0x5c,
    0x1f, 0xff, 0xf0, 0xff, 0xe8, 0x80,

    /* U+00CE "Î" */
    0xb, 0xe0, 0xec, 0x8c, 0x28, 0xdc, 0x81, 0x61,
    0x70, 0x7f, 0xf0, 0x6e, 0xf, 0xff, 0xf8, 0x7f,
    0xff, 0xc3, 0xc0,

    /* U+00CF "Ï" */
    0xf2, 0x3e, 0xf, 0xea, 0x23, 0x41, 0x41, 0x28,
    0x3f, 0xeb, 0x83, 0xff, 0xfe, 0x1f, 0xff, 0x40,

    /* U+00D0 "Ð" */
    0x5, 0xff, 0x48, 0x7f, 0xf1, 0x1b, 0x83, 0xfb,
    0xfa, 0x47, 0xf, 0xfe, 0xb, 0x40, 0x61, 0xff,
    0xc2, 0x60, 0x21, 0xff, 0xc2, 0x41, 0x87, 0xff,
    0xd, 0x10, 0xff, 0xe1, 0xe1, 0x79, 0x7, 0xe0,
    0xfe, 0x43, 0xe4, 0x3f, 0xad, 0x7, 0xd0, 0x7f,
    0xf2, 0xf0, 0xff, 0xe2, 0xa2, 0x1f, 0xfc, 0x24,
    0x18, 0x7f, 0xf0, 0x58, 0x8, 0x7f, 0xcd, 0x1,
    0x87, 0xdf, 0xd2, 0x38, 0x7f, 0xf0, 0x5b, 0x83,
    0x0,

    /* U+00D1 "Ñ" */
    0xf, 0xfe, 0x37, 0xc9, 0xc1, 0xec, 0x9b, 0x30,
    0xf5, 0xb7, 0x68, 0x79, 0xc, 0x87, 0xff, 0x1e,
    0xf8, 0x3e, 0xb8, 0x32, 0x1f, 0xfc, 0x18, 0x3f,
    0xf8, 0x48, 0x7f, 0x94, 0x41, 0xff, 0x40, 0x43,
    0xfe, 0x48, 0x3f, 0xe8, 0x8, 0x7f, 0xd1, 0x7,
    0xfc, 0x81, 0xf, 0xfa, 0x20, 0xff, 0x90, 0x21,
    0xff, 0x44, 0x1f, 0xf2, 0x4, 0x3f, 0xe8, 0x90,
    0xff, 0x21, 0xff, 0xc2, 0x83, 0xff, 0x82, 0x86,

    /* U+00D2 "Ò" */
    0xf, 0x28, 0x3f, 0xf8, 0x7d, 0x3, 0xff, 0x85,
    0x2c, 0x1f, 0xfc, 0x2a, 0x7, 0xff, 0x11, 0x41,
    0xff, 0xd1, 0x7f, 0x90, 0xfc, 0xf0, 0x75, 0xa1,
    0xcc, 0xb, 0xe8, 0x12, 0x1a, 0x1d, 0x9, 0xc1,
    0x5, 0x2, 0xf, 0xb0, 0x40, 0x48, 0x3f, 0x91,
    0x10, 0x21, 0xfd, 0x81, 0xc3, 0xff, 0x80, 0x87,
    0xff, 0x1f, 0xf, 0xfe, 0xaf, 0x83, 0xff, 0x80,
    0x84, 0x81, 0xf, 0xec, 0x8, 0x90, 0x7f, 0x22,
    0x8, 0x10, 0x7d, 0x82, 0xa, 0x1d, 0x9, 0xc1,
    0x6, 0x60, 0x5f, 0x40, 0x90, 0xe7, 0x83, 0xad,
    0x8,

    /* U+00D3 "Ó" */
    0xf, 0xe5, 0x7, 0xff, 0xa, 0x81, 0xff, 0xc2,
    0x54, 0x87, 0xff, 0xa, 0x43, 0xff, 0x84, 0xa0,
    0xff, 0xe9, 0x3f, 0xc8, 0x7e, 0x78, 0x3a, 0xd0,
    0xe6, 0x5, 0xf4, 0x9, 0xd, 0xe, 0x84, 0xe0,
    0x82, 0x81, 0x7, 0xd8, 0x20, 0x24, 0x1f, 0xc8,
    0x88, 0x10, 0xfe, 0xc0, 0xe1, 0xff, 0xc0, 0x43,
    0xff, 0x8f, 0x87, 0xff, 0x57, 0xc1, 0xff, 0xc0,
    0x42, 0x40, 0x87, 0xf6, 0x4, 0x48, 0x3f, 0x91,
    0x4, 0x8, 0x3e, 0xc1, 0x5, 0xe, 0x84, 0xe0,
    0x83, 0x30, 0x2f, 0xa0, 0x48, 0x73, 0xc1, 0xd6,
    0x84,

    /* U+00D4 "Ô" */
    0xf, 0x99, 0xf, 0xfe, 0xb, 0x32, 0x1f, 0xf3,
    0x4d, 0x83, 0xff, 0x81, 0x25, 0x10, 0xff, 0x28,
    0x25, 0x7, 0xff, 0x3d, 0xfe, 0x43, 0xf3, 0xc1,
    0xd6, 0x87, 0x30, 0x2f, 0xa0, 0x48, 0x68, 0x74,
    0x27, 0x4, 0x14, 0x8, 0x3e, 0xc1, 0x1, 0x20,
    0xfe, 0x44, 0x40, 0x87, 0xf6, 0x7, 0xf, 0xfe,
    0x2, 0x1f, 0xfc, 0x7c, 0x3f, 0xfa, 0xbe, 0xf,
    0xfe, 0x2, 0x12, 0x4, 0x3f, 0xb0, 0x22, 0x41,
    0xfc, 0x88, 0x20, 0x41, 0xf6, 0x8, 0x28, 0x74,
    0x27, 0x4, 0x19, 0x81, 0x7d, 0x2, 0x43, 0x9e,
    0xe, 0xb4, 0x20,

    /* U+00D5 "Õ" */
    0xf, 0xfe, 0x55, 0xe9, 0x58, 0x7f, 0x2d, 0x34,
    0x43, 0xf9, 0xa3, 0xf4, 0x1f, 0xe4, 0x3f, 0xfa,
    0xaf, 0xf2, 0x1f, 0x9e, 0xe, 0xb4, 0x39, 0x81,
    0x7d, 0x2, 0x43, 0x43, 0xa1, 0x38, 0x20, 0xa0,
    0x41, 0xf6, 0x8, 0x9, 0x7, 0xf2, 0x22, 0x4,
    0x3f, 0xb0, 0x38, 0x7f, 0xf0, 0x10, 0xff, 0xe3,
    0xe1, 0xff, 0xd5, 0xf0, 0x7f, 0xf0, 0x10, 0x90,
    0x21, 0xfd, 0x81, 0x12, 0xf, 0xe4, 0x41, 0x2,
    0xf, 0xb0, 0x41, 0x43, 0xa1, 0x38, 0x20, 0xcc,
    0xb, 0xe8, 0x12, 0x1c, 0xf0, 0x75, 0xa1, 0x0,

    /* U+00D6 "Ö" */
    0xe, 0xf2, 0x3e, 0xf, 0xfe, 0x7d, 0x11, 0xa0,
    0x7f, 0x94, 0x12, 0x83, 0xff, 0x9e, 0xff, 0x21,
    0xf9, 0xe0, 0xeb, 0x43, 0x98, 0x17, 0xd0, 0x24,
    0x34, 0x3a, 0x13, 0x82, 0xa, 0x4, 0x1f, 0x60,
    0x80, 0x90, 0x7f, 0x22, 0x20, 0x43, 0xfb, 0x3,
    0x87, 0xff, 0x1, 0xf, 0xfe, 0x3e, 0x1f, 0xfd,
    0x5f, 0x7, 0xff, 0x1, 0x9, 0x2, 0x1f, 0xd8,
    0x11, 0x20, 0xfe, 0x44, 0x10, 0x20, 0xfb, 0x4,
    0x14, 0x3a, 0x13, 0x82, 0xc, 0xc0, 0xbe, 0x81,
    0x21, 0xcf, 0x7, 0x5a, 0x10,

    /* U+00D7 "×" */
    0x20, 0xff, 0x42, 0xb0, 0xfd, 0xb2, 0xc, 0x3d,
    0x82, 0x30, 0x61, 0xb0, 0x61, 0x60, 0xc1, 0x3,
    0xe, 0xc1, 0xc9, 0x87, 0xd8, 0x13, 0xf, 0xe4,
    0x3f, 0xf8, 0x12, 0x14, 0x1f, 0x49, 0x63, 0x7,
    0x49, 0x26, 0x30, 0x52, 0x48, 0x58, 0xc2, 0x89,
    0xe, 0x86, 0x49, 0xf, 0x31, 0x1a, 0x1f, 0x9c,

    /* U+00D8 "Ø" */
    0xf, 0xfe, 0x53, 0xfa, 0x40, 0xe8, 0x4f, 0x6,
    0x6d, 0x84, 0xc, 0xb, 0xe8, 0x11, 0x85, 0xe,
    0x84, 0xe1, 0xec, 0x10, 0x7a, 0xa, 0xd, 0x7,
    0xa7, 0x84, 0x40, 0x87, 0x2a, 0x10, 0x38, 0x7c,
    0xd1, 0xf, 0xfe, 0xc, 0xa0, 0xec, 0x3e, 0xc8,
    0x3f, 0xf8, 0x39, 0x87, 0xde, 0xd, 0x18, 0x72,
    0x12, 0x6, 0x60, 0xf6, 0x4, 0x49, 0x60, 0xf2,
    0x20, 0x82, 0x83, 0xd8, 0x20, 0xf6, 0x84, 0xe0,
    0x82, 0xc8, 0x17, 0xd0, 0x24, 0x11, 0xbc, 0x1d,
    0x68, 0x56, 0x13, 0xfc, 0x87, 0x0,

    /* U+00D9 "Ù" */
    0xc, 0xc1, 0xff, 0xc0, 0x56, 0x1f, 0xfc, 0x8,
    0x83, 0xfe, 0x60, 0xff, 0xe0, 0xb0, 0x7f, 0xf2,
    0x3c, 0x87, 0xef, 0x21, 0xff, 0xff, 0xf, 0xff,
    0xbe, 0x1f, 0xfc, 0xd4, 0x43, 0xe4, 0xe, 0x4,
    0x3d, 0x4, 0x82, 0x42, 0x60, 0x40, 0xc1, 0x7d,
    0x24, 0x85, 0xc8, 0x67, 0x40,

    /* U+00DA "Ú" */
    0xf, 0x98, 0x3f, 0xe6, 0xf, 0xfe, 0x4, 0x41,
    0xfe, 0x6c, 0x3f, 0xe5, 0x7, 0xff, 0x27, 0xc8,
    0x7e, 0xf2, 0x1f, 0xff, 0xf0, 0xff, 0xfb, 0xe1,
    0xff, 0xcd, 0x44, 0x3e, 0x40, 0xe0, 0x43, 0xd0,
    0x48, 0x24, 0x26, 0x4, 0xc, 0x17, 0xd2, 0x48,
    0x5c, 0x86, 0x74, 0x0,

    /* U+00DB "Û" */
    0xe, 0x64, 0x3f, 0xe9, 0xa0, 0x7f, 0x67, 0x30,
    0x7c, 0xd8, 0xd8, 0x7c, 0xa0, 0x94, 0x1f, 0xfc,
    0x6f, 0x21, 0xfb, 0xc8, 0x7f, 0xff, 0xc3, 0xff,
    0xef, 0x87, 0xff, 0x35, 0x10, 0xf9, 0x3, 0x81,
    0xf, 0x41, 0x20, 0x90, 0x98, 0x10, 0x30, 0x5f,
    0x49, 0x21, 0x72, 0x19, 0xd0, 0x0,

    /* U+00DC "Ü" */
    0xa, 0xe0, 0x79, 0xf, 0xfe, 0x47, 0x60, 0xa2,
    0x1e, 0x58, 0xa, 0xf, 0xfe, 0x37, 0x90, 0xfd,
    0xe4, 0x3f, 0xff, 0xe1, 0xff, 0xf7, 0xc3, 0xff,
    0x9a, 0x88, 0x7c, 0x81, 0xc0, 0x87, 0xa0, 0x90,
    0x48, 0x4c, 0x8, 0x18, 0x2f, 0xa4, 0x90, 0xb9,
    0xc, 0xe8, 0x0,

    /* U+00DD "Ý" */
    0xf, 0xcf, 0x7, 0xff, 0x6, 0x20, 0xff, 0xe0,
    0x66, 0x1f, 0xfc, 0x1f, 0x7, 0xff, 0x32, 0xf0,
    0x7f, 0x79, 0x20, 0x21, 0xf6, 0x28, 0x11, 0x7,
    0x90, 0x41, 0x28, 0xc3, 0xa2, 0xe, 0x80, 0x85,
    0x8a, 0xf, 0x44, 0x4, 0x10, 0x7c, 0x82, 0x22,
    0xf, 0xec, 0x70, 0x21, 0xfe, 0x82, 0xc3, 0xfe,
    0x40, 0x87, 0xff, 0xfc, 0x3f, 0xfd, 0xe0,

    /* U+00DE "Þ" */
    0xb8, 0x3f, 0xfa, 0xef, 0xf4, 0x1f, 0xf3, 0xa1,
    0x3f, 0xa0, 0x41, 0xf9, 0x80, 0x87, 0xe4, 0x18,
    0x7f, 0xf5, 0x10, 0x61, 0xf3, 0x1, 0x3, 0xfa,
    0x6, 0x1f, 0xce, 0x19, 0xfe, 0x83, 0xff, 0xb6,

    /* U+00DF "ß" */
    0x3, 0x7d, 0x7, 0xa8, 0x84, 0xe8, 0x64, 0x7e,
    0x48, 0x28, 0x60, 0xa0, 0x20, 0x4c, 0x32, 0x1f,
    0xf7, 0x8, 0x7e, 0xc7, 0x90, 0xfe, 0x83, 0xff,
    0x9b, 0x7, 0xf9, 0x1c, 0x3f, 0xa8, 0xd, 0xf,
    0xce, 0x9, 0xf, 0xed, 0x20, 0xff, 0x41, 0xff,
    0xc0, 0x43, 0xe4, 0x34, 0x21, 0x9b, 0xf0, 0x20,
    0xc8, 0x73, 0x80,

    /* U+00E0 "à" */
    0x3, 0x7, 0xf9, 0x58, 0x7f, 0xa2, 0xf, 0xe6,
    0x50, 0x7f, 0x2a, 0xf, 0xf5, 0x87, 0xff, 0x1d,
    0xbf, 0x41, 0xa8, 0x86, 0x70, 0xb7, 0xf8, 0x10,
    0x18, 0x3b, 0x10, 0xff, 0x22, 0x15, 0xfc, 0x84,
    0xe8, 0x7d, 0x90, 0xff, 0x20, 0x41, 0x7, 0xec,
    0x43, 0xc8, 0x31, 0xe, 0x82, 0x41, 0x5, 0x21,
    0x91, 0xf9, 0x60, 0xa8, 0x1a, 0x81, 0x0,

    /* U+00E1 "á" */
    0xf, 0x99, 0xf, 0xe9, 0x41, 0xfb, 0x30, 0xfd,
    0x10, 0x7e, 0x5c, 0x1f, 0x9e, 0xf, 0xfe, 0x3b,
    0x7e, 0x83, 0x51, 0xc, 0xe1, 0x6f, 0xf0, 0x20,
    0x30, 0x76, 0x21, 0xfe, 0x44, 0x2b, 0xf9, 0x9,
    0xd0, 0xfb, 0x21, 0xfe, 0x40, 0x82, 0xf, 0xd8,
    0x87, 0x90, 0x62, 0x1d, 0x4, 0x82, 0xa, 0x43,
    0x23, 0xf2, 0xc1, 0x50, 0x35, 0x2,

    /* U+00E2 "â" */
    0xe, 0x50, 0x7f, 0x54, 0x87, 0xe5, 0xa0, 0xfb,
    0x28, 0x41, 0xc9, 0x82, 0x50, 0x67, 0x9, 0xd0,
    0xff, 0xe2, 0x37, 0xe8, 0x35, 0x10, 0xce, 0x16,
    0xff, 0x2, 0x3, 0x7, 0x62, 0x1f, 0xe4, 0x42,
    0xbf, 0x90, 0x9d, 0xf, 0xb2, 0x1f, 0xe4, 0x8,
    0x20, 0xfd, 0x88, 0x79, 0x6, 0x21, 0xd0, 0x48,
    0x20, 0xa4, 0x32, 0x3f, 0x2c, 0x15, 0x3, 0x50,
    0x20,

    /* U+00E3 "ã" */
    0xb, 0xe4, 0xf0, 0x68, 0x4b, 0x20, 0xdd, 0x39,
    0x90, 0xca, 0x3, 0x21, 0xff, 0xc5, 0x6f, 0xd0,
    0x6a, 0x21, 0x9c, 0x2d, 0xfe, 0x4, 0x6, 0xe,
    0xc4, 0x3f, 0xc8, 0x85, 0x7f, 0x21, 0x3a, 0x1f,
    0x64, 0x3f, 0xc8, 0x10, 0x41, 0xfb, 0x10, 0xf2,
    0xc, 0x43, 0xa0, 0x90, 0x41, 0x48, 0x64, 0x7e,
    0x58, 0x2a, 0x6, 0xa0, 0x40,

    /* U+00E4 "ä" */
    0x5, 0xe0, 0x79, 0xf, 0xfe, 0x25, 0x40, 0xa2,
    0x1c, 0xa0, 0x28, 0x3f, 0xf8, 0xad, 0xfa, 0xd,
    0x44, 0x33, 0x85, 0xbf, 0xc0, 0x80, 0xc1, 0xd8,
    0x87, 0xf9, 0x10, 0xaf, 0xe4, 0x27, 0x43, 0xec,
    0x87, 0xf9, 0x2, 0x8, 0x3f, 0x62, 0x1e, 0x41,
    0x88, 0x74, 0x12, 0x8, 0x29, 0xc, 0x8f, 0xcb,
    0x5, 0x40, 0xd4, 0x8,

    /* U+00E5 "å" */
    0xe, 0x50, 0x7e, 0x7a, 0x61, 0xf4, 0x78, 0xc3,
    0xe8, 0x10, 0x7f, 0xf2, 0x20, 0x41, 0xf4, 0x78,
    0xc3, 0xcf, 0x4c, 0x3f, 0x94, 0x1f, 0x37, 0xe8,
    0x35, 0x10, 0xce, 0x16, 0xff, 0x2, 0x3, 0x7,
    0x62, 0x1f, 0xe4, 0x42, 0xbf, 0x90, 0x9d, 0xf,
    0xb2, 0x1f, 0xe4, 0x8, 0x20, 0xfd, 0x88, 0x79,
    0x6, 0x21, 0xd0, 0x48, 0x20, 0xa4, 0x32, 0x3f,
    0x2c, 0x15, 0x3, 0x50, 0x20,

    /* U+00E6 "æ" */
    0x3, 0x7e, 0x42, 0x6f, 0xa4, 0x35, 0x10, 0xd6,
    0x51, 0x9, 0xa0, 0x5b, 0xfc, 0xd, 0x2f, 0xa1,
    0x40, 0x60, 0xec, 0x2d, 0x9, 0x88, 0x3f, 0xc8,
    0x87, 0x90, 0xf5, 0xfc, 0x8f, 0xfc, 0x4, 0x74,
    0x3f, 0xf8, 0xf0, 0xff, 0x25, 0xff, 0xca, 0x4,
    0x1f, 0x61, 0xfe, 0xc4, 0x3c, 0x88, 0x7f, 0xb1,
    0xe, 0x82, 0x43, 0xf9, 0x4, 0x14, 0x91, 0x40,
    0xcd, 0x81, 0x1f, 0x93, 0x61, 0xfd, 0x21, 0x50,
    0x35, 0x81, 0xd0, 0xcd, 0x80,

    /* U+00E7 "ç" */
    0xd, 0x7e, 0x82, 0x74, 0x33, 0xc, 0x3f, 0xa0,
    0x43, 0x6, 0x64, 0x10, 0x7d, 0x88, 0x7f, 0xf7,
    0x71, 0xf, 0xc8, 0x20, 0xfd, 0xc, 0x19, 0x86,
    0x1f, 0xd0, 0x4e, 0x86, 0x60, 0xd7, 0x1c, 0x1f,
    0x24, 0x1f, 0xe4, 0x3d, 0x50, 0x87, 0xca, 0x20,
    0x0,

    /* U+00E8 "è" */
    0x9, 0x41, 0xff, 0x74, 0xf, 0xf4, 0xb0, 0x7f,
    0xa2, 0xf, 0xfb, 0x30, 0xff, 0xbc, 0x1f, 0xfc,
    0xab, 0xf2, 0x1c, 0xe8, 0x6a, 0x4, 0xc5, 0xf4,
    0x30, 0x22, 0x42, 0x71, 0x10, 0x21, 0xf9, 0xc1,
    0xff, 0x7, 0xff, 0x19, 0xff, 0xe4, 0x8, 0x7f,
    0xb0, 0xff, 0xe0, 0x20, 0x83, 0xfd, 0xc, 0x1d,
    0x60, 0x61, 0xfe, 0x43, 0x3a, 0x19, 0xb0,

    /* U+00E9 "é" */
    0xf, 0xcc, 0x1f, 0xe6, 0xf, 0xfa, 0x20, 0xfe,
    0xcc, 0x3f, 0xa3, 0xf, 0xf5, 0x87, 0xff, 0x2e,
    0xfc, 0x87, 0x3a, 0x1a, 0x81, 0x31, 0x7d, 0xc,
    0x8, 0x90, 0x9c, 0x44, 0x8, 0x7e, 0x70, 0x7f,
    0xc1, 0xff, 0xc6, 0x7f, 0xf9, 0x2, 0x1f, 0xec,
    0x3f, 0xf8, 0x8, 0x20, 0xff, 0x43, 0x7, 0x58,
    0x18, 0x7f, 0x90, 0xce, 0x86, 0x6c,

    /* U+00EA "ê" */
    0xf, 0x48, 0x7f, 0xb6, 0xf, 0xe8, 0x8c, 0x3f,
    0x2d, 0x8, 0x7b, 0x21, 0x50, 0x7b, 0xc1, 0x58,
    0x7f, 0xf2, 0x2f, 0xc8, 0x73, 0xa1, 0xa8, 0x13,
    0x17, 0xd0, 0xc0, 0x89, 0x9, 0xc4, 0x40, 0x87,
    0xe7, 0x7, 0xfc, 0x1f, 0xfc, 0x67, 0xff, 0x90,
    0x21, 0xfe, 0xc3, 0xff, 0x80, 0x82, 0xf, 0xf4,
    0x30, 0x75, 0x81, 0x87, 0xf9, 0xc, 0xe8, 0x66,
    0xc0,

    /* U+00EB "ë" */
    0xb, 0xd0, 0xf8, 0x3f, 0xf8, 0xf5, 0xd, 0x3,
    0xca, 0x9, 0x41, 0xff, 0xc8, 0xbf, 0x21, 0xce,
    0x86, 0xa0, 0x4c, 0x5f, 0x43, 0x2, 0x24, 0x27,
    0x11, 0x2, 0x1f, 0x9c, 0x1f, 0xf0, 0x7f, 0xf1,
    0x9f, 0xfe, 0x40, 0x87, 0xfb, 0xf, 0xfe, 0x2,
    0x8, 0x3f, 0xd0, 0xc1, 0xd6, 0x6, 0x1f, 0xe4,
    0x33, 0xa1, 0x9b, 0x0,

    /* U+00EC "ì" */
    0x7c, 0x13, 0x10, 0x4b, 0x82, 0x98, 0x35, 0x10,
    0xca, 0xa, 0xd0, 0xff, 0xff, 0x84,

    /* U+00ED "í" */
    0x9, 0xf0, 0x68, 0xc2, 0xcc, 0x28, 0x83, 0x72,
    0x19, 0x41, 0xd6, 0x87, 0xff, 0xfc, 0x3f, 0xf8,
    0xe0,

    /* U+00EE "î" */
    0xb, 0xd0, 0x72, 0x4, 0x3a, 0x73, 0xb, 0x22,
    0x10, 0x38, 0x18, 0x28, 0x32, 0x83, 0x5a, 0x1f,
    0xff, 0xf0, 0xff, 0xf0, 0x80,

    /* U+00EF "ï" */
    0x3c, 0xb, 0xc1, 0xfd, 0x40, 0x74, 0x14, 0x5,
    0x83, 0xfe, 0xb4, 0x3f, 0xff, 0xe1, 0xff, 0xd3,

    /* U+00F0 "ð" */
    0xb, 0xd0, 0x4a, 0xe, 0xc6, 0x9d, 0x87, 0x20,
    0x57, 0xa0, 0x9e, 0xa0, 0x21, 0xcf, 0x95, 0x92,
    0x1e, 0x6f, 0x2, 0xe, 0xa2, 0x1d, 0x84, 0xa2,
    0xfc, 0x4, 0x11, 0x21, 0x92, 0x10, 0x21, 0xd0,
    0x58, 0x87, 0xff, 0x29, 0xf, 0xfe, 0x76, 0x21,
    0xe4, 0xa, 0x4, 0x1d, 0x8, 0x21, 0x41, 0x40,
    0x80, 0xa2, 0xf9, 0x20, 0xd4, 0x42, 0x74, 0x0,

    /* U+00F1 "ñ" */
    0xb, 0xd0, 0x38, 0x36, 0x2b, 0x8c, 0x3a, 0xa1,
    0x60, 0xda, 0x3e, 0x83, 0xff, 0x87, 0xe4, 0xbe,
    0x83, 0xda, 0x13, 0x86, 0x8b, 0xd0, 0x20, 0xda,
    0x6, 0x10, 0x90, 0xe4, 0x3b, 0xf, 0xff, 0xf8,
    0x7f, 0xf4, 0x80,

    /* U+00F2 "ò" */
    0xa, 0x43, 0xfe, 0x64, 0x3f, 0xd9, 0x7, 0xfd,
    0x98, 0x7f, 0xd1, 0x7, 0xf9, 0xe0, 0xff, 0xe4,
    0xb7, 0xd0, 0x7a, 0x88, 0x4e, 0x85, 0x25, 0xf2,
    0x41, 0x24, 0x85, 0x2, 0x10, 0x21, 0xd0, 0x98,
    0x87, 0x90, 0x21, 0xff, 0xd0, 0x43, 0xfd, 0x87,
    0xe4, 0xa, 0x4, 0x1d, 0x8, 0x11, 0x41, 0x40,
    0x81, 0x25, 0xf2, 0x41, 0xa8, 0x84, 0xe8, 0x0,

    /* U+00F3 "ó" */
    0xf, 0xd2, 0x1f, 0xe9, 0xf, 0xf2, 0xe0, 0xfe,
    0x98, 0x3f, 0xb2, 0xf, 0xf7, 0x83, 0xff, 0x94,
    0xdf, 0x41, 0xea, 0x21, 0x3a, 0x14, 0x97, 0xc9,
    0x4, 0x92, 0x14, 0x8, 0x40, 0x87, 0x42, 0x62,
    0x1e, 0x40, 0x87, 0xff, 0x41, 0xf, 0xf6, 0x1f,
    0x90, 0x28, 0x10, 0x74, 0x20, 0x45, 0x5, 0x2,
    0x4, 0x97, 0xc9, 0x6, 0xa2, 0x13, 0xa0,

    /* U+00F4 "ô" */
    0xe, 0x60, 0xff, 0xa7, 0xf, 0xec, 0x84, 0x3e,
    0x49, 0x50, 0x7d, 0x28, 0x8c, 0x3d, 0xc1, 0x78,
    0x3f, 0xf8, 0xed, 0xf4, 0x1e, 0xa2, 0x13, 0xa1,
    0x49, 0x7c, 0x90, 0x49, 0x21, 0x40, 0x84, 0x8,
    0x74, 0x26, 0x21, 0xe4, 0x8, 0x7f, 0xf4, 0x10,
    0xff, 0x61, 0xf9, 0x2, 0x81, 0x7, 0x42, 0x4,
    0x50, 0x50, 0x20, 0x49, 0x7c, 0x90, 0x6a, 0x21,
    0x3a, 0x0,

    /* U+00F5 "õ" */
    0xa, 0xf4, 0x38, 0x72, 0xc3, 0xc1, 0xf3, 0x7a,
    0x98, 0x73, 0x4, 0xa0, 0xff, 0xe4, 0x37, 0xd0,
    0x7a, 0x88, 0x4e, 0x85, 0x25, 0xf2, 0x41, 0x24,
    0x85, 0x2, 0x10, 0x21, 0xd0, 0x98, 0x87, 0x90,
    0x21, 0xff, 0xd0, 0x43, 0xfd, 0x87, 0xe4, 0xa,
    0x4, 0x1d, 0x8, 0x11, 0x41, 0x40, 0x81, 0x25,
    0xf2, 0x41, 0xa8, 0x84, 0xe8, 0x0,

    /* U+00F6 "ö" */
    0xb, 0xc9, 0x78, 0x3f, 0xf8, 0xf4, 0x4e, 0x81,
    0xe5, 0x1, 0x60, 0xff, 0xe3, 0xb7, 0xd0, 0x7a,
    0x88, 0x4e, 0x85, 0x25, 0xf2, 0x41, 0x24, 0x85,
    0x2, 0x10, 0x21, 0xd0, 0x98, 0x87, 0x90, 0x21,
    0xff, 0xd0, 0x43, 0xfd, 0x87, 0xe4, 0xa, 0x4,
    0x1d, 0x8, 0x11, 0x41, 0x40, 0x81, 0x25, 0xf2,
    0x41, 0xa8, 0x84, 0xe8, 0x0,

    /* U+00F7 "÷" */
    0xf, 0x3e, 0x83, 0xff, 0xc0, 0xfa, 0xf, 0xfe,
    0x53, 0xff, 0xfc, 0x28, 0x3f, 0xf8, 0x8f, 0xff,
    0xf0, 0xa0, 0xff, 0xe5, 0x3e, 0x83, 0xff, 0xb4,

    /* U+00F8 "ø" */
    0xf, 0xfe, 0x2, 0x1c, 0xdf, 0x43, 0x40, 0xa8,
    0x84, 0xf1, 0x2, 0x4b, 0xe4, 0x10, 0x49, 0x21,
    0xec, 0x8, 0x10, 0xa6, 0x10, 0x62, 0x12, 0xa4,
    0x8, 0x7d, 0x28, 0x3f, 0xdb, 0x7, 0xfb, 0x20,
    0xfb, 0x18, 0xc2, 0x40, 0x88, 0x18, 0x34, 0x21,
    0x21, 0xe8, 0x10, 0x48, 0x2f, 0x92, 0xb, 0x39,
    0x9, 0xd0, 0xac, 0x6f, 0xa0, 0xc0,

    /* U+00F9 "ù" */
    0x4, 0x87, 0xfd, 0x21, 0xfd, 0x10, 0x7f, 0xb3,
    0xf, 0xf6, 0x41, 0xfe, 0xe0, 0xff, 0xe2, 0xf8,
    0x3e, 0xf0, 0x7f, 0xff, 0xc3, 0xff, 0x98, 0x87,
    0x21, 0x26, 0x1d, 0x5, 0x8a, 0xb, 0xc, 0xa2,
    0xf8, 0x83, 0x48, 0x4e, 0x84,

    /* U+00FA "ú" */
    0xf, 0x94, 0x1f, 0xd4, 0xc3, 0xf2, 0xd0, 0x7e,
    0x88, 0x3f, 0x66, 0x1f, 0xde, 0xf, 0xfe, 0x37,
    0x83, 0xef, 0x7, 0xff, 0xfc, 0x3f, 0xf9, 0x88,
    0x72, 0x12, 0x61, 0xd0, 0x58, 0xa0, 0xb0, 0xca,
    0x2f, 0x88, 0x34, 0x84, 0xe8, 0x40,

    /* U+00FB "û" */
    0xc, 0xc1, 0xfe, 0x9c, 0x3f, 0x44, 0x41, 0xe5,
    0x4b, 0x7, 0xa5, 0x11, 0x87, 0x70, 0x5e, 0xf,
    0xfe, 0x1f, 0x83, 0xef, 0x7, 0xff, 0xfc, 0x3f,
    0xf9, 0x88, 0x72, 0x12, 0x61, 0xd0, 0x58, 0xa0,
    0xb0, 0xca, 0x2f, 0x88, 0x34, 0x84, 0xe8, 0x40,

    /* U+00FC "ü" */
    0x7, 0x91, 0xf0, 0x7f, 0xf1, 0x68, 0x8d, 0x3,
    0x94, 0x12, 0x83, 0xff, 0x87, 0xe0, 0xfb, 0xc1,
    0xff, 0xff, 0xf, 0xfe, 0x62, 0x1c, 0x84, 0x98,
    0x74, 0x16, 0x28, 0x2c, 0x32, 0x8b, 0xe2, 0xd,
    0x21, 0x3a, 0x10,

    /* U+00FD "ý" */
    0xf, 0xd7, 0x7, 0xf9, 0x44, 0x1f, 0xe8, 0xc3,
    0xfd, 0x98, 0x7f, 0xce, 0x1f, 0xfc, 0x8, 0x3f,
    0x78, 0x3f, 0x79, 0x12, 0xf, 0x20, 0x4c, 0x43,
    0xd8, 0x81, 0x2, 0x1c, 0x90, 0x49, 0x86, 0x83,
    0xd0, 0x86, 0x48, 0x39, 0x10, 0x20, 0x43, 0xb2,
    0x6, 0x21, 0xe4, 0x32, 0x41, 0xf2, 0x48, 0x7f,
    0xa1, 0x88, 0x3f, 0xf8, 0x28, 0x7f, 0x40, 0x43,
    0xfc, 0x83, 0xf, 0xf2, 0x4, 0x3f, 0xd8, 0x87,
    0xf9, 0x44, 0x1f, 0xbd, 0x8, 0x7f, 0xf0, 0x28,
    0x1f, 0x0,

    /* U+00FE "þ" */
    0xf2, 0x1f, 0xff, 0x1b, 0xe8, 0x3d, 0xa1, 0x38,
    0x68, 0xbe, 0x6, 0x1b, 0x42, 0xc0, 0x81, 0xf,
    0x26, 0xc, 0x3d, 0x88, 0x7f, 0xf6, 0xb0, 0xf6,
    0x20, 0x43, 0xc9, 0x85, 0xa1, 0x60, 0x41, 0x17,
    0xc0, 0xc3, 0x68, 0x4e, 0x1e, 0xbe, 0x83, 0xff,
    0xce,

    /* U+00FF "ÿ" */
    0x9, 0xf0, 0x3d, 0x7, 0xff, 0x21, 0xa0, 0x29,
    0x87, 0xca, 0x2, 0xc1, 0xff, 0xc6, 0xf0, 0x7e,
    0xf2, 0x24, 0x1e, 0x40, 0x98, 0x87, 0xb1, 0x2,
    0x4, 0x39, 0x20, 0x93, 0xd, 0x7, 0xa1, 0xc,
    0x90, 0x72, 0x20, 0x40, 0x87, 0x64, 0xc, 0x43,
    0xc8, 0x64, 0x83, 0xe4, 0x90, 0xff, 0x43, 0x10,
    0x7f, 0xf0, 0x50, 0xfe, 0x80, 0x87, 0xf9, 0x6,
    0x1f, 0xe4, 0x8, 0x7f, 0xb1, 0xf, 0xf2, 0x88,
    0x3f, 0x7a, 0x10, 0xff, 0xe0, 0x50, 0x3e,

    /* U+0100 "Ā" */
    0xe, 0xff, 0x41, 0xfc, 0x87, 0xff, 0x11, 0xff,
    0x41, 0xff, 0xe1, 0x7d, 0x7, 0xff, 0x7, 0x2,
    0x1f, 0xfc, 0x14, 0x44, 0x3f, 0xe4, 0x62, 0xf,
    0xfa, 0x30, 0xff, 0xe2, 0x22, 0x41, 0xfd, 0x8,
    0x21, 0xf, 0xe4, 0x83, 0x90, 0xf9, 0xf, 0x46,
    0x1f, 0x62, 0x19, 0x10, 0xf9, 0x20, 0xf9, 0xe,
    0x41, 0xfe, 0x4, 0x1d, 0x7, 0xff, 0x1b, 0xff,
    0x24, 0x14, 0x1f, 0xec, 0x42, 0x48, 0x3f, 0x20,
    0x44, 0x8, 0x7f, 0x26, 0x61, 0xff, 0xc0, 0xc4,

    /* U+0101 "ā" */
    0x5, 0xfe, 0x43, 0xff, 0x89, 0x7f, 0x90, 0xff,
    0xe8, 0x37, 0xe8, 0x35, 0x10, 0xce, 0x16, 0xff,
    0x2, 0x3, 0x7, 0x62, 0x1f, 0xe4, 0x42, 0xbf,
    0x90, 0x9d, 0xf, 0xb2, 0x1f, 0xe4, 0x8, 0x20,
    0xfd, 0x88, 0x79, 0x6, 0x21, 0xd0, 0x48, 0x20,
    0xa4, 0x32, 0x3f, 0x2c, 0x15, 0x3, 0x50, 0x20,

    /* U+0102 "Ă" */
    0xe, 0x83, 0x90, 0xff, 0x30, 0x54, 0xf, 0xf2,
    0xbb, 0x60, 0xff, 0x48, 0x92, 0x1f, 0xf5, 0xf2,
    0x1f, 0xfd, 0x17, 0xd0, 0x7f, 0xf0, 0x70, 0x21,
    0xff, 0xc1, 0x44, 0x43, 0xfe, 0x46, 0x20, 0xff,
    0xa3, 0xf, 0xfe, 0x22, 0x24, 0x1f, 0xd0, 0x82,
    0x10, 0xfe, 0x48, 0x39, 0xf, 0x90, 0xf4, 0x61,
    0xf6, 0x21, 0x91, 0xf, 0x92, 0xf, 0x90, 0xe4,
    0x1f, 0xe0, 0x41, 0xd0, 0x7f, 0xf1, 0xbf, 0xf2,
    0x41, 0x41, 0xfe, 0xc4, 0x24, 0x83, 0xf2, 0x4,
    0x40, 0x87, 0xf2, 0x66, 0x1f, 0xfc, 0xc, 0x40,

    /* U+0103 "ă" */
    0x5, 0x86, 0xd0, 0xd9, 0xd3, 0x10, 0xcc, 0x2d,
    0x87, 0x9f, 0xa0, 0xff, 0xe3, 0x37, 0xe8, 0x35,
    0x10, 0xce, 0x16, 0xff, 0x2, 0x3, 0x7, 0x62,
    0x1f, 0xe4, 0x42, 0xbf, 0x90, 0x9d, 0xf, 0xb2,
    0x1f, 0xe4, 0x8, 0x20, 0xfd, 0x88, 0x79, 0x6,
    0x21, 0xd0, 0x48, 0x20, 0xa4, 0x32, 0x3f, 0x2c,
    0x15, 0x3, 0x50, 0x20,

    /* U+0104 "Ą" */
    0xf, 0x3e, 0x83, 0xff, 0x83, 0x81, 0xf, 0xfe,
    0xa, 0x22, 0x1f, 0xf2, 0x31, 0x7, 0xfd, 0x18,
    0x7f, 0xf1, 0x11, 0x20, 0xfe, 0x84, 0x10, 0x87,
    0xf2, 0x41, 0xc8, 0x7c, 0x87, 0xa3, 0xf, 0xb1,
    0xc, 0x88, 0x7c, 0x90, 0x7c, 0x87, 0x20, 0xff,
    0x2, 0xe, 0x83, 0xff, 0x8d, 0xff, 0x92, 0xa,
    0xf, 0xf6, 0x21, 0x24, 0x1f, 0x90, 0x22, 0x4,
    0x3f, 0x93, 0x30, 0xff, 0xe0, 0x62, 0x5e, 0xf,
    0xf6, 0x61, 0xff, 0xc2, 0x60, 0xff, 0xe1, 0x22,
    0x1f, 0xfc, 0x4e, 0x81, 0xff, 0xc0, 0x50, 0xa0,

    /* U+0105 "ą" */
    0x3, 0x7e, 0x83, 0xa8, 0x86, 0x70, 0xe7, 0xf4,
    0x8, 0x2a, 0x6, 0x71, 0xf, 0xf9, 0x10, 0xcd,
    0x5e, 0x43, 0xb9, 0x60, 0xd8, 0x31, 0xbf, 0x21,
    0x20, 0x90, 0xfd, 0x88, 0x79, 0xb, 0x10, 0xe4,
    0x32, 0x8, 0x2a, 0x7, 0x23, 0xf2, 0xc1, 0xa8,
    0x1a, 0x81, 0xe7, 0xf2, 0x34, 0xf, 0xe8, 0x43,
    0xfc, 0x87, 0xff, 0x1, 0x28, 0x87, 0xe8, 0x50,

    /* U+0106 "Ć" */
    0xf, 0xe5, 0x7, 0xff, 0x2, 0x81, 0xff, 0xc0,
    0x5c, 0x1f, 0xfc, 0xa, 0x7, 0xff, 0x1, 0x41,
    0xff, 0xce, 0x6f, 0xd2, 0x1c, 0xf2, 0x19, 0xb0,
    0x98, 0x17, 0xe8, 0x8, 0x20, 0x68, 0x67, 0x81,
    0x3, 0xf, 0xca, 0x12, 0xf, 0xf9, 0x2, 0x1f,
    0xf6, 0x1f, 0xfe, 0xfc, 0x3f, 0xf8, 0x48, 0x10,
    0xff, 0xe0, 0x24, 0x1f, 0xfc, 0x8, 0x18, 0x7e,
    0x50, 0x20, 0x68, 0x67, 0x82, 0x60, 0x5f, 0xa0,
    0x21, 0x3c, 0x86, 0x6c,

    /* U+0107 "ć" */
    0xf, 0xcc, 0x1f, 0x98, 0x3f, 0xa2, 0xf, 0xb3,
    0xf, 0xa3, 0xf, 0xd6, 0x1f, 0xfc, 0x7b, 0xf4,
    0x13, 0xa1, 0x98, 0x61, 0xfd, 0x2, 0x18, 0x33,
    0x20, 0x83, 0xec, 0x43, 0xff, 0xbb, 0x88, 0x7e,
    0x41, 0x7, 0xe8, 0x60, 0xcc, 0x30, 0xfe, 0x82,
    0x74, 0x33, 0x0,

    /* U+0108 "Ĉ" */
    0xf, 0xd4, 0xf, 0xfe, 0x6, 0xac, 0x3f, 0xd9,
    0xe2, 0xf, 0xeb, 0x6, 0x1f, 0xe4, 0x34, 0x1f,
    0xfc, 0xb6, 0xfd, 0x21, 0xcf, 0x21, 0x9b, 0x9,
    0x81, 0x7e, 0x80, 0x82, 0x6, 0x86, 0x78, 0x10,
    0x30, 0xfc, 0xa1, 0x20, 0xff, 0x90, 0x21, 0xff,
    0x61, 0xff, 0xef, 0xc3, 0xff, 0x84, 0x81, 0xf,
    0xfe, 0x2, 0x41, 0xff, 0xc0, 0x81, 0x87, 0xe5,
    0x2, 0x6, 0x86, 0x78, 0x26, 0x5, 0xfa, 0x2,
    0x13, 0xc8, 0x66, 0xc0,

    /* U+0109 "ĉ" */
    0xf, 0x28, 0x3f, 0x54, 0x87, 0xca, 0x20, 0xf6,
    0x59, 0x6, 0x4c, 0x12, 0x82, 0x70, 0x9d, 0xf,
    0xfe, 0x1d, 0xfa, 0x9, 0xd0, 0xcc, 0x30, 0xfe,
    0x81, 0xc, 0x19, 0x90, 0x41, 0xf6, 0x21, 0xff,
    0xdd, 0xc4, 0x3f, 0x20, 0x83, 0xf4, 0x30, 0x66,
    0x18, 0x7f, 0x41, 0x3a, 0x19, 0x80,

    /* U+010A "Ċ" */
    0xf, 0x9f, 0x7, 0xff, 0x3d, 0x60, 0xff, 0xe0,
    0xd0, 0x3f, 0xf9, 0xad, 0xfa, 0x43, 0x9e, 0x43,
    0x36, 0x13, 0x2, 0xfd, 0x1, 0x4, 0xd, 0xc,
    0xf0, 0x20, 0x61, 0xf9, 0x42, 0x41, 0xff, 0x20,
    0x43, 0xfe, 0xc3, 0xff, 0xdf, 0x87, 0xff, 0x9,
    0x2, 0x1f, 0xfc, 0x4, 0x83, 0xff, 0x81, 0x3,
    0xf, 0xca, 0x4, 0xd, 0xc, 0xf0, 0x4c, 0xb,
    0xf4, 0x4, 0x27, 0x90, 0xcd, 0x80,

    /* U+010B "ċ" */
    0xf, 0x78, 0x3f, 0xfa, 0x7e, 0xf, 0xfe, 0x35,
    0xfa, 0x9, 0xd0, 0xcc, 0x30, 0xfe, 0x81, 0xc,
    0x19, 0x90, 0x41, 0xf6, 0x21, 0xff, 0xdd, 0xc4,
    0x3f, 0x20, 0x83, 0xf4, 0x30, 0x66, 0x18, 0x7f,
    0x41, 0x3a, 0x19, 0x80,

    /* U+010C "Č" */
    0xe, 0x50, 0x4a, 0xf, 0xcd, 0xa, 0x7, 0xfa,
    0x76, 0x43, 0xf9, 0x99, 0xf, 0xf9, 0x90, 0xff,
    0xe6, 0xb7, 0xe9, 0xe, 0x79, 0xc, 0xd8, 0x4c,
    0xb, 0xf4, 0x4, 0x10, 0x34, 0x33, 0xc0, 0x81,
    0x87, 0xe5, 0x9, 0x7, 0xfc, 0x81, 0xf, 0xfb,
    0xf, 0xff, 0x7e, 0x1f, 0xfc, 0x24, 0x8, 0x7f,
    0xf0, 0x12, 0xf, 0xfe, 0x4, 0xc, 0x3f, 0x28,
    0x10, 0x34, 0x33, 0xc1, 0x30, 0x2f, 0xd0, 0x10,
    0x9e, 0x43, 0x36, 0x0,

    /* U+010D "č" */
    0x9, 0x41, 0xa0, 0xe8, 0x2c, 0x39, 0x32, 0x20,
    0xec, 0xd8, 0x3e, 0x40, 0x87, 0xd7, 0x83, 0xff,
    0x8d, 0x7e, 0x82, 0x74, 0x33, 0xc, 0x3f, 0xa0,
    0x43, 0x6, 0x64, 0x10, 0x7d, 0x88, 0x7f, 0xf7,
    0x71, 0xf, 0xc8, 0x20, 0xfd, 0xc, 0x19, 0x86,
    0x1f, 0xd0, 0x4e, 0x86, 0x60,

    /* U+010E "Ď" */
    0x9, 0xd0, 0x58, 0x7f, 0x2a, 0x67, 0xf, 0xf4,
    0xcc, 0x1f, 0xfc, 0xb, 0xc8, 0x7f, 0xf2, 0xef,
    0xfa, 0x43, 0xff, 0x84, 0xdc, 0x1e, 0x7f, 0xa0,
    0x38, 0x7f, 0xcf, 0x2, 0xf, 0xfe, 0x2, 0x84,
    0x3f, 0xf8, 0x30, 0x20, 0xff, 0xe0, 0xa2, 0x1f,
    0xfd, 0x1c, 0x3f, 0xfa, 0x78, 0x7f, 0xf4, 0xd1,
    0xf, 0xfe, 0x4, 0x8, 0x3f, 0xe5, 0x8, 0x7f,
    0x9e, 0x4, 0x19, 0xfe, 0x80, 0xe1, 0xff, 0x37,
    0x6,

    /* U+010F "ď" */
    0xf, 0xf7, 0x81, 0xe4, 0x3f, 0xf8, 0x88, 0x7f,
    0xf4, 0x91, 0xf, 0xfe, 0x1b, 0x6, 0x7e, 0x83,
    0x98, 0x35, 0x2, 0x74, 0x3f, 0x49, 0x7c, 0x41,
    0xf9, 0x24, 0x2c, 0x3f, 0x20, 0x43, 0xa0, 0xfb,
    0x10, 0xf2, 0x1f, 0xfe, 0xec, 0x43, 0xc8, 0x7c,
    0x81, 0xe, 0x83, 0xf2, 0x48, 0x58, 0x7f, 0x49,
    0x7c, 0x41, 0xfd, 0x40, 0x9d, 0xf, 0x80,

    /* U+0110 "Đ" */
    0x5, 0xff, 0x48, 0x7f, 0xf1, 0x1b, 0x83, 0xfb,
    0xfa, 0x47, 0xf, 0xfe, 0xb, 0x40, 0x61, 0xff,
    0xc2, 0x60, 0x21, 0xff, 0xc2, 0x41, 0x87, 0xff,
    0xd, 0x10, 0xff, 0xe1, 0xe1, 0x79, 0x7, 0xe0,
    0xfe, 0x43, 0xe4, 0x3f, 0xad, 0x7, 0xd0, 0x7f,
    0xf2, 0xf0, 0xff, 0xe2, 0xa2, 0x1f, 0xfc, 0x24,
    0x18, 0x7f, 0xf0, 0x58, 0x8, 0x7f, 0xcd, 0x1,
    0x87, 0xdf, 0xd2, 0x38, 0x7f, 0xf0, 0x5b, 0x83,
    0x0,

    /* U+0111 "đ" */
    0xf, 0xf7, 0x83, 0xf3, 0x50, 0x24, 0x3d, 0x2c,
    0x6, 0xf, 0x7e, 0x7, 0x83, 0xff, 0x8a, 0xfd,
    0x7, 0xea, 0x4, 0xe8, 0x74, 0x97, 0xc4, 0x1c,
    0x92, 0x16, 0x1c, 0x81, 0xe, 0x83, 0x62, 0x1e,
    0x43, 0xff, 0xc5, 0x88, 0x79, 0xc, 0x81, 0xe,
    0x83, 0x92, 0x42, 0xc3, 0xd2, 0x5f, 0x10, 0x7a,
    0x81, 0x3a, 0x18,

    /* U+0112 "Ē" */
    0x3, 0xfe, 0x43, 0x61, 0xff, 0x5f, 0xe4, 0x3f,
    0xf9, 0xd7, 0xff, 0x90, 0xff, 0xe1, 0x3f, 0xf9,
    0xf, 0xff, 0x33, 0xff, 0x83, 0xff, 0x86, 0xff,
    0xe0, 0xff, 0xff, 0xbf, 0xfa, 0xf, 0xfe, 0x0,

    /* U+0113 "ē" */
    0xb, 0xfe, 0x43, 0x90, 0xf2, 0x1d, 0x7f, 0x83,
    0xff, 0xab, 0x7e, 0x43, 0x9d, 0xd, 0x40, 0x98,
    0xbe, 0x86, 0x4, 0x48, 0x4e, 0x22, 0x4, 0x3f,
    0x38, 0x3f, 0xe0, 0xff, 0xe3, 0x3f, 0xfc, 0x81,
    0xf, 0xf6, 0x1f, 0xfc, 0x4, 0x10, 0x7f, 0xa1,
    0x83, 0xac, 0xc, 0x3f, 0xc8, 0x67, 0x43, 0x36,
    0x0,

    /* U+0114 "Ĕ" */
    0x5, 0x84, 0xe8, 0x68, 0xfa, 0x10, 0xee, 0x55,
    0x87, 0xcd, 0x10, 0xff, 0xe2, 0x5f, 0xfe, 0x43,
    0xff, 0x84, 0xff, 0xe4, 0x3f, 0xfc, 0xcf, 0xfe,
    0xf, 0xfe, 0x1b, 0xff, 0x83, 0xff, 0xfe, 0xff,
    0xe8, 0x3f, 0xf8, 0x0,

    /* U+0115 "ĕ" */
    0xb, 0x83, 0x68, 0x72, 0xc0, 0x84, 0x3a, 0x2f,
    0x28, 0x3e, 0xe5, 0x50, 0x3f, 0x34, 0x43, 0xff,
    0x93, 0x7e, 0x43, 0x9d, 0xd, 0x40, 0x98, 0xbe,
    0x86, 0x4, 0x48, 0x4e, 0x22, 0x4, 0x3f, 0x38,
    0x3f, 0xe0, 0xff, 0xe3, 0x3f, 0xfc, 0x81, 0xf,
    0xf6, 0x1f, 0xfc, 0x4, 0x10, 0x7f, 0xa1, 0x83,
    0xac, 0xc, 0x3f, 0xc8, 0x67, 0x43, 0x36, 0x0,

    /* U+0116 "Ė" */
    0xc, 0xf8, 0x3f, 0xf9, 0x2b, 0x7, 0xfa, 0x81,
    0xff, 0xc5, 0xbf, 0xfc, 0x87, 0xff, 0x9, 0xff,
    0xc8, 0x7f, 0xf9, 0x9f, 0xfc, 0x1f, 0xfc, 0x37,
    0xff, 0x7, 0xff, 0xfd, 0xff, 0xd0, 0x7f, 0xf0,
    0x0,

    /* U+0117 "ė" */
    0xe, 0x7c, 0x1f, 0xfc, 0xd4, 0x3f, 0xcf, 0x7,
    0xff, 0x2a, 0xfc, 0x87, 0x3a, 0x1a, 0x81, 0x31,
    0x7d, 0xc, 0x8, 0x90, 0x9c, 0x44, 0x8, 0x7e,
    0x70, 0x7f, 0xc1, 0xff, 0xc6, 0x7f, 0xf9, 0x2,
    0x1f, 0xec, 0x3f, 0xf8, 0x8, 0x20, 0xff, 0x43,
    0x7, 0x58, 0x18, 0x7f, 0x90, 0xce, 0x86, 0x6c,

    /* U+0118 "Ę" */
    0xbf, 0xfc, 0x87, 0xff, 0x9, 0xff, 0xc8, 0x7f,
    0xf9, 0x9f, 0xfc, 0x1f, 0xfc, 0x37, 0xff, 0x7,
    0xff, 0xfd, 0xff, 0xd0, 0x7f, 0xf0, 0x2f, 0xf8,
    0x78, 0x3e, 0x48, 0x3f, 0xb0, 0xff, 0xe0, 0xd1,
    0xf, 0xa5, 0xb0,

    /* U+0119 "ę" */
    0xd, 0x7d, 0x21, 0xce, 0x84, 0xd0, 0x26, 0x1f,
    0xa1, 0x40, 0x86, 0x9, 0x88, 0x41, 0x7, 0x21,
    0x61, 0xfc, 0x88, 0x5f, 0xf2, 0x1f, 0xfc, 0x57,
    0xff, 0x9c, 0x43, 0xfc, 0x82, 0xf, 0xf4, 0x30,
    0x73, 0x81, 0x87, 0xfa, 0xc, 0xe8, 0x75, 0x87,
    0x5f, 0xa, 0xf, 0xe4, 0x83, 0xfd, 0x87, 0xff,
    0xa, 0xa0, 0xfd, 0x2c, 0x0,

    /* U+011A "Ě" */
    0xb, 0x41, 0x61, 0xea, 0x33, 0x7, 0x95, 0x32,
    0x1f, 0x5e, 0x43, 0xff, 0x89, 0x7f, 0xf9, 0xf,
    0xfe, 0x13, 0xff, 0x90, 0xff, 0xf3, 0x3f, 0xf8,
    0x3f, 0xf8, 0x6f, 0xfe, 0xf, 0xff, 0xfb, 0xff,
    0xa0, 0xff, 0xe0, 0x0,

    /* U+011B "ě" */
    0x9, 0x41, 0xa0, 0xfa, 0x41, 0xa1, 0xe4, 0x84,
    0x83, 0xe8, 0xa0, 0x87, 0xcb, 0x18, 0x7f, 0x4c,
    0x1f, 0xf4, 0x87, 0xf5, 0xf9, 0xe, 0x74, 0x35,
    0x2, 0x62, 0xfa, 0x18, 0x11, 0x21, 0x38, 0x88,
    0x10, 0xfc, 0xe0, 0xff, 0x83, 0xff, 0x8c, 0xff,
    0xf2, 0x4, 0x3f, 0xd8, 0x7f, 0xf0, 0x10, 0x41,
    0xfe, 0x86, 0xe, 0xb0, 0x30, 0xff, 0x21, 0x9d,
    0xc, 0xd8,

    /* U+011C "Ĝ" */
    0xf, 0xd4, 0xf, 0xfe, 0xe, 0xac, 0x3f, 0xe8,
    0xf1, 0x87, 0xfd, 0x83, 0x83, 0xfd, 0x6, 0x43,
    0xff, 0x9a, 0xdf, 0xa4, 0x3c, 0xf2, 0x19, 0xb8,
    0x26, 0x5, 0xfa, 0x44, 0x28, 0x74, 0x33, 0x68,
    0x20, 0x41, 0xfd, 0x1, 0x20, 0xff, 0xe0, 0x20,
    0x43, 0xff, 0x81, 0x87, 0xff, 0x32, 0xfe, 0x83,
    0xff, 0x9b, 0x7c, 0x83, 0xf, 0xfe, 0x1a, 0x4,
    0x3f, 0xf8, 0x29, 0x7, 0xff, 0x6, 0x4, 0x1f,
    0xfc, 0x18, 0x74, 0x33, 0x21, 0x98, 0x17, 0xe9,
    0x18, 0x27, 0x90, 0xcd, 0xc0,

    /* U+011D "ĝ" */
    0xe, 0xf2, 0x1f, 0xd0, 0x20, 0xfe, 0x56, 0x41,
    0xf6, 0x44, 0xa0, 0xf3, 0x81, 0x83, 0xe8, 0x32,
    0x83, 0xcf, 0xd0, 0x3c, 0x17, 0x4, 0xe8, 0x68,
    0x17, 0xcc, 0x19, 0x24, 0x28, 0x32, 0x4, 0x3a,
    0xb, 0x10, 0xf2, 0x1f, 0xfd, 0xec, 0x43, 0xc8,
    0x48, 0x10, 0xe8, 0x32, 0x48, 0x50, 0x74, 0xb,
    0xe6, 0xe, 0xe0, 0x9d, 0xf, 0x3f, 0x42, 0x1f,
    0xfc, 0x8, 0x42, 0x83, 0xa0, 0x41, 0x3f, 0xc9,
    0x6, 0x90, 0xce, 0x80,

    /* U+011E "Ğ" */
    0xe, 0x83, 0x28, 0x3f, 0x98, 0x2b, 0xf, 0xe5,
    0x7c, 0x41, 0xfd, 0x6a, 0xb0, 0xff, 0xe0, 0x51,
    0xf, 0xfe, 0x7b, 0x7e, 0x90, 0xf3, 0xc8, 0x66,
    0xe0, 0x98, 0x17, 0xe9, 0x10, 0xa1, 0xd0, 0xcd,
    0xa0, 0x81, 0x7, 0xf4, 0x4, 0x83, 0xff, 0x80,
    0x81, 0xf, 0xfe, 0x6, 0x1f, 0xfc, 0xcb, 0xfa,
    0xf, 0xfe, 0x6d, 0xf2, 0xc, 0x3f, 0xf8, 0x68,
    0x10, 0xff, 0xe0, 0xa4, 0x1f, 0xfc, 0x18, 0x10,
    0x7f, 0xf0, 0x61, 0xd0, 0xcc, 0x86, 0x60, 0x5f,
    0xa4, 0x60, 0x9e, 0x43, 0x37, 0x0,

    /* U+011F "ğ" */
    0xb, 0x43, 0x61, 0xe6, 0x41, 0x87, 0xd1, 0x78,
    0x83, 0xee, 0x56, 0x87, 0xe6, 0x81, 0xff, 0xc9,
    0x7e, 0x81, 0xe0, 0xb8, 0x27, 0x43, 0x40, 0xbe,
    0x60, 0xc9, 0x21, 0x41, 0x90, 0x21, 0xd0, 0x58,
    0x87, 0x90, 0xff, 0xef, 0x62, 0x1e, 0x42, 0x40,
    0x87, 0x41, 0x92, 0x42, 0x83, 0xa0, 0x5f, 0x30,
    0x77, 0x4, 0xe8, 0x79, 0xfa, 0x10, 0xff, 0xe0,
    0x42, 0x14, 0x1d, 0x2, 0x9, 0xfe, 0x48, 0x34,
    0x86, 0x74, 0x0,

    /* U+0120 "Ġ" */
    0xf, 0xde, 0x43, 0xff, 0xa2, 0xb0, 0x7f, 0xf0,
    0x68, 0x1f, 0xfc, 0xf6, 0xfd, 0x21, 0xe7, 0x90,
    0xcd, 0xc1, 0x30, 0x2f, 0xd2, 0x21, 0x43, 0xa1,
    0x9b, 0x41, 0x2, 0xf, 0xe8, 0x9, 0x7, 0xff,
    0x1, 0x2, 0x1f, 0xfc, 0xc, 0x3f, 0xf9, 0x97,
    0xf4, 0x1f, 0xfc, 0xdb, 0xe4, 0x18, 0x7f, 0xf0,
    0xd0, 0x21, 0xff, 0xc1, 0x48, 0x3f, 0xf8, 0x30,
    0x20, 0xff, 0xe0, 0xc3, 0xa1, 0x99, 0xc, 0xc0,
    0xbf, 0x48, 0xc1, 0x3c, 0x86, 0x6e, 0x0,

    /* U+0121 "ġ" */
    0xe, 0xf2, 0x1f, 0xfc, 0xb4, 0x3f, 0xf8, 0x16,
    0x87, 0xff, 0x25, 0xfa, 0x7, 0x82, 0xe0, 0x9d,
    0xd, 0x2, 0xf9, 0x83, 0x24, 0x85, 0x6, 0x40,
    0x87, 0x41, 0x62, 0x1e, 0x43, 0xff, 0xbd, 0x88,
    0x79, 0x9, 0x2, 0x1d, 0x6, 0x49, 0xa, 0xe,
    0x81, 0x7c, 0xc1, 0xdc, 0x13, 0xa1, 0xe7, 0xe8,
    0x43, 0xff, 0x81, 0x8, 0x50, 0x74, 0x8, 0x27,
    0xf9, 0x20, 0xd2, 0x19, 0xd0, 0x0,

    /* U+0122 "Ģ" */
    0xe, 0x6f, 0xd2, 0x1e, 0x79, 0xc, 0xdc, 0x13,
    0x2, 0xfd, 0x22, 0x14, 0x3a, 0x19, 0xb4, 0x10,
    0x20, 0xfe, 0x80, 0x90, 0x7f, 0xf0, 0x10, 0x21,
    0xff, 0xc0, 0xc3, 0xff, 0x99, 0x7f, 0x41, 0xff,
    0xcd, 0xbe, 0x41, 0x87, 0xff, 0xd, 0x2, 0x1f,
    0xfc, 0x14, 0x83, 0xff, 0x83, 0x2, 0xf, 0xfe,
    0xc, 0x3a, 0x19, 0x90, 0xcc, 0xb, 0xf4, 0x8c,
    0x13, 0xc8, 0x66, 0xe0, 0xf3, 0x7e, 0x90, 0xff,
    0xe7, 0xfa, 0xf, 0xfe, 0x1c, 0x1f, 0xfc, 0x4,
    0x43, 0xff, 0x87, 0x7, 0x80,

    /* U+0123 "ģ" */
    0xf, 0x3a, 0x1f, 0xe8, 0x43, 0xf9, 0xf, 0xfe,
    0x6, 0x21, 0xfe, 0xb8, 0x3f, 0x3f, 0x40, 0xf0,
    0x5c, 0x13, 0xa1, 0xa0, 0x5f, 0x30, 0x64, 0x90,
    0xa0, 0xc8, 0x10, 0xe8, 0x2c, 0x43, 0xc8, 0x7f,
    0xf7, 0xb1, 0xf, 0x21, 0x20, 0x43, 0xa0, 0xc9,
    0x21, 0x41, 0xd0, 0x2f, 0x98, 0x3b, 0x82, 0x74,
    0x3c, 0xfd, 0x8, 0x7f, 0xf0, 0x21, 0xa, 0xe,
    0x81, 0x4, 0xff, 0x24, 0x1a, 0x43, 0x3a, 0x0,

    /* U+0124 "Ĥ" */
    0xe, 0x7d, 0x7, 0xf3, 0x32, 0x83, 0xf4, 0xca,
    0x83, 0xf7, 0x2, 0xc3, 0xff, 0x8d, 0x70, 0x7e,
    0xb8, 0x3f, 0xff, 0xe1, 0xff, 0x3f, 0xf9, 0xf,
    0xfe, 0x33, 0xff, 0x90, 0xff, 0xff, 0x87, 0xff,
    0x6c,

    /* U+0125 "ĥ" */
    0x3, 0xe8, 0x3f, 0xe9, 0x98, 0x3f, 0xb2, 0x65,
    0x7, 0xef, 0x1, 0xd0, 0xff, 0x79, 0xf, 0xff,
    0xf9, 0x7d, 0x7, 0xf6, 0x84, 0xe1, 0xf4, 0x5e,
    0x81, 0x7, 0xda, 0x6, 0x10, 0xf2, 0x1c, 0x87,
    0xec, 0x3f, 0xff, 0xe1, 0xff, 0xea,

    /* U+0126 "Ħ" */
    0x5, 0xc1, 0xfa, 0xe0, 0xff, 0xed, 0x5a, 0x3f,
    0xf9, 0x1e, 0xf, 0xfe, 0x35, 0xa3, 0xff, 0x91,
    0xe0, 0xff, 0xe5, 0x3f, 0xf9, 0xf, 0xfe, 0x73,
    0xff, 0x90, 0xff, 0xff, 0x87, 0xff, 0xf4,

    /* U+0127 "ħ" */
    0x7, 0x83, 0xfa, 0xc1, 0xf8, 0x3f, 0xf8, 0xd6,
    0xf, 0xc1, 0xff, 0xcc, 0xbe, 0x43, 0xce, 0x85,
    0x40, 0xe9, 0xf9, 0x14, 0x1d, 0x5, 0x3, 0xd,
    0x7, 0x42, 0x19, 0xf, 0xff, 0xf8, 0x7f, 0xf6,
    0x40,

    /* U+0128 "Ĩ" */
    0xf, 0xf5, 0xe9, 0x5a, 0x2a, 0x68, 0x25, 0x1f,
    0x58, 0x10, 0xc8, 0x7f, 0xf0, 0xae, 0xf, 0xff,
    0xf8, 0x7f, 0xff, 0xc3, 0xc0,

    /* U+0129 "ĩ" */
    0x2f, 0x23, 0x81, 0x45, 0x40, 0x4b, 0x51, 0xe,
    0xb, 0xc8, 0x7f, 0xf0, 0x6d, 0xf, 0xff, 0xf8,
    0x7f, 0xf8, 0x40,

    /* U+012A "Ī" */
    0xff, 0x83, 0xfb, 0xfe, 0xf, 0xfe, 0x3d, 0xc1,
    0xff, 0xff, 0xf, 0xff, 0xa0,

    /* U+012B "ī" */
    0x3f, 0xe0, 0xf9, 0x3f, 0xd0, 0x7f, 0xf1, 0xed,
    0xf, 0xff, 0xf8, 0x7f, 0xf4, 0xc0,

    /* U+012C "Ĭ" */
    0x38, 0x2b, 0x4, 0xfc, 0xa0, 0x3c, 0xae, 0xc,
    0xd0, 0x3f, 0xf8, 0x77, 0x7, 0xff, 0xfc, 0x3f,
    0xff, 0xe1, 0xe0,

    /* U+012D "ĭ" */
    0x20, 0xe4, 0xc, 0x17, 0x1, 0x5f, 0x10, 0x28,
    0xb6, 0x84, 0xd4, 0x1f, 0xfc, 0x3b, 0x43, 0xff,
    0xfe, 0x1f, 0xfe, 0x10,

    /* U+012E "Į" */
    0xb8, 0x3f, 0xff, 0xe1, 0xff, 0xc0, 0x8c, 0x10,
    0x81, 0x41, 0x9a, 0x38, 0xa0,

    /* U+012F "į" */
    0x2d, 0xf, 0xfe, 0x1d, 0xa1, 0xfd, 0x68, 0x7f,
    0xff, 0xc3, 0xd8, 0x85, 0x21, 0xd8, 0x75, 0x40,
    0x85, 0x0,

    /* U+0130 "İ" */
    0xbc, 0x16, 0xcc, 0x85, 0x70, 0x7f, 0xf9, 0xc0,

    /* U+0131 "ı" */
    0xb4, 0x3f, 0xfb, 0x60,

    /* U+0132 "Ĳ" */
    0xb8, 0x35, 0xe0, 0xff, 0xff, 0x87, 0xff, 0xfc,
    0x3f, 0xf9, 0x17, 0x7, 0x90, 0xf9, 0xf, 0xd0,
    0x20, 0xde, 0x44, 0x3f, 0x50,

    /* U+0133 "ĳ" */
    0xb4, 0x37, 0x83, 0xff, 0x93, 0x68, 0x6f, 0x7,
    0xfd, 0x68, 0x6f, 0x7, 0xff, 0xfc, 0x3f, 0xfd,
    0x96, 0x87, 0xff, 0x2e, 0xf, 0xad, 0x20, 0xe4,
    0x12, 0x0,

    /* U+0134 "Ĵ" */
    0xd, 0xf0, 0x7b, 0x23, 0xd, 0x1b, 0x90, 0x56,
    0x17, 0x7, 0xff, 0xe, 0xe0, 0xff, 0xff, 0x87,
    0xff, 0xfc, 0x3f, 0xf9, 0xe8, 0x7f, 0xd8, 0x7b,
    0x2, 0x13, 0xe0, 0x41, 0xfa, 0x43, 0x0,

    /* U+0135 "ĵ" */
    0xb, 0xd0, 0x72, 0x4, 0x3a, 0x73, 0xb, 0x22,
    0x10, 0x38, 0x18, 0x28, 0x32, 0x83, 0x5a, 0x1f,
    0xff, 0xf0, 0xff, 0xf2, 0x21, 0xff, 0xc4, 0x40,
    0x84, 0xf0, 0x87, 0xcc, 0x18,

    /* U+0136 "Ķ" */
    0xb8, 0x3e, 0xf8, 0x3f, 0xec, 0x18, 0x7f, 0xb0,
    0x61, 0xfe, 0xc1, 0x87, 0xfb, 0x6, 0x1f, 0xec,
    0x18, 0x7f, 0xb0, 0x61, 0xfc, 0xe0, 0xc3, 0xff,
    0x83, 0x87, 0xff, 0xb, 0xf, 0xf9, 0xc1, 0x87,
    0xff, 0x3, 0x6, 0x1f, 0xfc, 0xc, 0x18, 0x7f,
    0xf0, 0x20, 0x61, 0xff, 0x30, 0x30, 0xff, 0x98,
    0x18, 0x7f, 0xcc, 0xc, 0x3f, 0xe6, 0x4, 0x5c,
    0x1f, 0x3e, 0x83, 0xff, 0x95, 0x78, 0x3f, 0xf8,
    0x9, 0x7, 0xff, 0x9, 0xf, 0xf9, 0x20, 0xf8,

    /* U+0137 "ķ" */
    0xf2, 0x1f, 0xff, 0x5b, 0xc1, 0xfb, 0x4c, 0x3e,
    0xc1, 0x87, 0xd8, 0x30, 0xfb, 0x1c, 0x3d, 0xe1,
    0x83, 0xe4, 0x10, 0x7e, 0x41, 0x7, 0xee, 0x14,
    0x1f, 0x98, 0x90, 0xfc, 0xc4, 0x87, 0xe6, 0x24,
    0x3f, 0x31, 0x21, 0xf9, 0x89, 0xf2, 0x1c, 0xf9,
    0xf, 0xfe, 0x2f, 0x90, 0xff, 0x90, 0xfc, 0x90,
    0x7f, 0x62, 0x1c,

    /* U+0138 "ĸ" */
    0xf2, 0x1d, 0x78, 0x3f, 0x69, 0x87, 0xd8, 0x30,
    0xfb, 0x6, 0x1f, 0x63, 0x87, 0xbc, 0x30, 0x7c,
    0x82, 0xf, 0xc8, 0x10, 0xfd, 0xc4, 0x87, 0xe6,
    0x24, 0x3f, 0x31, 0x21, 0xf9, 0x89, 0xf, 0xcc,
    0x48, 0x7e, 0x62, 0x40,

    /* U+0139 "Ĺ" */
    0x3, 0xc1, 0xfd, 0x30, 0x7e, 0xc8, 0x3f, 0xbc,
    0x1f, 0xfc, 0x9b, 0x83, 0xff, 0xfe, 0x1f, 0xff,
    0xf0, 0xff, 0xee, 0xbf, 0xf9, 0xf, 0xfe, 0x0,

    /* U+013A "ĺ" */
    0x5, 0xa2, 0xe2, 0x60, 0x70, 0x2d, 0xf, 0xff,
    0xf8, 0x7f, 0xf1, 0x40,

    /* U+013B "Ļ" */
    0xb8, 0x3f, 0xff, 0xe1, 0xff, 0xff, 0xf, 0xfe,
    0xeb, 0xff, 0x90, 0xff, 0xe0, 0x5f, 0xfe, 0x43,
    0xff, 0x8b, 0xe4, 0x3f, 0x20, 0x43, 0xf6, 0x41,
    0xfc, 0xb0, 0x70,

    /* U+013C "ļ" */
    0x2d, 0xf, 0xff, 0xf8, 0x7f, 0xf1, 0x6d, 0xf,
    0xaf, 0x1, 0x20, 0xc8, 0x90, 0x0,

    /* U+013D "Ľ" */
    0xb8, 0x2f, 0x7, 0xf2, 0x1f, 0xf6, 0x41, 0xfc,
    0x88, 0x7f, 0x28, 0x3f, 0xd4, 0xf, 0xff, 0xf8,
    0x7f, 0xfa, 0x1f, 0xfc, 0x87, 0xff, 0x0,

    /* U+013E "ľ" */
    0xb4, 0x7c, 0x1b, 0x10, 0xc9, 0x87, 0x90, 0xcc,
    0x1d, 0x21, 0xff, 0xff, 0xf, 0xfe, 0x28,

    /* U+013F "Ŀ" */
    0xb8, 0x3f, 0xff, 0xe7, 0xa0, 0xff, 0xea, 0xfa,
    0xf, 0xff, 0xf8, 0xff, 0xe4, 0x3f, 0xf8, 0x0,

    /* U+0140 "ŀ" */
    0xb4, 0x3f, 0xfb, 0xde, 0x83, 0xff, 0x87, 0xe8,
    0x3f, 0xfc, 0x80,

    /* U+0141 "Ł" */
    0xa, 0xf0, 0x7f, 0xff, 0xc0, 0xe1, 0xff, 0xc0,
    0xe0, 0xff, 0xe0, 0x63, 0x87, 0xff, 0x3, 0x83,
    0xf9, 0x6, 0x1f, 0xce, 0x1f, 0xfc, 0x18, 0x43,
    0xff, 0x81, 0xe0, 0xff, 0xf9, 0xff, 0xe4, 0x3f,
    0xf8, 0x60,

    /* U+0142 "ł" */
    0x5, 0xa1, 0xff, 0xde, 0x43, 0xaa, 0xe, 0x61,
    0x43, 0x14, 0x6, 0xe, 0x43, 0x28, 0x3f, 0xfc,
    0x60,

    /* U+0143 "Ń" */
    0xf, 0x3c, 0x1f, 0xf4, 0x41, 0xfe, 0xcc, 0x3f,
    0xef, 0x7, 0xff, 0x26, 0xf8, 0x3e, 0xb8, 0x32,
    0x1f, 0xfc, 0x18, 0x3f, 0xf8, 0x48, 0x7f, 0x94,
    0x41, 0xff, 0x40, 0x43, 0xfe, 0x48, 0x3f, 0xe8,
    0x8, 0x7f, 0xd1, 0x7, 0xfc, 0x81, 0xf, 0xfa,
    0x20, 0xff, 0x90, 0x21, 0xff, 0x44, 0x1f, 0xf2,
    0x4, 0x3f, 0xe8, 0x90, 0xff, 0x21, 0xff, 0xc2,
    0x83, 0xff, 0x82, 0x86,

    /* U+0144 "ń" */
    0xf, 0x79, 0xf, 0xd1, 0x21, 0xf2, 0xe0, 0xfd,
    0x30, 0x7e, 0x68, 0x1f, 0xca, 0xf, 0xbc, 0x97,
    0xd0, 0x7b, 0x42, 0x70, 0xd1, 0x7a, 0x4, 0x1b,
    0x40, 0xc2, 0x12, 0x1c, 0x87, 0x61, 0xff, 0xff,
    0xf, 0xfe, 0x90,

    /* U+0145 "Ņ" */
    0xbe, 0xf, 0xae, 0xc, 0x87, 0xff, 0x6, 0xf,
    0xfe, 0x12, 0x1f, 0xe5, 0x10, 0x7f, 0xd0, 0x10,
    0xff, 0x92, 0xf, 0xfa, 0x2, 0x1f, 0xf4, 0x41,
    0xff, 0x20, 0x43, 0xfe, 0x88, 0x3f, 0xe4, 0x8,
    0x7f, 0xd1, 0x7, 0xfc, 0x81, 0xf, 0xfa, 0x24,
    0x3f, 0xc8, 0x7f, 0xf0, 0xa0, 0xff, 0xe0, 0xa1,
    0xae, 0xf, 0xbe, 0x83, 0xff, 0x91, 0xe4, 0x3f,
    0xf8, 0x28, 0x7f, 0x92, 0xf, 0xfb, 0x10, 0xf0,

    /* U+0146 "ņ" */
    0xf2, 0x5f, 0x41, 0xed, 0x9, 0xc3, 0x45, 0xe8,
    0x10, 0x6d, 0x3, 0x8, 0x48, 0x72, 0x1d, 0x87,
    0xff, 0xfc, 0x3f, 0xfa, 0x5e, 0x43, 0xde, 0xf,
    0xfe, 0x37, 0x83, 0xf9, 0x10, 0xfe, 0xc8, 0x3f,
    0x94, 0x1e,

    /* U+0147 "Ň" */
    0x9, 0xd0, 0x58, 0x7c, 0xd1, 0x9c, 0x3f, 0x2a,
    0x60, 0xff, 0x5e, 0x43, 0xff, 0x8f, 0x7c, 0x1f,
    0x5c, 0x19, 0xf, 0xfe, 0xc, 0x1f, 0xfc, 0x24,
    0x3f, 0xca, 0x20, 0xff, 0xa0, 0x21, 0xff, 0x24,
    0x1f, 0xf4, 0x4, 0x3f, 0xe8, 0x83, 0xfe, 0x40,
    0x87, 0xfd, 0x10, 0x7f, 0xc8, 0x10, 0xff, 0xa2,
    0xf, 0xf9, 0x2, 0x1f, 0xf4, 0x48, 0x7f, 0x90,
    0xff, 0xe1, 0x41, 0xff, 0xc1, 0x43, 0x0,

    /* U+0148 "ň" */
    0x7, 0x82, 0xb0, 0xec, 0x85, 0x41, 0xe5, 0xa1,
    0xf, 0x44, 0x61, 0xfb, 0x60, 0xff, 0x48, 0x77,
    0x92, 0xfa, 0xf, 0x68, 0x4e, 0x1a, 0x2f, 0x40,
    0x83, 0x68, 0x18, 0x42, 0x43, 0x90, 0xec, 0x3f,
    0xff, 0xe1, 0xff, 0xd2,

    /* U+0149 "ŉ" */
    0x2f, 0x7, 0xff, 0x45, 0x20, 0xff, 0xe1, 0xa1,
    0xff, 0xc0, 0x44, 0xf2, 0x5f, 0x41, 0x98, 0x36,
    0x84, 0xe0, 0x60, 0xd1, 0x7a, 0x4, 0x1f, 0xb4,
    0xc, 0x21, 0xf2, 0x1c, 0x87, 0xf6, 0x1f, 0xff,
    0xf0, 0xff, 0xf9, 0x0,

    /* U+014A "Ŋ" */
    0xb8, 0xf, 0xe4, 0x3e, 0xe0, 0xd4, 0xe, 0x80,
    0xc8, 0x14, 0x12, 0xae, 0x6c, 0x18, 0x65, 0x7,
    0x22, 0x1a, 0xf, 0x61, 0xff, 0xc1, 0x43, 0xff,
    0x88, 0x81, 0xf, 0xff, 0xf8, 0x7f, 0xfc, 0xae,
    0xf, 0xfe, 0x62, 0x1f, 0xe8, 0x3f, 0xeb, 0x44,
    0x3f, 0x90, 0x50,

    /* U+014B "ŋ" */
    0xf2, 0x5f, 0x41, 0xed, 0x9, 0xc3, 0x45, 0xe8,
    0x10, 0x6d, 0x3, 0x8, 0x48, 0x72, 0x1d, 0x87,
    0xff, 0xfc, 0x3f, 0xfa, 0x5e, 0x43, 0xff, 0xa3,
    0x7, 0xdf, 0x92, 0xf, 0xf4, 0x80,

    /* U+014C "Ō" */
    0xe, 0xff, 0x83, 0xff, 0x9f, 0xff, 0x7, 0xff,
    0x81, 0xfe, 0x43, 0xf3, 0xc1, 0xd6, 0x87, 0x30,
    0x2f, 0xa0, 0x48, 0x68, 0x74, 0x27, 0x4, 0x14,
    0x8, 0x3e, 0xc1, 0x1, 0x20, 0xfe, 0x44, 0x40,
    0x87, 0xf6, 0x7, 0xf, 0xfe, 0x2, 0x1f, 0xfc,
    0x7c, 0x3f, 0xfa, 0xbe, 0xf, 0xfe, 0x2, 0x12,
    0x4, 0x3f, 0xb0, 0x22, 0x41, 0xfc, 0x88, 0x20,
    0x41, 0xf6, 0x8, 0x28, 0x74, 0x27, 0x4, 0x19,
    0x81, 0x7d, 0x2, 0x43, 0x9e, 0xe, 0xb4, 0x20,

    /* U+014D "ō" */
    0xb, 0xfe, 0xf, 0xfe, 0x2, 0x1e, 0xff, 0x41,
    0xff, 0xd4, 0x6f, 0xa0, 0xf5, 0x10, 0x9d, 0xa,
    0x4b, 0xe4, 0x82, 0x49, 0xa, 0x4, 0x20, 0x43,
    0xa1, 0x31, 0xf, 0x20, 0x43, 0xff, 0xa0, 0x87,
    0xfb, 0xf, 0xc8, 0x14, 0x8, 0x3a, 0x10, 0x22,
    0x82, 0x81, 0x2, 0x4b, 0xe4, 0x83, 0x51, 0x9,
    0xd0, 0x0,

    /* U+014E "Ŏ" */
    0xe, 0x83, 0xa0, 0xff, 0x38, 0x5a, 0x1f, 0xe8,
    0xf8, 0x83, 0xfc, 0xf3, 0x68, 0x7f, 0xf0, 0x19,
    0xf, 0xfe, 0x8b, 0xfc, 0x87, 0xe7, 0x83, 0xad,
    0xe, 0x60, 0x5f, 0x40, 0x90, 0xd0, 0xe8, 0x4e,
    0x8, 0x28, 0x10, 0x7d, 0x82, 0x2, 0x41, 0xfc,
    0x88, 0x81, 0xf, 0xec, 0xe, 0x1f, 0xfc, 0x4,
    0x3f, 0xf8, 0xf8, 0x7f, 0xf5, 0x7c, 0x1f, 0xfc,
    0x4, 0x24, 0x8, 0x7f, 0x60, 0x44, 0x83, 0xf9,
    0x10, 0x40, 0x83, 0xec, 0x10, 0x50, 0xe8, 0x4e,
    0x8, 0x33, 0x2, 0xfa, 0x4, 0x87, 0x3c, 0x1d,
    0x68, 0x40,

    /* U+014F "ŏ" */
    0xb, 0xd, 0x61, 0xf6, 0x5, 0x83, 0xd1, 0xe8,
    0x83, 0xce, 0xab, 0xf, 0xea, 0x21, 0xff, 0xc9,
    0x6f, 0xa0, 0xf5, 0x10, 0x9d, 0xa, 0x4b, 0xe4,
    0x82, 0x49, 0xa, 0x4, 0x20, 0x43, 0xa1, 0x31,
    0xf, 0x20, 0x43, 0xff, 0xa0, 0x87, 0xfb, 0xf,
    0xc8, 0x14, 0x8, 0x3a, 0x10, 0x22, 0x82, 0x81,
    0x2, 0x4b, 0xe4, 0x83, 0x51, 0x9, 0xd0, 0x0,

    /* U+0150 "Ő" */
    0xf, 0xfe, 0x67, 0x81, 0xe0, 0xff, 0x66, 0x66,
    0x1f, 0xc9, 0x11, 0x7, 0xf9, 0xd2, 0xd0, 0xff,
    0xe7, 0xbf, 0xc8, 0x7e, 0x78, 0x3a, 0xd0, 0xe6,
    0x5, 0xf4, 0x9, 0xd, 0xe, 0x84, 0xe0, 0x82,
    0x81, 0x7, 0xd8, 0x20, 0x24, 0x1f, 0xc8, 0x88,
    0x10, 0xfe, 0xc0, 0xe1, 0xff, 0xc0, 0x43, 0xff,
    0x8f, 0x87, 0xff, 0x57, 0xc1, 0xff, 0xc0, 0x42,
    0x40, 0x87, 0xf6, 0x4, 0x48, 0x3f, 0x91, 0x4,
    0x8, 0x3e, 0xc1, 0x5, 0xe, 0x84, 0xe0, 0x83,
    0x30, 0x2f, 0xa0, 0x48, 0x73, 0xc1, 0xd6, 0x84,

    /* U+0151 "ő" */
    0xf, 0x48, 0x24, 0x3d, 0x20, 0x94, 0x1e, 0x5f,
    0x7, 0xa2, 0x22, 0xf, 0x28, 0x48, 0x3e, 0xe1,
    0xd0, 0xff, 0xe3, 0xb7, 0xd0, 0x7a, 0x88, 0x4e,
    0x85, 0x25, 0xf2, 0x41, 0x24, 0x85, 0x2, 0x10,
    0x21, 0xd0, 0x98, 0x87, 0x90, 0x21, 0xff, 0xd0,
    0x43, 0xfd, 0x87, 0xe4, 0xa, 0x4, 0x1d, 0x8,
    0x11, 0x41, 0x40, 0x81, 0x25, 0xf2, 0x41, 0xa8,
    0x84, 0xe8, 0x0,

    /* U+0152 "Œ" */
    0xf, 0x37, 0xff, 0xf0, 0xc3, 0xae, 0x43, 0xff,
    0x8f, 0xa3, 0x7e, 0x5, 0xff, 0x82, 0xc1, 0x44,
    0x3c, 0x87, 0xfa, 0x6, 0x87, 0xff, 0x1d, 0x10,
    0xff, 0xe4, 0x20, 0x83, 0xff, 0x91, 0x87, 0xff,
    0x7, 0xff, 0x41, 0xff, 0xdb, 0xbf, 0xe8, 0x3f,
    0xf8, 0x68, 0x7f, 0x61, 0xff, 0xcb, 0x41, 0x7,
    0xff, 0x25, 0x10, 0xff, 0xe4, 0xc0, 0xd0, 0xff,
    0xe4, 0x40, 0xa2, 0x1e, 0x43, 0xfe, 0x74, 0x6f,
    0xc0, 0xbf, 0xf0, 0x75, 0xc8, 0x7f, 0xf1, 0x0,

    /* U+0153 "œ" */
    0x9, 0xbe, 0x83, 0x37, 0xd2, 0x1d, 0x44, 0x27,
    0x4a, 0x21, 0x34, 0xa, 0x4b, 0xe4, 0xb4, 0xbe,
    0x85, 0x1, 0x24, 0x28, 0x36, 0x84, 0xc4, 0x20,
    0x43, 0xa0, 0x21, 0xe4, 0x2c, 0x43, 0xc8, 0x1f,
    0xf8, 0x3f, 0xf9, 0xa8, 0x7f, 0xf0, 0x2f, 0xfe,
    0x40, 0x87, 0xf6, 0x1f, 0xec, 0x3f, 0x20, 0x43,
    0xfc, 0x82, 0xe, 0x82, 0x43, 0xfc, 0x8a, 0xa,
    0x2, 0x50, 0x33, 0x60, 0x92, 0xf9, 0x28, 0x8f,
    0xe9, 0xd, 0x44, 0x27, 0x4b, 0x43, 0x36, 0x0,

    /* U+0154 "Ŕ" */
    0xf, 0x78, 0x3f, 0xe8, 0x83, 0xfd, 0x32, 0x1f,
    0xeb, 0x43, 0xff, 0x93, 0x7f, 0xd0, 0x7f, 0xf0,
    0x5d, 0xe, 0x7f, 0x40, 0x83, 0xfc, 0xe0, 0x43,
    0xff, 0x83, 0x87, 0xff, 0x3f, 0xf, 0xe7, 0x2,
    0x19, 0xfd, 0x2, 0xf, 0xfe, 0x6, 0x87, 0x3f,
    0x93, 0xf, 0xfa, 0x48, 0x3f, 0xe8, 0x50, 0x7f,
    0xc9, 0x7, 0xfd, 0x1, 0xf, 0xf9, 0x20, 0xff,
    0xb0, 0xff, 0xe0, 0xa0, 0x80,

    /* U+0155 "ŕ" */
    0xf, 0x79, 0xe, 0x89, 0xc, 0xb8, 0x3a, 0x60,
    0xe6, 0x81, 0xe5, 0x6, 0xf2, 0x5f, 0x6, 0xd0,
    0xf4, 0x5f, 0x6, 0xd0, 0xf2, 0x1f, 0xb0, 0xff,
    0xff, 0x84,

    /* U+0156 "Ŗ" */
    0xbf, 0xe8, 0x3f, 0xf8, 0x2e, 0x87, 0x3f, 0xa0,
    0x41, 0xfe, 0x70, 0x21, 0xff, 0xc1, 0xc3, 0xff,
    0x9f, 0x87, 0xf3, 0x81, 0xc, 0xfe, 0x81, 0x7,
    0xff, 0x3, 0x43, 0x9f, 0xc9, 0x87, 0xfd, 0x24,
    0x1f, 0xf4, 0x28, 0x3f, 0xe4, 0x83, 0xfe, 0x80,
    0x87, 0xfc, 0x90, 0x7f, 0xd8, 0x7f, 0xf0, 0x50,
    0x53, 0x83, 0xf7, 0xa0, 0xff, 0xe4, 0x5c, 0x1f,
    0xf2, 0x41, 0xff, 0xc0, 0x43, 0xfe, 0x48, 0x3c,

    /* U+0157 "ŗ" */
    0x3c, 0x97, 0xc1, 0xb4, 0x3d, 0x17, 0xc1, 0xb4,
    0x3c, 0x87, 0xec, 0x3f, 0xff, 0xe1, 0x79, 0xf,
    0xfe, 0x1d, 0xc1, 0xe4, 0x83, 0xe4, 0x3c, 0x90,
    0x78,

    /* U+0158 "Ř" */
    0x5, 0x85, 0xc1, 0xf4, 0x6e, 0x41, 0xfb, 0x23,
    0xf, 0xf7, 0xc1, 0xff, 0xc9, 0xbf, 0xe8, 0x3f,
    0xf8, 0x2e, 0x87, 0x3f, 0xa0, 0x41, 0xfe, 0x70,
    0x21, 0xff, 0xc1, 0xc3, 0xff, 0x9f, 0x87, 0xf3,
    0x81, 0xc, 0xfe, 0x81, 0x7, 0xff, 0x3, 0x43,
    0x9f, 0xc9, 0x87, 0xfd, 0x24, 0x1f, 0xf4, 0x28,
    0x3f, 0xe4, 0x83, 0xfe, 0x80, 0x87, 0xfc, 0x90,
    0x7f, 0xd8, 0x7f, 0xf0, 0x50, 0x40,

    /* U+0159 "ř" */
    0x38, 0x2e, 0x4, 0xa2, 0x20, 0x24, 0xa8, 0x36,
    0x42, 0x1d, 0x38, 0x79, 0x83, 0x79, 0x2f, 0x83,
    0x68, 0x7a, 0x2f, 0x83, 0x68, 0x79, 0xf, 0xd8,
    0x7f, 0xff, 0xc2,

    /* U+015A "Ś" */
    0xf, 0x98, 0x3f, 0xcc, 0x1f, 0xf4, 0x41, 0xfc,
    0xd8, 0x7f, 0x94, 0x1f, 0xfc, 0xa6, 0xfd, 0x21,
    0xb9, 0xc, 0xd8, 0x30, 0x3f, 0xa4, 0x3a, 0x81,
    0x9b, 0x10, 0x21, 0xff, 0xca, 0x41, 0x7, 0xf9,
    0x1e, 0x43, 0xe9, 0x3, 0x7a, 0x43, 0x5c, 0x84,
    0xd0, 0x39, 0xbd, 0x1, 0x41, 0xf9, 0xc1, 0x87,
    0xf9, 0x10, 0xff, 0xe5, 0xa2, 0xb9, 0xc, 0xe0,
    0x80, 0xdf, 0xa0, 0x43, 0xc8, 0x73, 0xa0,

    /* U+015B "ś" */
    0xf, 0x99, 0xf, 0x99, 0x41, 0xf4, 0x61, 0xf6,
    0x61, 0xf4, 0x41, 0xfa, 0xd0, 0xff, 0xe2, 0xbf,
    0xd0, 0x54, 0xe, 0x61, 0x45, 0xfa, 0xcc, 0x50,
    0x65, 0x7, 0xff, 0x2, 0x19, 0xf, 0xa1, 0xbd,
    0x6, 0x79, 0x3, 0xa1, 0x9b, 0xc9, 0x7, 0xe8,
    0x3f, 0xf8, 0x2d, 0x10, 0xd0, 0x11, 0xbf, 0x24,
    0x51, 0xc, 0xe8,

    /* U+015C "Ŝ" */
    0xe, 0x64, 0x3f, 0xd3, 0x40, 0xfd, 0xbc, 0xa0,
    0xf3, 0x41, 0x83, 0xe5, 0x4, 0xa0, 0xff, 0xe3,
    0xb7, 0xe9, 0xd, 0xc8, 0x66, 0xc1, 0x81, 0xfd,
    0x21, 0xd4, 0xc, 0xd8, 0x81, 0xf, 0xfe, 0x52,
    0x8, 0x3f, 0xc8, 0xf2, 0x1f, 0x48, 0x1b, 0xd2,
    0x1a, 0xe4, 0x26, 0x81, 0xcd, 0xe8, 0xa, 0xf,
    0xce, 0xc, 0x3f, 0xc8, 0x87, 0xff, 0x2d, 0x15,
    0xc8, 0x67, 0x4, 0x6, 0xfd, 0x2, 0x1e, 0x43,
    0x9d, 0x0,

    /* U+015D "ŝ" */
    0xc, 0xc1, 0xfd, 0x38, 0x7d, 0x11, 0x7, 0x2a,
    0x58, 0x3a, 0x51, 0x18, 0x6e, 0xb, 0xc1, 0xff,
    0xc3, 0x7f, 0xa0, 0xa8, 0x1c, 0xc2, 0x8b, 0xf5,
    0x98, 0xa0, 0xca, 0xf, 0xfe, 0x4, 0x32, 0x1f,
    0x43, 0x7a, 0xc, 0xf2, 0x7, 0x43, 0x37, 0x92,
    0xf, 0xd0, 0x7f, 0xf0, 0x5a, 0x21, 0xa0, 0x23,
    0x7e, 0x48, 0xa2, 0x19, 0xd0,

    /* U+015E "Ş" */
    0x9, 0xbf, 0x48, 0x6e, 0x43, 0x36, 0xc, 0xf,
    0xe9, 0xe, 0xa0, 0x66, 0xc4, 0x8, 0x7f, 0xf2,
    0x90, 0x41, 0xfe, 0x47, 0x90, 0xfa, 0x40, 0xde,
    0x90, 0xd7, 0x21, 0x34, 0xe, 0x6f, 0x40, 0x50,
    0x7e, 0x70, 0x61, 0xfe, 0x44, 0x3f, 0xf9, 0x68,
    0xae, 0x43, 0x38, 0x20, 0x37, 0xe8, 0x10, 0xf2,
    0x1c, 0xe8, 0x4d, 0xe8, 0xe0, 0xfe, 0x48, 0x3f,
    0xf8, 0x8, 0x7e, 0xa8, 0x43, 0xf2, 0xe8, 0x30,

    /* U+015F "ş" */
    0x3, 0xfd, 0x5, 0x40, 0xe6, 0x14, 0x5f, 0xac,
    0xc5, 0x6, 0x50, 0x7f, 0xf0, 0x21, 0x90, 0xfa,
    0x1b, 0xd0, 0x67, 0x90, 0x3a, 0x19, 0xbc, 0x90,
    0x7e, 0x83, 0xff, 0x82, 0xd1, 0xd, 0x1, 0x1b,
    0xf2, 0x45, 0x10, 0xce, 0x81, 0xbc, 0x90, 0x7e,
    0xc4, 0x3f, 0x21, 0xf3, 0x4c, 0x3e, 0x58, 0x50,
    0x40,

    /* U+0160 "Š" */
    0x9, 0x41, 0x28, 0x3c, 0xd0, 0x60, 0xfd, 0x3c,
    0xa0, 0xf9, 0x9a, 0x7, 0xf3, 0x21, 0xff, 0xc9,
    0x6f, 0xd2, 0x1b, 0x90, 0xcd, 0x83, 0x3, 0xfa,
    0x43, 0xa8, 0x19, 0xb1, 0x2, 0x1f, 0xfc, 0xa4,
    0x10, 0x7f, 0x91, 0xe4, 0x3e, 0x90, 0x37, 0xa4,
    0x35, 0xc8, 0x4d, 0x3, 0x9b, 0xd0, 0x14, 0x1f,
    0x9c, 0x18, 0x7f, 0x91, 0xf, 0xfe, 0x5a, 0x2b,
    0x90, 0xce, 0x8, 0xd, 0xfa, 0x4, 0x3c, 0x87,
    0x3a, 0x0,

    /* U+0161 "š" */
    0x2, 0x82, 0x50, 0x6e, 0xa, 0xc3, 0x46, 0x64,
    0x1d, 0x19, 0x7, 0x94, 0x28, 0x3e, 0xb8, 0x3f,
    0xf8, 0xaf, 0xf4, 0x15, 0x3, 0x98, 0x51, 0x7e,
    0xb3, 0x14, 0x19, 0x41, 0xff, 0xc0, 0x86, 0x43,
    0xe8, 0x6f, 0x41, 0x9e, 0x40, 0xe8, 0x66, 0xf2,
    0x41, 0xfa, 0xf, 0xfe, 0xb, 0x44, 0x34, 0x4,
    0x6f, 0xc9, 0x14, 0x43, 0x3a, 0x0,

    /* U+0162 "Ţ" */
    0x3f, 0xff, 0x85, 0x7, 0xff, 0x17, 0xfc, 0x7,
    0xfa, 0xf, 0xff, 0xf8, 0x7f, 0xff, 0xc3, 0xff,
    0xfe, 0x1f, 0xfc, 0xac, 0xc3, 0xff, 0x84, 0xc1,
    0xff, 0xcf, 0xa9, 0xf, 0xfe, 0xa, 0x88, 0x3c,

    /* U+0163 "ţ" */
    0x3, 0x7, 0xd2, 0x83, 0xff, 0x94, 0xe0, 0xbf,
    0x7, 0xe5, 0x60, 0xbe, 0x83, 0xff, 0xea, 0x87,
    0xfa, 0xf, 0x40, 0xfa, 0xa, 0x42, 0x42, 0x68,
    0x78, 0x39, 0x20, 0xfc, 0x86, 0xa8, 0x43, 0x2c,
    0x40,

    /* U+0164 "Ť" */
    0xe, 0xf0, 0x5c, 0x1f, 0xd9, 0xbb, 0x7, 0xfb,
    0x22, 0xf, 0xfe, 0x7, 0xc1, 0xff, 0xcb, 0xff,
    0xfe, 0x14, 0x1f, 0xfc, 0x5f, 0xf0, 0x1f, 0xe8,
    0x3f, 0xff, 0xe1, 0xff, 0xff, 0xf, 0xff, 0xf8,
    0x7f, 0xf0, 0xc0,

    /* U+0165 "ť" */
    0xf, 0xa8, 0x1e, 0x90, 0xfe, 0xc1, 0x68, 0x88,
    0x10, 0xff, 0xe0, 0x78, 0x3f, 0xce, 0xb, 0xf0,
    0x7e, 0x56, 0xb, 0xe8, 0x3f, 0xfe, 0xa8, 0x7f,
    0xa0, 0xf4, 0xf, 0xa0, 0xa4, 0x24,

    /* U+0166 "Ŧ" */
    0x3f, 0xff, 0x85, 0x7, 0xff, 0x17, 0xfc, 0x7,
    0xfa, 0xf, 0xff, 0xf8, 0x7f, 0xf3, 0x7e, 0x3,
    0xe8, 0x3f, 0xf9, 0x7f, 0x1, 0xf4, 0x1f, 0xff,
    0xf0, 0xff, 0xe6, 0x0,

    /* U+0167 "ŧ" */
    0x3, 0x7, 0xd2, 0x83, 0xff, 0x94, 0xe0, 0xbf,
    0x7, 0xe5, 0x60, 0xbe, 0x83, 0xff, 0x8c, 0xe0,
    0xbf, 0x8, 0x4b, 0xd0, 0x2b, 0x83, 0xff, 0x90,
    0x87, 0xfa, 0xf, 0x40, 0xfa, 0xa, 0x42, 0x40,

    /* U+0168 "Ũ" */
    0xf, 0xfe, 0x2b, 0xf2, 0x70, 0x7a, 0x22, 0xc8,
    0x3d, 0x6f, 0xac, 0x3e, 0x43, 0x21, 0xff, 0xc7,
    0xf2, 0x1f, 0xbc, 0x87, 0xff, 0xfc, 0x3f, 0xfe,
    0xf8, 0x7f, 0xf3, 0x51, 0xf, 0x90, 0x38, 0x10,
    0xf4, 0x12, 0x9, 0x9, 0x81, 0x3, 0x5, 0xf4,
    0x92, 0x17, 0x21, 0x9d, 0x0,

    /* U+0169 "ũ" */
    0x3, 0xe8, 0x74, 0x34, 0x2b, 0x84, 0x33, 0xdd,
    0x30, 0xe8, 0x25, 0x7, 0xff, 0x13, 0xc1, 0xf7,
    0x83, 0xff, 0xfe, 0x1f, 0xfc, 0xc4, 0x39, 0x9,
    0x30, 0xe8, 0x2c, 0x50, 0x58, 0x65, 0x17, 0xc4,
    0x1a, 0x42, 0x74, 0x20,

    /* U+016A "Ū" */
    0xa, 0xff, 0x7, 0xff, 0x9, 0xf, 0x5f, 0xe4,
    0x3f, 0xfa, 0x7e, 0x43, 0xf7, 0x90, 0xff, 0xff,
    0x87, 0xff, 0xdf, 0xf, 0xfe, 0x6a, 0x21, 0xf2,
    0x7, 0x2, 0x1e, 0x82, 0x41, 0x21, 0x30, 0x20,
    0x60, 0xbe, 0x92, 0x42, 0xe4, 0x33, 0xa0,

    /* U+016B "ū" */
    0x7, 0xfc, 0x1f, 0xfc, 0x5f, 0xf8, 0x3f, 0xf9,
    0xfe, 0xf, 0xbc, 0x1f, 0xff, 0xf0, 0xff, 0xe6,
    0x21, 0xc8, 0x49, 0x87, 0x41, 0x62, 0x82, 0xc3,
    0x28, 0xbe, 0x20, 0xd2, 0x13, 0xa1, 0x0,

    /* U+016C "Ŭ" */
    0x9, 0x41, 0x90, 0xfb, 0x90, 0x50, 0x3e, 0x8b,
    0xca, 0xf, 0xdc, 0xaa, 0x7, 0xf3, 0x44, 0x3f,
    0xf8, 0xfe, 0x43, 0xf7, 0x90, 0xff, 0xff, 0x87,
    0xff, 0xdf, 0xf, 0xfe, 0x6a, 0x21, 0xf2, 0x7,
    0x2, 0x1e, 0x82, 0x41, 0x21, 0x30, 0x20, 0x60,
    0xbe, 0x92, 0x42, 0xe4, 0x33, 0xa0,

    /* U+016D "ŭ" */
    0x6, 0x84, 0xe1, 0xe8, 0x28, 0x3d, 0x9f, 0x10,
    0x7b, 0x5b, 0x43, 0xea, 0x83, 0xff, 0x8b, 0xe0,
    0xfb, 0xc1, 0xff, 0xff, 0xf, 0xfe, 0x62, 0x1c,
    0x84, 0x98, 0x74, 0x16, 0x28, 0x2c, 0x32, 0x8b,
    0xe2, 0xd, 0x21, 0x3a, 0x10,

    /* U+016E "Ů" */
    0xf, 0x28, 0x3f, 0xcf, 0x4c, 0x3f, 0xa7, 0xc4,
    0x1f, 0x24, 0x5, 0x7, 0xff, 0x25, 0x20, 0x28,
    0x37, 0x91, 0x5e, 0x23, 0xc8, 0x6a, 0x2b, 0xf,
    0xf3, 0x40, 0xff, 0xff, 0x87, 0xff, 0x87, 0xf,
    0xfe, 0x6a, 0x21, 0xf2, 0x7, 0x2, 0x1e, 0x82,
    0x41, 0x21, 0x30, 0x20, 0x60, 0xbe, 0x92, 0x42,
    0xe4, 0x33, 0xa0,

    /* U+016F "ů" */
    0xc, 0xb0, 0x7e, 0xeb, 0x7, 0x92, 0xe5, 0x7,
    0x6a, 0x13, 0xf, 0x21, 0xfe, 0x8e, 0xc8, 0x3d,
    0x9, 0x87, 0xcf, 0xc1, 0xde, 0xf, 0xbc, 0x1f,
    0xff, 0xf0, 0xff, 0xe6, 0x21, 0xc8, 0x49, 0x87,
    0x41, 0x62, 0x82, 0xc3, 0x28, 0xbe, 0x20, 0xd2,
    0x13, 0xa1, 0x0,

    /* U+0170 "Ű" */
    0xf, 0xfe, 0x3d, 0xa7, 0x90, 0xf2, 0xe8, 0x90,
    0xf4, 0xc2, 0xc1, 0xf7, 0x3, 0x83, 0xff, 0x8d,
    0xe4, 0x3f, 0x79, 0xf, 0xff, 0xf8, 0x7f, 0xfd,
    0xf0, 0xff, 0xe6, 0xa2, 0x1f, 0x20, 0x70, 0x21,
    0xe8, 0x24, 0x12, 0x13, 0x2, 0x6, 0xb, 0xe9,
    0x24, 0x2e, 0x43, 0x3a, 0x0,

    /* U+0171 "ű" */
    0xe, 0xa0, 0x28, 0x1c, 0xac, 0x9c, 0x3a, 0x11,
    0x10, 0xc9, 0x11, 0x87, 0x42, 0x28, 0x3d, 0xe0,
    0x70, 0x7f, 0xf0, 0xfc, 0x1f, 0x78, 0x3f, 0xff,
    0xe1, 0xff, 0xcc, 0x43, 0x90, 0x93, 0xe, 0x82,
    0xc5, 0x5, 0x86, 0x51, 0x7c, 0x41, 0xa4, 0x27,
    0x42,

    /* U+0172 "Ų" */
    0xf2, 0x1f, 0xbc, 0x87, 0xff, 0xfc, 0x3f, 0xfe,
    0xf8, 0x7f, 0xf3, 0x51, 0xf, 0x90, 0x38, 0x10,
    0xf4, 0x12, 0x9, 0x9, 0x81, 0x3, 0x5, 0xf4,
    0x92, 0x17, 0x21, 0x9d, 0xe, 0x68, 0x7a, 0xf,
    0xe9, 0xf, 0xfe, 0x7b, 0x40, 0xff, 0x42, 0x83,
    0x80,

    /* U+0173 "ų" */
    0xf0, 0x7d, 0xe0, 0xff, 0xff, 0x87, 0xff, 0x55,
    0xe, 0x43, 0x26, 0x1d, 0x6, 0xc5, 0x5, 0x87,
    0x28, 0xbe, 0x20, 0xe9, 0x9, 0xd0, 0xf5, 0xf4,
    0x12, 0x1f, 0xe4, 0x83, 0xfd, 0x87, 0xff, 0xa,
    0xa0, 0xfd, 0x2c, 0x0,

    /* U+0174 "Ŵ" */
    0xf, 0xfa, 0x43, 0xff, 0x91, 0xb4, 0xf, 0xfe,
    0x34, 0x72, 0x83, 0xff, 0x88, 0xa8, 0x54, 0x1f,
    0xfc, 0x47, 0x41, 0x61, 0xff, 0xd4, 0xf2, 0x1e,
    0xbc, 0x87, 0xaf, 0x5, 0x87, 0x90, 0x61, 0xe4,
    0x44, 0x43, 0xf9, 0xf, 0xd9, 0x87, 0xc8, 0x87,
    0xc8, 0x11, 0x2, 0x1b, 0x34, 0x43, 0x61, 0xf6,
    0x19, 0x1c, 0xc3, 0x22, 0x12, 0x21, 0xf2, 0x21,
    0xec, 0x2c, 0x39, 0x10, 0xf9, 0x2, 0x12, 0x1d,
    0x98, 0x11, 0x6, 0x1f, 0xc8, 0x11, 0x6, 0x1e,
    0x43, 0x93, 0xf, 0x93, 0x2, 0x61, 0xd8, 0x84,
    0x87, 0x21, 0x90, 0xe4, 0x24, 0xc3, 0x20, 0x43,
    0xfe, 0x71, 0xd, 0x8e, 0x21, 0xf2, 0x68, 0x7e,
    0xd3, 0xf, 0xb1, 0xf, 0x91, 0x2, 0x1f, 0x21,
    0x21, 0xff, 0xca, 0xc3, 0xc8, 0x10, 0xc0,

    /* U+0175 "ŵ" */
    0xf, 0x9f, 0x7, 0xff, 0xe, 0x4, 0x1f, 0xfc,
    0x18, 0xd6, 0xf, 0xf9, 0x51, 0x10, 0x7f, 0xf0,
    0x24, 0x1a, 0x1f, 0xf2, 0x83, 0x41, 0xef, 0x21,
    0xaf, 0x7, 0x5c, 0x98, 0x64, 0x8, 0x64, 0xf0,
    0x87, 0xd8, 0x79, 0x41, 0xc8, 0x88, 0x48, 0x79,
    0x6, 0x68, 0x6c, 0x40, 0x98, 0x11, 0xc4, 0x9,
    0x83, 0x10, 0xe4, 0xc3, 0x20, 0x42, 0x44, 0x24,
    0x43, 0xf3, 0x98, 0x10, 0x62, 0x19, 0x34, 0x41,
    0x8a, 0x30, 0xd8, 0x87, 0x24, 0x4, 0x32, 0x12,
    0x1f, 0xfc, 0x5c, 0x32, 0x4, 0x3c, 0x81, 0xd,
    0x83, 0x8,

    /* U+0176 "Ŷ" */
    0xf, 0x99, 0xf, 0xfe, 0x3, 0x30, 0x7f, 0xf0,
    0x27, 0x30, 0xff, 0x64, 0x64, 0x1f, 0xde, 0xb,
    0x83, 0xff, 0x93, 0x78, 0x3f, 0xbc, 0x90, 0x10,
    0xfb, 0x14, 0x8, 0x83, 0xc8, 0x20, 0x94, 0x61,
    0xd1, 0x7, 0x40, 0x42, 0xc5, 0x7, 0xa2, 0x2,
    0x8, 0x3e, 0x41, 0x11, 0x7, 0xf6, 0x38, 0x10,
    0xff, 0x41, 0x61, 0xff, 0x20, 0x43, 0xff, 0xfe,
    0x1f, 0xfe, 0xf0,

    /* U+0177 "ŷ" */
    0xf, 0x28, 0x3f, 0xe6, 0xa0, 0xff, 0x42, 0x83,
    0xf9, 0x28, 0x41, 0xfa, 0x51, 0x28, 0x3e, 0x60,
    0x30, 0x7e, 0x83, 0x28, 0x37, 0x83, 0xf7, 0x91,
    0x20, 0xf2, 0x4, 0xc4, 0x3d, 0x88, 0x10, 0x21,
    0xc9, 0x4, 0x98, 0x68, 0x3d, 0x8, 0x64, 0x83,
    0x91, 0x2, 0x4, 0x3b, 0x20, 0x62, 0x1e, 0x43,
    0x24, 0x1f, 0x24, 0x87, 0xfa, 0x18, 0x83, 0xff,
    0x82, 0x87, 0xf4, 0x4, 0x3f, 0xc8, 0x30, 0xff,
    0x20, 0x43, 0xfd, 0x88, 0x7f, 0x94, 0x41, 0xfb,
    0xd0, 0x87, 0xff, 0x2, 0x81, 0xf0,

    /* U+0178 "Ÿ" */
    0xe, 0xf2, 0x5e, 0xf, 0xfe, 0x6d, 0x13, 0xa0,
    0x7f, 0x28, 0xb, 0x7, 0xff, 0x26, 0xf0, 0x7f,
    0x79, 0x20, 0x21, 0xf6, 0x28, 0x11, 0x7, 0x90,
    0x41, 0x28, 0xc3, 0xa2, 0xe, 0x80, 0x85, 0x8a,
    0xf, 0x44, 0x4, 0x10, 0x7c, 0x82, 0x22, 0xf,
    0xec, 0x70, 0x21, 0xfe, 0x82, 0xc3, 0xfe, 0x40,
    0x87, 0xff, 0xfc, 0x3f, 0xfd, 0xe0,

    /* U+0179 "Ź" */
    0xf, 0xbc, 0x1f, 0xfc, 0x8, 0x83, 0xfe, 0x99,
    0xf, 0xfa, 0xd0, 0xff, 0xe5, 0x5f, 0xff, 0xc1,
    0xf, 0xfe, 0x25, 0xff, 0xd0, 0x10, 0xff, 0xa0,
    0x41, 0xfe, 0xc1, 0x87, 0xfa, 0x4, 0x1f, 0xe5,
    0x12, 0x1f, 0xe8, 0x50, 0x7f, 0xb0, 0x41, 0xfe,
    0x81, 0x87, 0xf9, 0x44, 0x1f, 0xe6, 0x14, 0x1f,
    0xe8, 0x60, 0xff, 0x60, 0x83, 0xfd, 0x3, 0xf,
    0xf2, 0x88, 0x3f, 0xe8, 0x17, 0xff, 0x90, 0xff,
    0xe1, 0x80,

    /* U+017A "ź" */
    0xf, 0xbc, 0x87, 0xd1, 0x21, 0xe5, 0xc1, 0xf4,
    0xc1, 0xf3, 0x40, 0xfc, 0xa0, 0xeb, 0xff, 0xa0,
    0xff, 0xaf, 0xf4, 0x8, 0x3e, 0x88, 0x3e, 0xc5,
    0x7, 0xb0, 0x41, 0xe8, 0x18, 0x79, 0x46, 0x1f,
    0x44, 0x1f, 0x62, 0x83, 0xd8, 0x20, 0xf4, 0xc,
    0x3e, 0x41, 0xff, 0x21, 0xfe, 0xc0,

    /* U+017B "Ż" */
    0xf, 0x79, 0xf, 0xfe, 0x7c, 0xa0, 0xff, 0xe0,
    0x30, 0x7f, 0xf2, 0xaf, 0xff, 0xe0, 0x87, 0xff,
    0x12, 0xff, 0xe8, 0x8, 0x7f, 0xd0, 0x20, 0xff,
    0x60, 0xc3, 0xfd, 0x2, 0xf, 0xf2, 0x89, 0xf,
    0xf4, 0x28, 0x3f, 0xd8, 0x20, 0xff, 0x40, 0xc3,
    0xfc, 0xa2, 0xf, 0xf3, 0xa, 0xf, 0xf4, 0x30,
    0x7f, 0xb0, 0x41, 0xfe, 0x81, 0x87, 0xf9, 0x44,
    0x1f, 0xf4, 0xb, 0xff, 0xc8, 0x7f, 0xf0, 0xc0,

    /* U+017C "ż" */
    0xd, 0xe4, 0x3f, 0xf8, 0xe8, 0x7f, 0xad, 0xf,
    0xfe, 0x1d, 0xff, 0xd0, 0x7f, 0xd7, 0xfa, 0x4,
    0x1f, 0x44, 0x1f, 0x62, 0x83, 0xd8, 0x20, 0xf4,
    0xc, 0x3c, 0xa3, 0xf, 0xa2, 0xf, 0xb1, 0x41,
    0xec, 0x10, 0x7a, 0x6, 0x1f, 0x20, 0xff, 0x90,
    0xff, 0x60,

    /* U+017D "Ž" */
    0xd, 0xc0, 0x74, 0x3f, 0x6c, 0xca, 0xf, 0xe9,
    0x98, 0x3f, 0xcf, 0xa0, 0xff, 0xe4, 0xdf, 0xff,
    0xc1, 0xf, 0xfe, 0x25, 0xff, 0xd0, 0x10, 0xff,
    0xa0, 0x41, 0xfe, 0xc1, 0x87, 0xfa, 0x4, 0x1f,
    0xe5, 0x12, 0x1f, 0xe8, 0x50, 0x7f, 0xb0, 0x41,
    0xfe, 0x81, 0x87, 0xf9, 0x44, 0x1f, 0xe6, 0x14,
    0x1f, 0xe8, 0x60, 0xff, 0x60, 0x83, 0xfd, 0x3,
    0xf, 0xf2, 0x88, 0x3f, 0xe8, 0x17, 0xff, 0x90,
    0xff, 0xe1, 0x80,

    /* U+017E "ž" */
    0x7, 0x5, 0xc1, 0xa5, 0x11, 0x6, 0x49, 0x50,
    0x7b, 0x21, 0xf, 0xa7, 0xf, 0xcc, 0x1d, 0x7f,
    0xf4, 0x1f, 0xf5, 0xfe, 0x81, 0x7, 0xd1, 0x7,
    0xd8, 0xa0, 0xf6, 0x8, 0x3d, 0x3, 0xf, 0x28,
    0xc3, 0xe8, 0x83, 0xec, 0x50, 0x7b, 0x4, 0x1e,
    0x81, 0x87, 0xc8, 0x3f, 0xe4, 0x3f, 0xd8,

    /* U+017F "ſ" */
    0xd, 0x7e, 0xa, 0x43, 0xe4, 0xbe, 0x2, 0x4,
    0x3f, 0xf8, 0xf, 0x7, 0xff, 0xd, 0xe0, 0xff,
    0xff, 0x87, 0xff, 0x48,

    /* U+F001 "" */
    0xf, 0xff, 0x3, 0x70, 0x7f, 0xf1, 0x1b, 0xd2,
    0x21, 0xff, 0xc1, 0x6e, 0x43, 0xff, 0x89, 0x7a,
    0x43, 0xff, 0x89, 0x79, 0xf, 0xfe, 0x3e, 0x87,
    0xff, 0x61, 0xf, 0xfe, 0x43, 0x70, 0x7f, 0xf1,
    0x1b, 0xd2, 0x1f, 0xfc, 0x36, 0xe4, 0x3f, 0xf8,
    0xdc, 0x87, 0xff, 0xfc, 0x3f, 0xfc, 0xd7, 0xc1,
    0xff, 0xc6, 0x74, 0x3f, 0xf9, 0x30, 0x7f, 0xaf,
    0x83, 0xff, 0x8c, 0xe8, 0x7f, 0xf0, 0x20, 0xfa,
    0x81, 0xff, 0xc2, 0x74, 0x27, 0x43, 0xff, 0x8b,
    0x7d, 0x2, 0xf, 0xa0, 0xff, 0xe1, 0xba, 0x13,
    0xa1, 0xff, 0xc3,

    /* U+F008 "" */
    0x90, 0x5f, 0xff, 0xc2, 0x40, 0xcd, 0x48, 0x7f,
    0xf0, 0xba, 0x90, 0x28, 0xd, 0x7f, 0x80, 0xb0,
    0x4f, 0x82, 0x5f, 0xf0, 0x2f, 0x21, 0xc8, 0x7f,
    0xf2, 0xd0, 0xff, 0xe4, 0x3e, 0xf, 0xfe, 0x1d,
    0xe4, 0x25, 0x7, 0xff, 0xd, 0x60, 0x9a, 0x23,
    0xff, 0xe0, 0x74, 0x43, 0xff, 0x9c, 0xd1, 0x1f,
    0xff, 0x3, 0xa2, 0x12, 0x83, 0xff, 0x86, 0xb0,
    0x4f, 0x83, 0xff, 0x87, 0x79, 0xe, 0x43, 0xff,
    0x96, 0x87, 0xff, 0x21, 0xf0, 0x4b, 0xfe, 0x5,
    0xe4, 0x25, 0x1, 0xaf, 0xf0, 0x16, 0x3, 0x52,
    0x1f, 0xfc, 0x2e, 0xa4,

    /* U+F00B "" */
    0x17, 0x83, 0x2f, 0xff, 0x4, 0xeb, 0xb1, 0xeb,
    0xff, 0x83, 0x87, 0xec, 0x3f, 0xff, 0xe1, 0xff,
    0xc0, 0x97, 0xa2, 0x5f, 0xfe, 0x14, 0xd7, 0x20,
    0xaf, 0xfe, 0x13, 0x7f, 0x43, 0xff, 0xfc, 0x29,
    0xe, 0x4c, 0x3f, 0xf8, 0x48, 0x7f, 0xff, 0x10,
    0xe4, 0xc3, 0xff, 0x84, 0xdf, 0xd0, 0xff, 0xff,
    0xa, 0x17, 0x83, 0x2f, 0xff, 0x4, 0xeb, 0xb1,
    0xeb, 0xff, 0x83, 0x87, 0xec, 0x3f, 0xff, 0xe1,
    0xff, 0xc0, 0x97, 0xa2, 0x5f, 0xfe, 0x14,

    /* U+F00C "" */
    0xf, 0xfe, 0x45, 0x87, 0xff, 0x27, 0x4c, 0x3f,
    0xf8, 0xf8, 0x6c, 0x3f, 0xf8, 0xb8, 0x7f, 0xf2,
    0xb0, 0xf6, 0x1f, 0xfc, 0x3c, 0x3d, 0x85, 0xc1,
    0xfe, 0xc3, 0xd8, 0x58, 0xe1, 0xfb, 0xf, 0x61,
    0x61, 0xb0, 0xf6, 0x1e, 0xc3, 0xfd, 0x86, 0xc3,
    0xd8, 0x76, 0x1e, 0xc1, 0x87, 0xb0, 0xfb, 0xf,
    0x78, 0x3d, 0x87, 0xf6, 0x1f, 0xfc, 0xc, 0x3f,
    0xec, 0x3f, 0xd8, 0x7f, 0xf0, 0x70, 0xfd, 0x87,
    0xff, 0xf, 0xf, 0x61, 0xff, 0xc5, 0xc3, 0x61,
    0xff, 0xc7, 0xc1, 0x87, 0xff, 0x4,

    /* U+F00D "" */
    0x2, 0x1f, 0xfc, 0x3e, 0xc3, 0xf3, 0xe4, 0xc2,
    0xc3, 0xcc, 0x9, 0xe, 0xc3, 0x30, 0x74, 0x1d,
    0x81, 0x83, 0x2d, 0x7, 0x74, 0xc, 0xc0, 0x60,
    0xe4, 0x33, 0x6, 0x60, 0xfc, 0xc1, 0xe6, 0xf,
    0xa0, 0xff, 0xe6, 0x30, 0x7d, 0x87, 0x98, 0x3f,
    0xb0, 0xcc, 0x19, 0x83, 0xb0, 0x30, 0x66, 0x60,
    0xec, 0x83, 0x30, 0x18, 0x39, 0x41, 0x30, 0x66,
    0xc, 0xc8, 0xc1, 0xe6, 0x4, 0xb, 0x83, 0xf3,
    0xe4,

    /* U+F011 "" */
    0xf, 0xf5, 0xe8, 0x3f, 0xf9, 0x8, 0x10, 0xff,
    0xe1, 0xc8, 0x7f, 0x94, 0x1f, 0xdb, 0x7, 0xf3,
    0x50, 0x7d, 0x85, 0x7, 0xe8, 0xc, 0x1d, 0x6,
    0xc3, 0xf4, 0x12, 0x83, 0x21, 0x48, 0x7e, 0x50,
    0x50, 0x50, 0x4a, 0xf, 0xf4, 0x85, 0x1, 0xa,
    0xf, 0xfe, 0x4, 0x12, 0x21, 0x21, 0xff, 0xc2,
    0x43, 0x61, 0x61, 0xff, 0xc2, 0xc2, 0x43, 0x21,
    0xff, 0xc6, 0xc3, 0xff, 0x97, 0x86, 0x43, 0xba,
    0x61, 0xfe, 0xc2, 0xc3, 0xca, 0xf, 0x61, 0x90,
    0x90, 0xff, 0xe1, 0x21, 0x22, 0x14, 0x1f, 0xfc,
    0x8, 0x24, 0x10, 0x4a, 0xf, 0xf2, 0x82, 0x82,
    0x42, 0xa0, 0x7e, 0xa0, 0x48, 0x68, 0x33, 0xc8,
    0x1b, 0x42, 0x60, 0xec, 0x39, 0xbd, 0x21, 0x98,
    0x3e, 0xd0, 0xff, 0xe0, 0x30, 0x7f, 0x5a, 0x1f,
    0x9e, 0xf, 0xfe, 0x5, 0xcb, 0x53, 0x83, 0xe0,

    /* U+F013 "" */
    0xf, 0xe6, 0xb2, 0x1f, 0xfc, 0x69, 0x74, 0x1f,
    0xfd, 0xd4, 0x3c, 0x87, 0xfd, 0xe0, 0x70, 0x7a,
    0xc1, 0xe0, 0xe8, 0x1e, 0xf, 0xf7, 0x81, 0x6,
    0x43, 0xff, 0x8c, 0x85, 0x7, 0xff, 0x22, 0x2,
    0x1f, 0x9a, 0x21, 0xf9, 0x4, 0x1f, 0x51, 0x54,
    0xf, 0xa0, 0x38, 0x72, 0x83, 0x28, 0x3b, 0x43,
    0xfb, 0xf, 0x61, 0xff, 0xdc, 0xc3, 0xd8, 0x7f,
    0x38, 0x72, 0x83, 0x28, 0x3b, 0x41, 0x7, 0xd4,
    0x55, 0x3, 0xe8, 0x8, 0x7e, 0x68, 0x87, 0xe4,
    0x10, 0x7f, 0xf2, 0x20, 0x90, 0xff, 0xe3, 0x21,
    0xa0, 0x78, 0x3f, 0xde, 0x4, 0x1d, 0xe0, 0x70,
    0x7a, 0xc1, 0xe0, 0xff, 0x90, 0xf2, 0x1f, 0xfd,
    0xd9, 0x74, 0x1f, 0xc0,

    /* U+F015 "" */
    0xf, 0xfe, 0x42, 0x83, 0xff, 0x88, 0xfc, 0x85,
    0xd3, 0xf, 0xfe, 0x13, 0x5, 0x21, 0xff, 0xc7,
    0xa0, 0x75, 0x3, 0xff, 0x8b, 0xa0, 0x74, 0xe,
    0x1f, 0xfc, 0x3c, 0x26, 0x24, 0x3f, 0xf8, 0x8e,
    0x15, 0x1d, 0xa0, 0x7f, 0xf0, 0xa8, 0x16, 0xd0,
    0xa3, 0x87, 0xff, 0x2, 0x42, 0xc9, 0x9, 0x8c,
    0x34, 0x1d, 0xa0, 0x73, 0x43, 0x9c, 0xd0, 0x38,
    0x1c, 0x26, 0x30, 0xfe, 0xc9, 0xb, 0x60, 0xa8,
    0xe1, 0xff, 0x6d, 0x2, 0xa0, 0x36, 0x81, 0xff,
    0xc1, 0xa3, 0x82, 0x6c, 0x50, 0x7f, 0xf0, 0xd4,
    0x72, 0x20, 0xc3, 0xff, 0x8b, 0x81, 0xf, 0xfe,
    0xa, 0xc1, 0xff, 0xcb, 0xae, 0xf, 0xff, 0xf8,
    0x7f, 0xf2, 0x70, 0xf2, 0x12, 0x1e, 0xc3, 0xf2,
    0xfc, 0x1c, 0xbf, 0x6,

    /* U+F019 "" */
    0xf, 0xeb, 0xf4, 0x1f, 0xfc, 0x64, 0x32, 0x1f,
    0xff, 0xf0, 0xff, 0xff, 0x87, 0xff, 0x4e, 0xfc,
    0x1e, 0xfd, 0x7, 0xe4, 0x3f, 0xf8, 0x48, 0x7e,
    0xc3, 0xff, 0x85, 0x87, 0xf6, 0x1f, 0xfc, 0xc,
    0x3f, 0xec, 0x3f, 0xd8, 0x7f, 0xf0, 0x70, 0xfd,
    0x87, 0xff, 0xf, 0xf, 0x61, 0xfc, 0xbf, 0x18,
    0x6c, 0x5f, 0x8e, 0xbe, 0xcc, 0x19, 0xd7, 0xd8,
    0x7f, 0x67, 0x8c, 0x3f, 0xf8, 0xfd, 0x30, 0xff,
    0xe4, 0xa8, 0x3f, 0xf9, 0xf6, 0x58, 0x7f, 0xf1,
    0xf4, 0xd0, 0x90, 0xff, 0xe1, 0xb0, 0xc0, 0x40,

    /* U+F01C "" */
    0xf, 0x7f, 0xff, 0xc, 0x3f, 0xec, 0x3f, 0xf8,
    0x78, 0x7f, 0x41, 0xff, 0xc5, 0x83, 0xe5, 0x2,
    0xff, 0xfa, 0x2, 0x83, 0xd0, 0x14, 0x1f, 0xf2,
    0x81, 0x7, 0x41, 0x41, 0xff, 0xc1, 0x82, 0x82,
    0x50, 0x20, 0xff, 0xe1, 0xc0, 0x50, 0x20, 0x28,
    0x3f, 0xf8, 0x6a, 0x4, 0x41, 0x41, 0xff, 0xc5,
    0x82, 0x90, 0xbf, 0xa0, 0xfa, 0xfe, 0x9, 0xf,
    0xe4, 0x3e, 0x43, 0xff, 0x8f, 0x7, 0x41, 0xff,
    0xc8, 0x7f, 0x90, 0xff, 0xff, 0x87, 0xff, 0x7f,
    0xf, 0xfe, 0x6e,

    /* U+F021 "" */
    0xf, 0xfe, 0xb2, 0xe0, 0xf3, 0xf0, 0x7d, 0x7a,
    0xb7, 0x90, 0xff, 0xe0, 0x5a, 0x1f, 0xad, 0x10,
    0xfb, 0x43, 0xff, 0x81, 0x40, 0xfb, 0xc, 0xdf,
    0xa4, 0x27, 0xe, 0x83, 0x51, 0xc, 0xd0, 0x3f,
    0x28, 0x2d, 0xf, 0xce, 0x1f, 0x41, 0x61, 0xf3,
    0xf8, 0x3f, 0xc8, 0x7e, 0xc3, 0xfc, 0x85, 0x7,
    0xec, 0x3f, 0xcd, 0x30, 0xfe, 0x6b, 0xfb, 0x14,
    0x1f, 0xf2, 0xff, 0x7, 0xff, 0x39, 0x7f, 0x83,
    0xfe, 0x51, 0xd7, 0xf2, 0x1f, 0xdd, 0x10, 0xff,
    0x61, 0xfa, 0x9, 0xf, 0xf6, 0x1f, 0x90, 0x21,
    0xe7, 0xf2, 0x1f, 0x61, 0x61, 0xe7, 0xf, 0xe7,
    0x9, 0x41, 0xfb, 0x90, 0xcd, 0x3, 0x41, 0xda,
    0x13, 0x7e, 0x90, 0xd8, 0x7d, 0x40, 0xff, 0xe0,
    0x38, 0x7c, 0x8f, 0x7, 0xe7, 0x83, 0xff, 0x80,
    0xfa, 0xb7, 0xa0, 0xfb, 0xe4, 0x3c, 0xb8, 0x3f,
    0xc0,

    /* U+F026 "" */
    0xf, 0xf4, 0x87, 0xf6, 0xc1, 0xfb, 0xf, 0xf6,
    0x1c, 0xbd, 0x87, 0x75, 0xc1, 0xff, 0xff, 0xf,
    0xfe, 0x1c, 0xbc, 0x1e, 0x6b, 0xc1, 0xff, 0x30,
    0x7f, 0xcc, 0x1f, 0xf3, 0x7, 0xfc, 0xf8,

    /* U+F027 "" */
    0xf, 0xf4, 0x87, 0xff, 0xf, 0x60, 0xff, 0xe1,
    0x61, 0xff, 0xc4, 0xc3, 0xff, 0x89, 0x87, 0xfd,
    0xfe, 0xf, 0xcc, 0x1f, 0xfc, 0x49, 0xc3, 0xff,
    0x87, 0x82, 0xf, 0xfe, 0x1c, 0x21, 0xff, 0xd5,
    0x84, 0x3f, 0xf8, 0x58, 0x20, 0xff, 0xe1, 0x4e,
    0x41, 0xff, 0xc1, 0x60, 0x3f, 0xd0, 0x7f, 0xf1,
    0x58, 0x3f, 0xf8, 0xac, 0x1f, 0xfc, 0x56, 0xf,
    0xfe, 0x2b, 0xe0, 0xf0,

    /* U+F028 "" */
    0xf, 0xff, 0x15, 0xc1, 0xff, 0xcc, 0xc7, 0xf,
    0xfe, 0x14, 0x87, 0xcc, 0xc, 0x3f, 0xf8, 0x1b,
    0x7, 0x20, 0x60, 0x41, 0xfe, 0xc3, 0xf5, 0xa2,
    0x85, 0x7, 0xec, 0x3f, 0xe9, 0x20, 0x40, 0x5e,
    0xc3, 0xfd, 0xa4, 0x8, 0x2e, 0xb8, 0x3f, 0x30,
    0x20, 0x42, 0x8, 0x3f, 0xf8, 0x53, 0x82, 0x10,
    0x21, 0xff, 0xc4, 0xc1, 0x8, 0x13, 0x10, 0xff,
    0xe1, 0xc2, 0x1f, 0xfe, 0x78, 0x43, 0xff, 0x97,
    0x82, 0x10, 0x26, 0x21, 0xff, 0xc2, 0x9c, 0x10,
    0x81, 0x4, 0xbc, 0x1f, 0x98, 0x10, 0x21, 0x4,
    0xd7, 0x83, 0xfd, 0xa4, 0x8, 0x3f, 0x98, 0x3f,
    0xe9, 0x10, 0x41, 0xf9, 0x83, 0xf5, 0xa3, 0xa,
    0xf, 0xe6, 0xf, 0x90, 0x30, 0x20, 0xff, 0x9f,
    0x7, 0xcc, 0xc, 0x3f, 0xf9, 0x58, 0xe1, 0xff,
    0xcb, 0xb8, 0x38,

    /* U+F03E "" */
    0x3f, 0xff, 0x94, 0x61, 0xff, 0xca, 0xc3, 0x90,
    0xff, 0xe4, 0xdd, 0x87, 0xff, 0x21, 0xa, 0xf,
    0xfe, 0x32, 0x19, 0xf, 0xc8, 0x7f, 0x21, 0xa0,
    0xfa, 0xa0, 0xfe, 0xd2, 0x43, 0xd2, 0x30, 0x7f,
    0x5a, 0x1e, 0x90, 0x98, 0x3f, 0xd2, 0x1a, 0x43,
    0x98, 0x3f, 0x4c, 0x82, 0x43, 0xe4, 0x3e, 0x90,
    0x4c, 0x87, 0xff, 0xe, 0x43, 0x48, 0x7f, 0xf1,
    0x10, 0xff, 0xf1, 0xff, 0xff, 0x18, 0x3f, 0xf9,
    0xf8, 0x7f, 0xf2, 0xb0,

    /* U+F043 "" */
    0xf, 0xbc, 0x1f, 0xfc, 0x24, 0x10, 0x7f, 0xf0,
    0x70, 0x21, 0xff, 0xc1, 0x42, 0x43, 0xfe, 0x83,
    0x41, 0xff, 0x21, 0xc8, 0x7f, 0x41, 0xe8, 0x3f,
    0x28, 0x3e, 0x83, 0xe8, 0x3f, 0x28, 0x3a, 0xf,
    0xf4, 0x19, 0x41, 0xff, 0x41, 0x41, 0xff, 0xc0,
    0x40, 0x87, 0xff, 0xa, 0x30, 0xff, 0xe1, 0x22,
    0x1f, 0xfc, 0x7c, 0x3f, 0xf8, 0x8, 0x64, 0x3f,
    0xe4, 0x27, 0xf, 0xfe, 0x2, 0x9, 0x83, 0xfe,
    0x82, 0x9e, 0xf, 0xa0, 0x40, 0x65, 0x41, 0xca,
    0x2, 0x80, 0xdc, 0x1d, 0x6, 0x90, 0xfc, 0xe1,
    0xeb, 0x43, 0x34, 0xc,

    /* U+F048 "" */
    0x14, 0x1f, 0xe4, 0xe8, 0x87, 0xee, 0x81, 0xff,
    0x60, 0x43, 0xfd, 0x87, 0xff, 0x7, 0xf, 0xfe,
    0x3, 0x87, 0xff, 0x1, 0x83, 0xff, 0x80, 0xc1,
    0xff, 0xc0, 0xa0, 0x7f, 0xf0, 0x24, 0x3f, 0xfd,
    0xc8, 0x7f, 0xf0, 0xbc, 0x1f, 0xfc, 0x3c, 0x3f,
    0xf8, 0x7a, 0x1f, 0xfc, 0x29, 0xf, 0xfe, 0x14,
    0x87, 0xff, 0xa, 0x81, 0xff, 0xc2, 0x60, 0x97,
    0x7, 0xcc, 0xc0,

    /* U+F04B "" */
    0xf, 0xfe, 0x57, 0xa0, 0xff, 0xe2, 0xe0, 0x74,
    0x3f, 0xf9, 0x16, 0x1f, 0xfc, 0x9e, 0xf, 0xfe,
    0x43, 0xa1, 0xff, 0xc8, 0xb4, 0x3f, 0xf9, 0x14,
    0xf, 0xfe, 0x43, 0xc1, 0xff, 0xc8, 0x74, 0x3f,
    0xf9, 0x14, 0xf, 0xfe, 0x43, 0xa1, 0xff, 0xc8,
    0x83, 0xff, 0xbb, 0x7, 0xff, 0x19, 0xd0, 0xff,
    0xe2, 0xd0, 0x3f, 0xf8, 0xae, 0x87, 0xff, 0x11,
    0xe0, 0xff, 0xe2, 0xd0, 0x3f, 0xf8, 0xb6, 0x87,
    0xff, 0x11, 0xd0, 0xff, 0xe2, 0xf0, 0x7f, 0xf1,
    0x6c, 0x3f, 0xf8, 0x58, 0x1d, 0xf, 0xfe, 0x27,
    0xa0, 0xff, 0xe2, 0x80,

    /* U+F04C "" */
    0x2f, 0xe8, 0x3a, 0xfe, 0x89, 0xe, 0x60, 0xa4,
    0x39, 0x90, 0xf9, 0x9, 0xf, 0x90, 0xff, 0xff,
    0x87, 0xff, 0xfc, 0x3f, 0xff, 0xe1, 0xff, 0xff,
    0xf, 0xff, 0x6c, 0x1f, 0x41, 0x41, 0xf4, 0xff,
    0xc8, 0x4f, 0xfc, 0x80,

    /* U+F04D "" */
    0x2, 0xff, 0xf1, 0x40, 0xf5, 0xff, 0xc5, 0xd8,
    0x3f, 0xf8, 0xf0, 0x7f, 0xff, 0xc3, 0xff, 0xfe,
    0x1f, 0xff, 0xf0, 0xff, 0xff, 0x87, 0xff, 0xb5,
    0xf, 0xfe, 0x3b, 0x2f, 0xff, 0x1e,

    /* U+F051 "" */
    0x10, 0xff, 0x28, 0xa6, 0x1f, 0x9a, 0x68, 0x30,
    0xff, 0xe1, 0xe1, 0xff, 0xc3, 0xd0, 0xff, 0xe1,
    0x48, 0x7f, 0xf0, 0xa4, 0x3f, 0xf8, 0x52, 0x1f,
    0xfc, 0x2a, 0x7, 0xff, 0x9, 0x83, 0xff, 0xde,
    0x87, 0xff, 0x7, 0xc1, 0xff, 0xc0, 0xc3, 0xff,
    0x80, 0xe1, 0xff, 0xc0, 0x60, 0xff, 0xe0, 0x30,
    0x7f, 0xf0, 0x28, 0x1f, 0xfc, 0x9, 0xf, 0xf4,
    0xc8, 0x7c, 0xb8,

    /* U+F052 "" */
    0xf, 0xf9, 0xf, 0xfe, 0x43, 0xda, 0x1f, 0xfc,
    0x56, 0xa, 0x43, 0xff, 0x89, 0x7, 0x41, 0xff,
    0xc3, 0xc3, 0xec, 0x3f, 0xf8, 0x38, 0x7f, 0x61,
    0xff, 0x61, 0xff, 0x61, 0xfd, 0x87, 0xff, 0x7,
    0xf, 0xb0, 0xff, 0xe1, 0xe1, 0xd0, 0x7f, 0xf1,
    0x60, 0xa4, 0x3f, 0xf8, 0xac, 0x4, 0x3f, 0xf8,
    0xe8, 0x7f, 0xf3, 0x70, 0xff, 0xe3, 0xe1, 0x7f,
    0xff, 0x1c, 0x32, 0xff, 0xf1, 0xc2, 0xaf, 0xfe,
    0x48, 0x10, 0xff, 0xe3, 0xa1, 0xff, 0xfb, 0x97,
    0xff, 0x8f, 0x0,

    /* U+F053 "" */
    0xf, 0xfe, 0x55, 0xc1, 0xfd, 0x23, 0x7, 0xd2,
    0x1f, 0xe9, 0x9, 0x83, 0xa4, 0x26, 0xe, 0x90,
    0x98, 0x3a, 0x42, 0x60, 0xe9, 0x9, 0x83, 0xa4,
    0x26, 0xe, 0x90, 0x98, 0x3f, 0xf8, 0xf2, 0x13,
    0x7, 0xd2, 0x13, 0x7, 0xd2, 0x13, 0x7, 0xd2,
    0x13, 0x7, 0xd2, 0x13, 0x7, 0xd2, 0x13, 0x7,
    0xd2, 0x13, 0x7, 0xd2, 0x1f, 0xfc, 0x9, 0x18,
    0x3f, 0xae, 0x0,

    /* U+F054 "" */
    0xf, 0xfe, 0x15, 0xc1, 0xfd, 0x23, 0x7, 0xff,
    0x1, 0x83, 0xe9, 0x9, 0x83, 0xe9, 0x9, 0x83,
    0xe9, 0x9, 0x83, 0xe9, 0x9, 0x83, 0xe9, 0x9,
    0x83, 0xe9, 0x9, 0x83, 0xe9, 0x9, 0x83, 0xff,
    0x8f, 0x21, 0x30, 0x74, 0x84, 0xc1, 0xd2, 0x13,
    0x7, 0x48, 0x4c, 0x1d, 0x21, 0x30, 0x74, 0x84,
    0xc1, 0xd2, 0x13, 0x7, 0xf9, 0x83, 0xe9, 0x18,
    0x3f, 0xae, 0xf, 0xe0,

    /* U+F067 "" */
    0xf, 0xf2, 0x1f, 0xfc, 0x67, 0xb4, 0x3f, 0xf8,
    0x98, 0x58, 0x7f, 0xf1, 0x10, 0x90, 0xff, 0xff,
    0x87, 0xff, 0x6a, 0xff, 0x83, 0xbf, 0xe9, 0xf,
    0xfe, 0x3a, 0x1f, 0xfd, 0xee, 0xbe, 0xe, 0xaf,
    0xb1, 0x7e, 0xe, 0x5f, 0x83, 0xff, 0xfe, 0x1f,
    0xfd, 0xb4, 0x24, 0x3f, 0xf8, 0x92, 0xd0, 0x7e,

    /* U+F068 "" */
    0x17, 0xff, 0x8e, 0x75, 0xff, 0xc7, 0xc3, 0xff,
    0xbc, 0x87, 0xff, 0x1d, 0xbf, 0xff, 0x8f, 0x0,

    /* U+F06E "" */
    0xf, 0xe6, 0xfe, 0x90, 0xff, 0xe2, 0x5c, 0x87,
    0x37, 0x7, 0xff, 0x2, 0xd0, 0x9a, 0x90, 0x9e,
    0xf, 0xed, 0x9, 0xe5, 0xad, 0x9, 0xc3, 0xec,
    0x35, 0x2, 0x42, 0xa0, 0x6c, 0x3b, 0xc, 0xa0,
    0x9b, 0xc0, 0x50, 0x6c, 0x28, 0x3a, 0xf, 0xd8,
    0x20, 0xe8, 0x50, 0x7f, 0xa0, 0xd0, 0x7c, 0xa8,
    0x3f, 0x7c, 0x1c, 0x87, 0xe8, 0x3f, 0xf9, 0xf0,
    0x7f, 0xf3, 0x65, 0x7, 0xd0, 0x7d, 0x7, 0xca,
    0x20, 0xe8, 0x60, 0xe5, 0x10, 0x74, 0x16, 0x19,
    0x43, 0xad, 0xc2, 0x83, 0x61, 0xd8, 0x6a, 0x2,
    0xa0, 0x50, 0x36, 0x1f, 0x68, 0x4f, 0x2d, 0x68,
    0x4e, 0x1f, 0xd6, 0x84, 0xd4, 0x84, 0xf0, 0x7f,
    0xf0, 0x2e, 0x43, 0x9b, 0x83, 0xe0,

    /* U+F070 "" */
    0x1d, 0xf, 0xfe, 0x84, 0x50, 0x3f, 0xfa, 0x4e,
    0x1f, 0xfc, 0xed, 0xb, 0x42, 0x6f, 0xe9, 0xf,
    0xfe, 0xd, 0x2, 0xab, 0x90, 0xe6, 0xf2, 0x1f,
    0xf3, 0x84, 0xa0, 0x9a, 0xc1, 0xa8, 0x1f, 0xfc,
    0xd, 0xe, 0xe5, 0xdc, 0x13, 0xa1, 0xff, 0x48,
    0x64, 0xa, 0x3, 0x6, 0x90, 0xff, 0xa8, 0x15,
    0xa, 0x70, 0xa0, 0xd0, 0x7c, 0xe8, 0x1c, 0x27,
    0x9, 0x88, 0x3b, 0xf, 0x44, 0x85, 0xa1, 0xf2,
    0x4, 0x3a, 0xd, 0x5, 0x40, 0xa8, 0x1f, 0xfc,
    0x34, 0x3f, 0x9c, 0x27, 0xf, 0xfe, 0x3c, 0x1e,
    0x43, 0x68, 0x64, 0x3e, 0x43, 0xa0, 0xec, 0x3a,
    0x81, 0x51, 0xe, 0x83, 0x94, 0x19, 0xf, 0x30,
    0x48, 0x76, 0x1f, 0x48, 0x6c, 0x3c, 0xe1, 0xf4,
    0x1f, 0xd2, 0x1b, 0xf, 0xb4, 0x32, 0x83, 0xfd,
    0x40, 0xdc, 0xb0, 0x54, 0x9, 0x83, 0xfe, 0x74,
    0x26, 0xac, 0x27, 0x9, 0xc3, 0xff, 0x81, 0x72,
    0x1d, 0x6, 0xd0, 0xb4, 0x3f, 0xf8, 0xd, 0xfd,
    0x7, 0x50, 0x29, 0xf, 0xfe, 0x6b, 0x85, 0x87,
    0xff, 0x3f, 0x48,

    /* U+F071 "" */
    0xf, 0xfe, 0xf, 0xc1, 0xff, 0xcd, 0x82, 0x83,
    0xff, 0x96, 0xa0, 0x94, 0x1f, 0xfc, 0xa8, 0x3a,
    0xf, 0xfe, 0x4a, 0x1f, 0x21, 0xff, 0xc8, 0x83,
    0xe8, 0x3f, 0xf8, 0xf0, 0x7f, 0x41, 0xff, 0xc6,
    0x43, 0xf9, 0xf, 0xfe, 0x2c, 0x13, 0x52, 0x14,
    0x1f, 0xfc, 0x35, 0x5, 0xad, 0x84, 0xa0, 0xff,
    0xe1, 0x41, 0xb0, 0xb0, 0xd0, 0x7f, 0xf0, 0x50,
    0xff, 0xe1, 0xa1, 0xff, 0xc0, 0x83, 0xff, 0x87,
    0x7, 0xfd, 0x7, 0xff, 0x16, 0xf, 0xf2, 0x1e,
    0x42, 0x43, 0xc8, 0x7f, 0x61, 0xff, 0xc7, 0xc3,
    0xe4, 0x3f, 0xbe, 0xf, 0xe4, 0x3d, 0x7, 0xf7,
    0xc1, 0xfd, 0x7, 0x21, 0xfd, 0x5, 0x7, 0xf2,
    0x1a, 0xf, 0xec, 0x2c, 0x3f, 0xa0, 0xa0, 0xff,
    0x28, 0x50, 0x7f, 0xa0, 0x21, 0xff, 0x5c, 0x1f,
    0xf2, 0x1f, 0xfd, 0x3c, 0x3f, 0xf9, 0xb8,

    /* U+F074 "" */
    0xf, 0xfe, 0x33, 0x7, 0xff, 0x2a, 0x70, 0xff,
    0xe6, 0x60, 0xaf, 0x7, 0xf5, 0x41, 0xb1, 0x7d,
    0x87, 0xda, 0xc1, 0xd0, 0x7d, 0x87, 0x61, 0xfc,
    0x87, 0xec, 0x2c, 0x3f, 0xdf, 0xe0, 0xf6, 0x1b,
    0xc1, 0xb0, 0xf6, 0xc, 0x83, 0x61, 0xd8, 0x7e,
    0xa1, 0x21, 0x41, 0x26, 0x1f, 0xcb, 0x82, 0x90,
    0xac, 0x3f, 0xe6, 0xa, 0x43, 0xff, 0x88, 0xc1,
    0x2e, 0xa, 0xc3, 0xfd, 0x4, 0xc5, 0x2, 0x4c,
    0x3f, 0x61, 0xa3, 0x6, 0x1d, 0x83, 0xf8, 0x36,
    0x1e, 0xf0, 0x6c, 0x3f, 0xb0, 0xb0, 0xff, 0x61,
    0xf6, 0x1d, 0x87, 0xf2, 0xfd, 0x87, 0xda, 0xc1,
    0xd5, 0xf0, 0x7f, 0x54, 0x1b, 0xf, 0xfe, 0x56,
    0x1f, 0xfc, 0x89, 0xc2,

    /* U+F077 "" */
    0xf, 0xfe, 0x95, 0xc1, 0xff, 0xc5, 0x91, 0x83,
    0xff, 0x87, 0x21, 0x30, 0x7f, 0xf0, 0x64, 0x39,
    0x83, 0xfe, 0x90, 0xf9, 0x83, 0xfa, 0x42, 0x74,
    0x26, 0xf, 0xa4, 0x26, 0x24, 0x26, 0xe, 0x90,
    0x98, 0x29, 0x9, 0x82, 0x90, 0x98, 0x3a, 0x42,
    0x62, 0x42, 0x60, 0xfa, 0x42, 0x50, 0x66, 0xf,
    0xe9, 0xb, 0x91, 0x83, 0xfe, 0x91, 0x8b, 0x83,
    0xff, 0x83, 0x70,

    /* U+F078 "" */
    0xf, 0xfe, 0x55, 0xc1, 0xff, 0xc1, 0xb8, 0x91,
    0x83, 0xfe, 0x91, 0x83, 0x30, 0x7f, 0x48, 0x5c,
    0x84, 0xc1, 0xf4, 0x84, 0xa2, 0x42, 0x60, 0xe9,
    0x9, 0x82, 0x90, 0x98, 0x29, 0x9, 0x83, 0xa4,
    0x26, 0x24, 0x26, 0xf, 0xa4, 0x27, 0x42, 0x60,
    0xfe, 0x90, 0xf9, 0x83, 0xfe, 0x90, 0xe6, 0xf,
    0xfe, 0xc, 0x84, 0xc1, 0xff, 0xc3, 0x91, 0x83,
    0xff, 0x8b, 0x70, 0x7f, 0x0,

    /* U+F079 "" */
    0xf, 0x70, 0x7f, 0xf4, 0x31, 0x83, 0x97, 0xfe,
    0xf, 0xf6, 0x13, 0x1, 0xeb, 0xfe, 0xc3, 0xf6,
    0x1c, 0xc1, 0xff, 0xca, 0xc3, 0xe6, 0x65, 0xfe,
    0xf, 0xec, 0x3c, 0x81, 0x9a, 0xfe, 0xf, 0xfe,
    0x6, 0x83, 0x41, 0x87, 0xff, 0x1f, 0xb0, 0xea,
    0x90, 0xff, 0xe4, 0x21, 0xf2, 0x83, 0xff, 0xfe,
    0x1f, 0xfc, 0xdb, 0x43, 0x9f, 0x7, 0xff, 0x21,
    0x24, 0x26, 0x2, 0x1f, 0xcb, 0xf8, 0x3a, 0xa,
    0x9, 0xf, 0xd5, 0xfd, 0xba, 0x1f, 0xb0, 0xff,
    0xe3, 0xc4, 0x87, 0xb0, 0xfb, 0x5f, 0xfe, 0x4,
    0x9, 0xd, 0x87, 0xe6, 0xbf, 0xf8, 0x8, 0x52,
    0xc, 0x3f, 0xf9, 0xf4, 0xc3, 0x80,

    /* U+F07B "" */
    0x3f, 0xf9, 0xf, 0xfe, 0xe, 0x1f, 0xd2, 0x1f,
    0xfc, 0xb9, 0xf, 0xfe, 0x5d, 0xff, 0xe0, 0xff,
    0xe6, 0x61, 0xff, 0xff, 0xf, 0xff, 0xf8, 0x7f,
    0xff, 0xc3, 0xff, 0xe7, 0x87, 0xff, 0x2b,

    /* U+F093 "" */
    0xf, 0xfa, 0x81, 0xff, 0xc9, 0x95, 0x7, 0xff,
    0x1e, 0x40, 0xc1, 0xff, 0xc5, 0x90, 0xcc, 0x1f,
    0xfc, 0x39, 0xf, 0x30, 0x7f, 0xf0, 0x64, 0x3f,
    0x30, 0x7f, 0xd2, 0x1f, 0xe6, 0xf, 0xe9, 0xf,
    0xfe, 0x3, 0x7, 0xe4, 0x3f, 0xf8, 0x48, 0x7e,
    0xfe, 0xf, 0x7f, 0x7, 0xff, 0xfc, 0x3f, 0xff,
    0xcb, 0xe0, 0xff, 0x2f, 0x8e, 0xbe, 0xf, 0xd5,
    0xf6, 0x1f, 0x27, 0xf8, 0x43, 0xff, 0x87, 0xd7,
    0xb0, 0xff, 0xe2, 0xaf, 0x83, 0xff, 0x9b, 0x65,
    0x87, 0xff, 0x1f, 0x4d, 0x9, 0xf, 0xfe, 0x1b,
    0xc, 0x4,

    /* U+F095 "" */
    0xf, 0xfe, 0xff, 0xa4, 0x3f, 0xf9, 0x8, 0x1b,
    0xd0, 0x7f, 0xf1, 0x60, 0xf2, 0x1f, 0xfc, 0x44,
    0x3f, 0xf9, 0x98, 0x7f, 0xf3, 0x10, 0xff, 0xe5,
    0xa1, 0xf9, 0xf, 0xfe, 0x1a, 0x83, 0xec, 0x3f,
    0xf8, 0x94, 0xf, 0x21, 0xff, 0xc5, 0x60, 0xff,
    0xe6, 0x61, 0xa0, 0xff, 0xe3, 0x28, 0x32, 0x1f,
    0xfc, 0x68, 0x34, 0x1f, 0xfc, 0x68, 0x39, 0xf,
    0xe4, 0x3e, 0x90, 0xd8, 0x7e, 0xba, 0x7, 0x48,
    0x68, 0x3c, 0xf9, 0x2, 0x82, 0xd0, 0xca, 0xe,
    0xe0, 0xf4, 0xd8, 0x73, 0x7, 0xff, 0xe, 0x43,
    0x98, 0x3e, 0x43, 0xff, 0x85, 0x40, 0xfd, 0x87,
    0xff, 0x7, 0x43, 0xf9, 0xf, 0xfa, 0xc3, 0xff,
    0x93, 0x68, 0x7f, 0xf0, 0x50, 0xcd, 0xe4, 0x3f,
    0xf8, 0x20,

    /* U+F0C4 "" */
    0xc, 0x87, 0xff, 0x1f, 0xd7, 0x83, 0xfc, 0xa0,
    0xd8, 0x76, 0x1f, 0x5d, 0x38, 0x83, 0xe8, 0x3a,
    0x43, 0xc8, 0x2e, 0x2, 0x1a, 0x43, 0x30, 0x64,
    0x43, 0xd2, 0x19, 0x83, 0xa6, 0xe, 0x90, 0xcc,
    0x14, 0x6, 0x42, 0x64, 0x33, 0x6, 0x50, 0x7d,
    0x21, 0x98, 0x3d, 0x6a, 0xf, 0xe6, 0xf, 0xea,
    0x61, 0xf3, 0x7, 0xff, 0x5, 0xf, 0x61, 0xff,
    0xc0, 0x64, 0x3d, 0x21, 0xfd, 0xe9, 0xf, 0xd2,
    0x1f, 0x61, 0xf2, 0x1d, 0x21, 0xd0, 0x7e, 0xb0,
    0xe9, 0xc, 0x82, 0xe0, 0xec, 0x3a, 0x43, 0xc8,
    0x87, 0xb0, 0xe9, 0xe, 0x98, 0x3e, 0xc3, 0xa4,
    0x80, 0xc8, 0x20, 0xec, 0x3a, 0x14, 0x1c, 0xa0,
    0xf6, 0x81, 0xc1, 0x6b, 0x70, 0x7e, 0xbd, 0x0,

    /* U+F0C5 "" */
    0xf, 0x5f, 0xf8, 0x60, 0xfe, 0x43, 0xfb, 0x60,
    0xff, 0xe4, 0x30, 0x7f, 0xf2, 0x19, 0x54, 0x43,
    0xfe, 0xd6, 0xe8, 0xac, 0x3f, 0xca, 0xa9, 0xf,
    0xfe, 0x1d, 0xfc, 0x1f, 0xff, 0xf0, 0xff, 0xff,
    0x87, 0xff, 0xfc, 0x3f, 0xfa, 0x69, 0x45, 0xff,
    0xa8, 0x1d, 0x2a, 0xbf, 0xe5, 0x7, 0x3f, 0xfc,
    0x1f, 0xfc, 0xf4, 0x3f, 0xf8, 0x28, 0x78,

    /* U+F0C7 "" */
    0x2, 0xff, 0xf0, 0x43, 0xcf, 0x5f, 0xfc, 0x1e,
    0xd, 0x7, 0xff, 0xd, 0x83, 0xe5, 0xff, 0x4,
    0xc1, 0xdd, 0x7f, 0xb0, 0x98, 0x3f, 0xf9, 0xa,
    0xf, 0xfe, 0x44, 0x1f, 0xfe, 0x15, 0xff, 0xe0,
    0x7, 0xf5, 0x7f, 0xf0, 0x3, 0xff, 0xd8, 0xfc,
    0x87, 0xff, 0x12, 0xa, 0xf, 0xfe, 0x1a, 0x1c,
    0x87, 0xff, 0x5d, 0xe, 0x43, 0xff, 0x87, 0xad,
    0x87, 0xff, 0x16, 0xa0, 0xfe, 0x43, 0xff, 0x8e,
    0xcb, 0xff, 0xc7, 0x80,

    /* U+F0C9 "" */
    0xf, 0xfe, 0x4f, 0xff, 0xf2, 0x43, 0xff, 0xbd,
    0xff, 0xfc, 0x90, 0xff, 0xf9, 0xaf, 0xff, 0x26,
    0xbf, 0xf9, 0x21, 0xff, 0xdd, 0x7f, 0xff, 0x91,
    0x7, 0xff, 0xcf, 0xff, 0xf9, 0x21, 0xff, 0xde,
    0xff, 0xfe, 0x48,

    /* U+F0E0 "" */
    0x3f, 0xff, 0x94, 0x61, 0xff, 0xca, 0xc3, 0xff,
    0xc9, 0x87, 0xff, 0x2b, 0x34, 0x3f, 0xf8, 0xce,
    0x6d, 0x3, 0xff, 0x89, 0x47, 0x28, 0xe1, 0xff,
    0xc2, 0xda, 0x4, 0xe6, 0x87, 0xf9, 0xcd, 0xf,
    0x6d, 0x3, 0xf5, 0x1c, 0x3f, 0xa8, 0xe1, 0xce,
    0xd0, 0x3f, 0xe7, 0x38, 0x14, 0x34, 0x3f, 0xf8,
    0x5a, 0xbc, 0xac, 0x3f, 0xf8, 0xb7, 0x4e, 0xf,
    0xfe, 0x42, 0x83, 0xff, 0xdf, 0x87, 0xff, 0x2b,

    /* U+F0E7 "" */
    0x3, 0xff, 0x83, 0xf6, 0x1f, 0x90, 0xff, 0xe2,
    0x21, 0xf2, 0x1f, 0xfc, 0xc8, 0x3f, 0xf8, 0x88,
    0x7f, 0xf3, 0x10, 0xfd, 0x59, 0xb, 0xf, 0xcb,
    0xac, 0x3f, 0xf8, 0x88, 0x10, 0xff, 0xe0, 0xc1,
    0xff, 0xc3, 0x43, 0xff, 0x89, 0x5, 0xcb, 0xc1,
    0xd0, 0x73, 0x58, 0x3c, 0x87, 0xf9, 0xd, 0x87,
    0xff, 0xd, 0xf, 0xfe, 0x24, 0x1f, 0xf2, 0x14,
    0x1f, 0xfc, 0xc, 0x24, 0x3f, 0xf8, 0x8, 0x20,
    0xff, 0xe1, 0xa8, 0x3f, 0xf8, 0x8, 0x20, 0xff,
    0xe1, 0xc1, 0xfc,

    /* U+F0EA "" */
    0xf, 0x7c, 0x1f, 0xfc, 0x5, 0x55, 0x85, 0xd4,
    0xa0, 0xf5, 0x16, 0x1d, 0x16, 0xa0, 0x7f, 0xf5,
    0x5d, 0xf, 0xfe, 0xe5, 0xff, 0x7, 0xff, 0x2,
    0x55, 0x78, 0x3f, 0xf8, 0xa, 0x97, 0xc5, 0xa1,
    0xfd, 0x87, 0xfa, 0x43, 0xff, 0x91, 0x21, 0xff,
    0xc8, 0x83, 0xff, 0x89, 0x7e, 0xf, 0xfe, 0x1d,
    0x78, 0x3f, 0xf8, 0x6b, 0xe0, 0xff, 0xff, 0x87,
    0xf5, 0x17, 0x7, 0xff, 0xd, 0x55, 0x83, 0xff,
    0xbf, 0x87, 0xff, 0x55,

    /* U+F0F3 "" */
    0xf, 0xeb, 0x83, 0xff, 0x8c, 0x88, 0x7f, 0xf1,
    0x50, 0x90, 0xff, 0xe1, 0x5c, 0x15, 0xc1, 0xff,
    0x68, 0x7c, 0xc1, 0xfd, 0x7, 0xf9, 0x83, 0xe5,
    0x7, 0xfc, 0x87, 0xd8, 0x7f, 0xf0, 0x60, 0xf2,
    0x1f, 0xfc, 0x14, 0x3f, 0xff, 0x8, 0x7f, 0xf0,
    0xd0, 0xd8, 0x7f, 0xf0, 0xf0, 0xc8, 0x7f, 0xf0,
    0xd0, 0x90, 0xff, 0xe2, 0xa0, 0x83, 0xff, 0x8b,
    0x18, 0x7f, 0xf1, 0xf0, 0xff, 0xe4, 0xf2, 0xff,
    0xf1, 0x6c, 0x6b, 0xff, 0x8a, 0x87, 0xe7, 0xf9,
    0xf, 0xfe, 0x12, 0x1c, 0x87, 0xff, 0xf, 0xb,
    0xf, 0xc0,

    /* U+F11C "" */
    0x3f, 0xff, 0x9a, 0x61, 0xff, 0xcd, 0xc3, 0xff,
    0xa5, 0xf0, 0xf9, 0x3e, 0x1f, 0x27, 0xc1, 0xff,
    0xf0, 0xf8, 0x7c, 0x9f, 0xf, 0x93, 0xe0, 0xfc,
    0xb0, 0x16, 0x16, 0x2, 0xc1, 0xfe, 0xe8, 0xa,
    0x67, 0x40, 0x53, 0xf, 0xfe, 0xcf, 0x40, 0x53,
    0x3a, 0x2, 0x98, 0x7f, 0x96, 0x2, 0xc2, 0xc0,
    0x58, 0x3f, 0x7c, 0x3f, 0xff, 0x27, 0xc1, 0xff,
    0xf0, 0xf8, 0x7f, 0xfe, 0x4f, 0x83, 0xff, 0xa5,
    0x87, 0xff, 0x37,

    /* U+F124 "" */
    0xf, 0xff, 0x1d, 0xe0, 0xff, 0xe4, 0x36, 0x83,
    0xf, 0xfe, 0x2b, 0xc8, 0x7f, 0xf2, 0x1e, 0xf,
    0x90, 0xff, 0xe0, 0xdc, 0x1f, 0xd0, 0x7f, 0xd6,
    0x87, 0xf9, 0xf, 0xf5, 0xa1, 0xff, 0xc0, 0xc3,
    0xe7, 0xc8, 0x7f, 0xf0, 0x90, 0xe7, 0x83, 0xff,
    0x89, 0x7, 0x70, 0x7f, 0xf1, 0x90, 0xd8, 0x7f,
    0xf1, 0xe0, 0xff, 0xe6, 0xa1, 0xc8, 0x7f, 0xf1,
    0x90, 0xf5, 0x4b, 0xf0, 0x7f, 0x41, 0xf2, 0xab,
    0xe4, 0x3e, 0x43, 0xff, 0x9b, 0x7, 0xff, 0x31,
    0xf, 0xfe, 0x6c, 0x1f, 0xfe, 0x68, 0x3f, 0xf9,
    0xa8, 0x7f, 0xf1, 0xf0, 0xd0, 0x7f, 0xf3, 0x50,
    0xff, 0xe4, 0x28, 0x18, 0x7f, 0xf2, 0xaf, 0x7,
    0xfc,

    /* U+F15B "" */
    0xbf, 0xfa, 0x34, 0x32, 0x1f, 0xfc, 0x9, 0xf,
    0xfe, 0x2c, 0x87, 0xff, 0x16, 0x43, 0xff, 0x8b,
    0x21, 0xff, 0xc5, 0x83, 0xff, 0x81, 0xfe, 0xf,
    0xf3, 0x5f, 0x7, 0xfc, 0xbf, 0x7, 0xff, 0xfc,
    0x3f, 0xff, 0xe1, 0xff, 0xff, 0xf, 0xfe, 0x7a,
    0x1f, 0xfc, 0x44,

    /* U+F1EB "" */
    0xf, 0xfe, 0xf2, 0xf8, 0x3f, 0xf9, 0xf, 0xd5,
    0xef, 0x90, 0xff, 0xe0, 0xbe, 0x83, 0xff, 0x81,
    0x79, 0xf, 0xee, 0xf, 0xfe, 0x35, 0x87, 0xac,
    0x3e, 0x6b, 0xc8, 0x7d, 0xc1, 0x68, 0x75, 0xe9,
    0x7d, 0x7a, 0xe, 0x73, 0xe, 0xb4, 0x3f, 0xf8,
    0xf, 0x7, 0x68, 0x4e, 0x87, 0xff, 0x11, 0xd0,
    0x99, 0x28, 0x1c, 0xdf, 0xe9, 0xe, 0xa0, 0xc5,
    0xa1, 0x9e, 0x43, 0xcd, 0xa1, 0x9e, 0xf, 0xdc,
    0x1f, 0xfc, 0xb, 0xf, 0xfe, 0x3, 0x87, 0xff,
    0x13, 0x43, 0xfd, 0x87, 0x5f, 0xe8, 0x3b, 0xf,
    0xf4, 0x82, 0xd0, 0xf3, 0xc0, 0x60, 0xff, 0xa9,
    0xa1, 0xfe, 0x7a, 0x7, 0xff, 0x5, 0xf, 0xfe,
    0x12, 0x1f, 0xfc, 0x8f, 0xc1, 0xff, 0xcd, 0x83,
    0x41, 0xff, 0xcc, 0x43, 0x21, 0xff, 0xea, 0x83,
    0x41, 0xff, 0xcc, 0x65, 0x48, 0x7f, 0xf0, 0x0,

    /* U+F240 "" */
    0x2, 0xff, 0xf3, 0x3, 0x3d, 0x7f, 0xf3, 0x3c,
    0x8, 0x3f, 0xf9, 0xe8, 0x65, 0xff, 0xe5, 0x5,
    0x86, 0xaf, 0xfe, 0x52, 0x7, 0xd, 0x7f, 0xff,
    0x1c, 0x3f, 0xfa, 0x7a, 0x1f, 0xfd, 0x6, 0xf,
    0xff, 0x7a, 0x1f, 0xfd, 0xa, 0x7, 0xd7, 0xff,
    0xf1, 0xc3, 0xf9, 0x7f, 0xf9, 0x41, 0xa0, 0xab,
    0xff, 0x94, 0x82, 0x50, 0x7f, 0xf3, 0xd2, 0x5f,
    0xfe, 0x74, 0x0,

    /* U+F241 "" */
    0x2, 0xff, 0xf3, 0x3, 0x3d, 0x7f, 0xf3, 0x3c,
    0x8, 0x3f, 0xf9, 0xe8, 0x65, 0xff, 0xe5, 0x5,
    0x86, 0xaf, 0xfe, 0x52, 0x7, 0xd, 0x7f, 0xff,
    0x9, 0xf, 0xfe, 0xbe, 0x87, 0xff, 0x41, 0x83,
    0xff, 0xde, 0x87, 0xff, 0x42, 0x81, 0xf5, 0xff,
    0xfc, 0x24, 0x3f, 0xf8, 0x2b, 0xff, 0xca, 0xd,
    0x5, 0x5f, 0xfc, 0xa4, 0x12, 0x83, 0xff, 0x9e,
    0x92, 0xff, 0xf3, 0xa0, 0x0,

    /* U+F242 "" */
    0x2, 0xff, 0xf3, 0x3, 0x3d, 0x7f, 0xf3, 0x3c,
    0x8, 0x3f, 0xf9, 0xe8, 0x65, 0xff, 0xe5, 0x5,
    0x86, 0xaf, 0xfe, 0x52, 0x7, 0xd, 0x7f, 0xf8,
    0x3f, 0xfb, 0x9a, 0x1f, 0xfd, 0x6, 0xf, 0xff,
    0x7a, 0x1f, 0xfd, 0xa, 0x7, 0xd7, 0xff, 0x83,
    0xff, 0x8c, 0xbf, 0xfc, 0xa0, 0xd0, 0x55, 0xff,
    0xca, 0x41, 0x28, 0x3f, 0xf9, 0xe9, 0x2f, 0xff,
    0x3a, 0x0,

    /* U+F243 "" */
    0x2, 0xff, 0xf3, 0x3, 0x3d, 0x7f, 0xf3, 0x3c,
    0x8, 0x3f, 0xf9, 0xe8, 0x65, 0xff, 0xe5, 0x5,
    0x86, 0xaf, 0xfe, 0x52, 0x7, 0xd, 0x7f, 0x21,
    0xff, 0xe0, 0xd0, 0xff, 0xe8, 0x30, 0x7f, 0xfb,
    0xd0, 0xff, 0xe8, 0x50, 0x3e, 0xbf, 0x90, 0xff,
    0xe5, 0x2f, 0xff, 0x28, 0x34, 0x15, 0x7f, 0xf2,
    0x90, 0x4a, 0xf, 0xfe, 0x7a, 0x4b, 0xff, 0xce,
    0x80,

    /* U+F244 "" */
    0x2, 0xff, 0xf3, 0x3, 0x3d, 0x7f, 0xf3, 0x3c,
    0x8, 0x3f, 0xf9, 0xe8, 0x65, 0xff, 0xe5, 0x5,
    0x86, 0xaf, 0xfe, 0x52, 0x7, 0xf, 0xff, 0x5e,
    0x87, 0xff, 0x41, 0x83, 0xff, 0xde, 0x87, 0xff,
    0x42, 0x81, 0xff, 0xd8, 0x5f, 0xfe, 0x50, 0x68,
    0x2a, 0xff, 0xe5, 0x20, 0x94, 0x1f, 0xfc, 0xf4,
    0x97, 0xff, 0x9d, 0x0,

    /* U+F287 "" */
    0xf, 0xff, 0x1f, 0xc1, 0xff, 0xcd, 0x56, 0x16,
    0x1f, 0xfc, 0xa7, 0xa0, 0x7f, 0xf3, 0xe2, 0xd0,
    0x90, 0xff, 0xe4, 0xa4, 0x92, 0x30, 0x7f, 0xf2,
    0x61, 0xa, 0xe0, 0xff, 0xe0, 0xdf, 0x21, 0x24,
    0x1f, 0xfc, 0x19, 0xd, 0x21, 0x41, 0x42, 0x1f,
    0xfc, 0x16, 0x81, 0x21, 0xdd, 0x82, 0xbf, 0xf8,
    0x40, 0x74, 0x3f, 0x21, 0x2f, 0xff, 0x8, 0x36,
    0x21, 0xd7, 0xf0, 0x3f, 0xfe, 0xa, 0x84, 0x19,
    0x41, 0xd9, 0x7, 0xfd, 0x68, 0x5d, 0x38, 0x3e,
    0x50, 0x7f, 0xb4, 0x3c, 0xa0, 0xfe, 0x88, 0x17,
    0xe4, 0x3f, 0xf9, 0x2a, 0x90, 0xff, 0xe7, 0xca,
    0x90, 0xff, 0xe7, 0xdc, 0x1f, 0xfd, 0x25, 0x7,
    0xff, 0x4a, 0xfc, 0x87, 0xc0,

    /* U+F293 "" */
    0xf, 0x5f, 0xd2, 0x1f, 0xd6, 0x87, 0x36, 0x1f,
    0x68, 0x68, 0x3b, 0x43, 0x41, 0xe6, 0xe, 0x83,
    0x21, 0xf3, 0x7, 0x40, 0x83, 0xf9, 0x83, 0x20,
    0x43, 0xf9, 0x50, 0x7f, 0x3a, 0x1a, 0x54, 0x12,
    0x82, 0x49, 0xf, 0xf6, 0x1d, 0x94, 0x4, 0xa8,
    0x3f, 0xd8, 0x81, 0x20, 0xff, 0xe0, 0x61, 0xb0,
    0xff, 0xe2, 0xa1, 0xff, 0xc2, 0x82, 0x60, 0xff,
    0xe0, 0x48, 0x66, 0xf, 0xf4, 0xac, 0x18, 0xa0,
    0xc8, 0x52, 0xa0, 0xd1, 0x5, 0x86, 0x98, 0x33,
    0x18, 0x48, 0x85, 0x7, 0x46, 0x1e, 0xc3, 0xfd,
    0x86, 0x40, 0xa0, 0xfd, 0x87, 0x41, 0x41, 0xf6,
    0x1d, 0x7, 0x68, 0x6c, 0x3a, 0x43, 0xd6, 0x87,
    0x9d, 0x8,

    /* U+F2ED "" */
    0xf, 0xaf, 0xe8, 0x3f, 0x2f, 0x48, 0x73, 0x2f,
    0x1d, 0x72, 0x1f, 0x35, 0xd8, 0x7f, 0xf2, 0x57,
    0xff, 0x93, 0x5f, 0xfc, 0x92, 0xff, 0xfe, 0x2c,
    0x1f, 0xfe, 0x4a, 0x5, 0x85, 0x40, 0xff, 0xff,
    0x87, 0xff, 0xfc, 0x3f, 0xff, 0xe1, 0xff, 0xc0,
    0xc2, 0xa0, 0x58, 0x54, 0xb, 0xf, 0xfe, 0x5a,
    0x83, 0xff, 0x86, 0xa0,

    /* U+F304 "" */
    0xf, 0xfe, 0x33, 0xe4, 0x3f, 0xf9, 0xc, 0x9,
    0xf, 0xfe, 0x33, 0x6, 0x90, 0xff, 0xe2, 0xc1,
    0xe9, 0xf, 0xfe, 0x12, 0x61, 0xf4, 0x1f, 0xfc,
    0x16, 0x86, 0x1f, 0xfc, 0x76, 0x18, 0xc3, 0xa0,
    0xff, 0x98, 0x26, 0x30, 0xa4, 0x3f, 0xcc, 0x1c,
    0xc6, 0x48, 0x7f, 0x98, 0x3e, 0x63, 0x43, 0xfc,
    0xc1, 0xfc, 0xa0, 0xff, 0x98, 0x3f, 0xd2, 0x1f,
    0xe6, 0xf, 0xf4, 0x87, 0xf9, 0x83, 0xfd, 0x21,
    0xfe, 0x60, 0xff, 0x48, 0x7f, 0x98, 0x3f, 0xd2,
    0x1f, 0xe6, 0xf, 0xf4, 0x87, 0xf9, 0x83, 0xfd,
    0x21, 0xff, 0x61, 0xfe, 0x90, 0xff, 0xe5, 0x48,
    0x7f, 0xf2, 0xa4, 0x3f, 0xf8, 0x48, 0x7d, 0x21,
    0xff, 0xca, 0x90, 0xff, 0xe2, 0x20, 0x5a, 0x43,
    0xff, 0x8b, 0x7a, 0xa4, 0x3f, 0xf8, 0xa0,

    /* U+F55A "" */
    0xf, 0xd7, 0xff, 0xf1, 0xe0, 0xfd, 0xa1, 0xff,
    0xc7, 0x60, 0xf6, 0x1f, 0xfc, 0xa4, 0x3b, 0xf,
    0xfe, 0x86, 0x1f, 0xae, 0xd, 0x68, 0x7f, 0xb0,
    0xfe, 0x46, 0x4, 0x90, 0x7f, 0x61, 0xfe, 0x40,
    0xd1, 0x2, 0x1f, 0xb0, 0xff, 0xa4, 0xa, 0x3,
    0x7, 0xd8, 0x7f, 0xf0, 0x64, 0x33, 0x7, 0xff,
    0x6b, 0xf, 0xfe, 0xc, 0x86, 0x60, 0xfe, 0xc3,
    0xfe, 0x90, 0x28, 0xc, 0x1f, 0xd8, 0x7f, 0x90,
    0x34, 0x40, 0x87, 0xfb, 0xf, 0xe8, 0x60, 0x48,
    0x87, 0xfd, 0x87, 0xe7, 0x83, 0x5c, 0x1f, 0xfc,
    0xc, 0x3f, 0xfa, 0x58, 0x7f, 0xf2, 0x90, 0xfb,
    0x43, 0xff, 0x8e, 0xc0,

    /* U+F7C2 "" */
    0xe, 0x7f, 0xfd, 0x7, 0x30, 0x7f, 0x98, 0x26,
    0xf, 0xfe, 0x2, 0x6, 0x2d, 0x3c, 0x3e, 0xc,
    0xc1, 0xff, 0xc3, 0x60, 0xff, 0xe2, 0x41, 0xff,
    0xca, 0xe4, 0xa0, 0xd0, 0x3f, 0x28, 0xa, 0x2,
    0x83, 0xff, 0xfe, 0x1f, 0xff, 0xf0, 0xff, 0xff,
    0x87, 0xff, 0x1, 0xf, 0xfe, 0x23, 0x21, 0xff,
    0xc2, 0x60,

    /* U+F8A2 "" */
    0xf, 0xff, 0x1b, 0x87, 0xff, 0x29, 0x83, 0xff,
    0x94, 0xc1, 0xfb, 0xc8, 0x7f, 0xf0, 0x30, 0xfd,
    0x83, 0xf, 0xfe, 0x46, 0x1f, 0xfc, 0xbc, 0x3f,
    0xf9, 0x78, 0x73, 0xff, 0xfc, 0x4, 0x36, 0x1f,
    0xfc, 0xc4, 0x3f, 0xf9, 0x92, 0x1e, 0x5f, 0xfe,
    0x1c, 0xa, 0x6, 0x6b, 0xff, 0x86, 0x84, 0xc1,
    0xff, 0xcc, 0x60, 0xff, 0xe6, 0x33, 0x7, 0xff,
    0x14
};


/*---------------------
 *  GLYPH DESCRIPTION
 *--------------------*/

static const lv_font_fmt_txt_glyph_dsc_t glyph_dsc[] = {
    {.bitmap_index = 0, .adv_w = 0, .box_w = 0, .box_h = 0, .ofs_x = 0, .ofs_y = 0} /* id = 0 reserved */,
    {.bitmap_index = 0, .adv_w = 122, .box_w = 0, .box_h = 0, .ofs_x = 0, .ofs_y = 0},
    {.bitmap_index = 0, .adv_w = 154, .box_w = 3, .box_h = 18, .ofs_x = 3, .ofs_y = 0},
    {.bitmap_index = 10, .adv_w = 177, .box_w = 7, .box_h = 7, .ofs_x = 2, .ofs_y = 11},
    {.bitmap_index = 16, .adv_w = 322, .box_w = 18, .box_h = 18, .ofs_x = 1, .ofs_y = 0},
    {.bitmap_index = 83, .adv_w = 244, .box_w = 12, .box_h = 23, .ofs_x = 2, .ofs_y = -4},
    {.bitmap_index = 136, .adv_w = 365, .box_w = 21, .box_h = 18, .ofs_x = 1, .ofs_y = 0},
    {.bitmap_index = 220, .adv_w = 299, .box_w = 17, .box_h = 18, .ofs_x = 1, .ofs_y = 0},
    {.bitmap_index = 286, .adv_w = 106, .box_w = 3, .box_h = 7, .ofs_x = 2, .ofs_y = 11},
    {.bitmap_index = 290, .adv_w = 150, .box_w = 6, .box_h = 23, .ofs_x = 2, .ofs_y = -4},
    {.bitmap_index = 319, .adv_w = 150, .box_w = 7, .box_h = 23, .ofs_x = 1, .ofs_y = -4},
    {.bitmap_index = 352, .adv_w = 192, .box_w = 12, .box_h = 12, .ofs_x = 0, .ofs_y = 6},
    {.bitmap_index = 385, .adv_w = 322, .box_w = 16, .box_h = 16, .ofs_x = 2, .ofs_y = 0},
    {.bitmap_index = 410, .adv_w = 122, .box_w = 5, .box_h = 6, .ofs_x = 1, .ofs_y = -3},
    {.bitmap_index = 418, .adv_w = 139, .box_w = 7, .box_h = 2, .ofs_x = 1, .ofs_y = 6},
    {.bitmap_index = 421, .adv_w = 122, .box_w = 4, .box_h = 4, .ofs_x = 2, .ofs_y = 0},
    {.bitmap_index = 425, .adv_w = 129, .box_w = 9, .box_h = 21, .ofs_x = 0, .ofs_y = -3},
    {.bitmap_index = 464, .adv_w = 244, .box_w = 13, .box_h = 18, .ofs_x = 1, .ofs_y = 0},
    {.bitmap_index = 510, .adv_w = 244, .box_w = 12, .box_h = 18, .ofs_x = 2, .ofs_y = 0},
    {.bitmap_index = 531, .adv_w = 244, .box_w = 12, .box_h = 18, .ofs_x = 1, .ofs_y = 0},
    {.bitmap_index = 576, .adv_w = 244, .box_w = 13, .box_h = 18, .ofs_x = 1, .ofs_y = 0},
    {.bitmap_index = 626, .adv_w = 244, .box_w = 13, .box_h = 18, .ofs_x = 1, .ofs_y = 0},
    {.bitmap_index = 667, .adv_w = 244, .box_w = 13, .box_h = 18, .ofs_x = 1, .ofs_y = 0},
    {.bitmap_index = 708, .adv_w = 244, .box_w = 13, .box_h = 18, .ofs_x = 1, .ofs_y = 0},
    {.bitmap_index = 763, .adv_w = 244, .box_w = 13, .box_h = 18, .ofs_x = 1, .ofs_y = 0},
    {.bitmap_index = 810, .adv_w = 244, .box_w = 13, .box_h = 18, .ofs_x = 1, .ofs_y = 0},
    {.bitmap_index = 866, .adv_w = 244, .box_w = 13, .box_h = 18, .ofs_x = 1, .ofs_y = 0},
    {.bitmap_index = 919, .adv_w = 129, .box_w = 4, .box_h = 13, .ofs_x = 2, .ofs_y = 0},
    {.bitmap_index = 928, .adv_w = 129, .box_w = 5, .box_h = 16, .ofs_x = 1, .ofs_y = -3},
    {.bitmap_index = 943, .adv_w = 322, .box_w = 16, .box_h = 14, .ofs_x = 2, .ofs_y = 1},
    {.bitmap_index = 989, .adv_w = 322, .box_w = 16, .box_h = 8, .ofs_x = 2, .ofs_y = 4},
    {.bitmap_index = 1009, .adv_w = 322, .box_w = 16, .box_h = 14, .ofs_x = 2, .ofs_y = 1},
    {.bitmap_index = 1058, .adv_w = 204, .box_w = 11, .box_h = 18, .ofs_x = 1, .ofs_y = 0},
    {.bitmap_index = 1094, .adv_w = 384, .box_w = 22, .box_h = 22, .ofs_x = 1, .ofs_y = -4},
    {.bitmap_index = 1197, .adv_w = 263, .box_w = 17, .box_h = 18, .ofs_x = 0, .ofs_y = 0},
    {.bitmap_index = 1260, .adv_w = 263, .box_w = 13, .box_h = 18, .ofs_x = 2, .ofs_y = 0},
    {.bitmap_index = 1304, .adv_w = 268, .box_w = 15, .box_h = 18, .ofs_x = 1, .ofs_y = 0},
    {.bitmap_index = 1355, .adv_w = 296, .box_w = 16, .box_h = 18, .ofs_x = 2, .ofs_y = 0},
    {.bitmap_index = 1405, .adv_w = 243, .box_w = 12, .box_h = 18, .ofs_x = 2, .ofs_y = 0},
    {.bitmap_index = 1428, .adv_w = 221, .box_w = 11, .box_h = 18, .ofs_x = 2, .ofs_y = 0},
    {.bitmap_index = 1449, .adv_w = 298, .box_w = 16, .box_h = 18, .ofs_x = 1, .ofs_y = 0},
    {.bitmap_index = 1509, .adv_w = 289, .box_w = 14, .box_h = 18, .ofs_x = 2, .ofs_y = 0},
    {.bitmap_index = 1528, .adv_w = 113, .box_w = 3, .box_h = 18, .ofs_x = 2, .ofs_y = 0},
    {.bitmap_index = 1532, .adv_w = 113, .box_w = 7, .box_h = 23, .ofs_x = -2, .ofs_y = -5},
    {.bitmap_index = 1547, .adv_w = 252, .box_w = 15, .box_h = 18, .ofs_x = 2, .ofs_y = 0},
    {.bitmap_index = 1603, .adv_w = 214, .box_w = 12, .box_h = 18, .ofs_x = 2, .ofs_y = 0},
    {.bitmap_index = 1617, .adv_w = 331, .box_w = 17, .box_h = 18, .ofs_x = 2, .ofs_y = 0},
    {.bitmap_index = 1675, .adv_w = 287, .box_w = 14, .box_h = 18, .ofs_x = 2, .ofs_y = 0},
    {.bitmap_index = 1724, .adv_w = 302, .box_w = 17, .box_h = 18, .ofs_x = 1, .ofs_y = 0},
    {.bitmap_index = 1788, .adv_w = 232, .box_w = 12, .box_h = 18, .ofs_x = 2, .ofs_y = 0},
    {.bitmap_index = 1817, .adv_w = 302, .box_w = 17, .box_h = 21, .ofs_x = 1, .ofs_y = -3},
    {.bitmap_index = 1891, .adv_w = 267, .box_w = 14, .box_h = 18, .ofs_x = 2, .ofs_y = 0},
    {.bitmap_index = 1940, .adv_w = 244, .box_w = 13, .box_h = 18, .ofs_x = 1, .ofs_y = 0},
    {.bitmap_index = 1990, .adv_w = 235, .box_w = 16, .box_h = 18, .ofs_x = -1, .ofs_y = 0},
    {.bitmap_index = 2010, .adv_w = 281, .box_w = 14, .box_h = 18, .ofs_x = 2, .ofs_y = 0},
    {.bitmap_index = 2039, .adv_w = 263, .box_w = 17, .box_h = 18, .ofs_x = 0, .ofs_y = 0},
    {.bitmap_index = 2106, .adv_w = 380, .box_w = 23, .box_h = 18, .ofs_x = 0, .ofs_y = 0},
    {.bitmap_index = 2195, .adv_w = 263, .box_w = 16, .box_h = 18, .ofs_x = 0, .ofs_y = 0},
    {.bitmap_index = 2260, .adv_w = 235, .box_w = 16, .box_h = 18, .ofs_x = -1, .ofs_y = 0},
    {.bitmap_index = 2300, .adv_w = 263, .box_w = 15, .box_h = 18, .ofs_x = 1, .ofs_y = 0},
    {.bitmap_index = 2352, .adv_w = 150, .box_w = 6, .box_h = 22, .ofs_x = 2, .ofs_y = -3},
    {.bitmap_index = 2363, .adv_w = 129, .box_w = 9, .box_h = 21, .ofs_x = 0, .ofs_y = -3},
    {.bitmap_index = 2401, .adv_w = 150, .box_w = 6, .box_h = 22, .ofs_x = 2, .ofs_y = -3},
    {.bitmap_index = 2412, .adv_w = 322, .box_w = 16, .box_h = 7, .ofs_x = 2, .ofs_y = 11},
    {.bitmap_index = 2438, .adv_w = 192, .box_w = 14, .box_h = 2, .ofs_x = -1, .ofs_y = -6},
    {.bitmap_index = 2445, .adv_w = 192, .box_w = 6, .box_h = 5, .ofs_x = 2, .ofs_y = 15},
    {.bitmap_index = 2453, .adv_w = 235, .box_w = 12, .box_h = 14, .ofs_x = 1, .ofs_y = 0},
    {.bitmap_index = 2492, .adv_w = 244, .box_w = 12, .box_h = 19, .ofs_x = 2, .ofs_y = 0},
    {.bitmap_index = 2529, .adv_w = 211, .box_w = 11, .box_h = 14, .ofs_x = 1, .ofs_y = 0},
    {.bitmap_index = 2558, .adv_w = 244, .box_w = 13, .box_h = 19, .ofs_x = 1, .ofs_y = 0},
    {.bitmap_index = 2598, .adv_w = 236, .box_w = 13, .box_h = 14, .ofs_x = 1, .ofs_y = 0},
    {.bitmap_index = 2638, .adv_w = 135, .box_w = 9, .box_h = 19, .ofs_x = 0, .ofs_y = 0},
    {.bitmap_index = 2659, .adv_w = 244, .box_w = 13, .box_h = 19, .ofs_x = 1, .ofs_y = -5},
    {.bitmap_index = 2711, .adv_w = 243, .box_w = 12, .box_h = 19, .ofs_x = 2, .ofs_y = 0},
    {.bitmap_index = 2734, .adv_w = 107, .box_w = 3, .box_h = 19, .ofs_x = 2, .ofs_y = 0},
    {.bitmap_index = 2741, .adv_w = 107, .box_w = 6, .box_h = 24, .ofs_x = -1, .ofs_y = -5},
    {.bitmap_index = 2758, .adv_w = 222, .box_w = 12, .box_h = 19, .ofs_x = 2, .ofs_y = 0},
    {.bitmap_index = 2795, .adv_w = 107, .box_w = 3, .box_h = 19, .ofs_x = 2, .ofs_y = 0},
    {.bitmap_index = 2799, .adv_w = 374, .box_w = 20, .box_h = 14, .ofs_x = 2, .ofs_y = 0},
    {.bitmap_index = 2833, .adv_w = 243, .box_w = 12, .box_h = 14, .ofs_x = 2, .ofs_y = 0},
    {.bitmap_index = 2854, .adv_w = 235, .box_w = 13, .box_h = 14, .ofs_x = 1, .ofs_y = 0},
    {.bitmap_index = 2894, .adv_w = 244, .box_w = 12, .box_h = 19, .ofs_x = 2, .ofs_y = -5},
    {.bitmap_index = 2933, .adv_w = 244, .box_w = 13, .box_h = 19, .ofs_x = 1, .ofs_y = -5},
    {.bitmap_index = 2974, .adv_w = 158, .box_w = 8, .box_h = 14, .ofs_x = 2, .ofs_y = 0},
    {.bitmap_index = 2987, .adv_w = 200, .box_w = 11, .box_h = 14, .ofs_x = 1, .ofs_y = 0},
    {.bitmap_index = 3024, .adv_w = 151, .box_w = 9, .box_h = 18, .ofs_x = 0, .ofs_y = 0},
    {.bitmap_index = 3047, .adv_w = 243, .box_w = 12, .box_h = 14, .ofs_x = 2, .ofs_y = 0},
    {.bitmap_index = 3069, .adv_w = 227, .box_w = 14, .box_h = 14, .ofs_x = 0, .ofs_y = 0},
    {.bitmap_index = 3113, .adv_w = 314, .box_w = 18, .box_h = 14, .ofs_x = 1, .ofs_y = 0},
    {.bitmap_index = 3173, .adv_w = 227, .box_w = 14, .box_h = 14, .ofs_x = 0, .ofs_y = 0},
    {.bitmap_index = 3220, .adv_w = 227, .box_w = 14, .box_h = 19, .ofs_x = 0, .ofs_y = -5},
    {.bitmap_index = 3278, .adv_w = 202, .box_w = 11, .box_h = 14, .ofs_x = 1, .ofs_y = 0},
    {.bitmap_index = 3310, .adv_w = 244, .box_w = 10, .box_h = 23, .ofs_x = 3, .ofs_y = -4},
    {.bitmap_index = 3345, .adv_w = 129, .box_w = 3, .box_h = 25, .ofs_x = 3, .ofs_y = -6},
    {.bitmap_index = 3349, .adv_w = 244, .box_w = 10, .box_h = 23, .ofs_x = 3, .ofs_y = -4},
    {.bitmap_index = 3383, .adv_w = 322, .box_w = 16, .box_h = 6, .ofs_x = 2, .ofs_y = 5},
    {.bitmap_index = 3406, .adv_w = 122, .box_w = 0, .box_h = 0, .ofs_x = 0, .ofs_y = 0},
    {.bitmap_index = 3406, .adv_w = 154, .box_w = 3, .box_h = 19, .ofs_x = 3, .ofs_y = -5},
    {.bitmap_index = 3416, .adv_w = 244, .box_w = 11, .box_h = 22, .ofs_x = 2, .ofs_y = -4},
    {.bitmap_index = 3458, .adv_w = 244, .box_w = 13, .box_h = 18, .ofs_x = 1, .ofs_y = 0},
    {.bitmap_index = 3490, .adv_w = 244, .box_w = 14, .box_h = 14, .ofs_x = 1, .ofs_y = 1},
    {.bitmap_index = 3537, .adv_w = 244, .box_w = 15, .box_h = 18, .ofs_x = 0, .ofs_y = 0},
    {.bitmap_index = 3589, .adv_w = 129, .box_w = 3, .box_h = 22, .ofs_x = 3, .ofs_y = -4},
    {.bitmap_index = 3599, .adv_w = 192, .box_w = 10, .box_h = 21, .ofs_x = 1, .ofs_y = -3},
    {.bitmap_index = 3651, .adv_w = 192, .box_w = 8, .box_h = 3, .ofs_x = 2, .ofs_y = 16},
    {.bitmap_index = 3658, .adv_w = 384, .box_w = 18, .box_h = 20, .ofs_x = 3, .ofs_y = -1},
    {.bitmap_index = 3730, .adv_w = 181, .box_w = 9, .box_h = 12, .ofs_x = 1, .ofs_y = 5},
    {.bitmap_index = 3756, .adv_w = 235, .box_w = 12, .box_h = 12, .ofs_x = 1, .ofs_y = 1},
    {.bitmap_index = 3792, .adv_w = 322, .box_w = 16, .box_h = 8, .ofs_x = 2, .ofs_y = 3},
    {.bitmap_index = 3807, .adv_w = 139, .box_w = 7, .box_h = 2, .ofs_x = 1, .ofs_y = 6},
    {.bitmap_index = 3810, .adv_w = 384, .box_w = 18, .box_h = 20, .ofs_x = 3, .ofs_y = -1},
    {.bitmap_index = 3889, .adv_w = 192, .box_w = 8, .box_h = 2, .ofs_x = 2, .ofs_y = 17},
    {.bitmap_index = 3893, .adv_w = 192, .box_w = 8, .box_h = 8, .ofs_x = 2, .ofs_y = 11},
    {.bitmap_index = 3909, .adv_w = 322, .box_w = 16, .box_h = 16, .ofs_x = 2, .ofs_y = 0},
    {.bitmap_index = 3938, .adv_w = 154, .box_w = 8, .box_h = 9, .ofs_x = 1, .ofs_y = 8},
    {.bitmap_index = 3956, .adv_w = 154, .box_w = 8, .box_h = 9, .ofs_x = 1, .ofs_y = 8},
    {.bitmap_index = 3973, .adv_w = 192, .box_w = 6, .box_h = 5, .ofs_x = 4, .ofs_y = 15},
    {.bitmap_index = 3981, .adv_w = 244, .box_w = 13, .box_h = 19, .ofs_x = 2, .ofs_y = -5},
    {.bitmap_index = 4010, .adv_w = 244, .box_w = 12, .box_h = 21, .ofs_x = 1, .ofs_y = -3},
    {.bitmap_index = 4038, .adv_w = 122, .box_w = 4, .box_h = 4, .ofs_x = 2, .ofs_y = 7},
    {.bitmap_index = 4042, .adv_w = 192, .box_w = 6, .box_h = 5, .ofs_x = 3, .ofs_y = -5},
    {.bitmap_index = 4050, .adv_w = 154, .box_w = 8, .box_h = 9, .ofs_x = 1, .ofs_y = 8},
    {.bitmap_index = 4062, .adv_w = 181, .box_w = 10, .box_h = 12, .ofs_x = 1, .ofs_y = 5},
    {.bitmap_index = 4090, .adv_w = 235, .box_w = 11, .box_h = 12, .ofs_x = 2, .ofs_y = 1},
    {.bitmap_index = 4123, .adv_w = 372, .box_w = 22, .box_h = 19, .ofs_x = 1, .ofs_y = 0},
    {.bitmap_index = 4209, .adv_w = 372, .box_w = 21, .box_h = 20, .ofs_x = 1, .ofs_y = -1},
    {.bitmap_index = 4291, .adv_w = 372, .box_w = 22, .box_h = 20, .ofs_x = 1, .ofs_y = 0},
    {.bitmap_index = 4385, .adv_w = 204, .box_w = 11, .box_h = 19, .ofs_x = 1, .ofs_y = -5},
    {.bitmap_index = 4422, .adv_w = 263, .box_w = 17, .box_h = 23, .ofs_x = 0, .ofs_y = 0},
    {.bitmap_index = 4498, .adv_w = 263, .box_w = 17, .box_h = 23, .ofs_x = 0, .ofs_y = 0},
    {.bitmap_index = 4574, .adv_w = 263, .box_w = 17, .box_h = 23, .ofs_x = 0, .ofs_y = 0},
    {.bitmap_index = 4651, .adv_w = 263, .box_w = 17, .box_h = 24, .ofs_x = 0, .ofs_y = 0},
    {.bitmap_index = 4730, .adv_w = 263, .box_w = 17, .box_h = 23, .ofs_x = 0, .ofs_y = 0},
    {.bitmap_index = 4806, .adv_w = 263, .box_w = 17, .box_h = 23, .ofs_x = 0, .ofs_y = 0},
    {.bitmap_index = 4886, .adv_w = 374, .box_w = 22, .box_h = 18, .ofs_x = 0, .ofs_y = 0},
    {.bitmap_index = 4953, .adv_w = 268, .box_w = 15, .box_h = 23, .ofs_x = 1, .ofs_y = -5},
    {.bitmap_index = 5019, .adv_w = 243, .box_w = 12, .box_h = 23, .ofs_x = 2, .ofs_y = 0},
    {.bitmap_index = 5053, .adv_w = 243, .box_w = 12, .box_h = 23, .ofs_x = 2, .ofs_y = 0},
    {.bitmap_index = 5087, .adv_w = 243, .box_w = 12, .box_h = 23, .ofs_x = 2, .ofs_y = 0},
    {.bitmap_index = 5123, .adv_w = 243, .box_w = 12, .box_h = 23, .ofs_x = 2, .ofs_y = 0},
    {.bitmap_index = 5159, .adv_w = 113, .box_w = 6, .box_h = 23, .ofs_x = 0, .ofs_y = 0},
    {.bitmap_index = 5173, .adv_w = 113, .box_w = 6, .box_h = 23, .ofs_x = 1, .ofs_y = 0},
    {.bitmap_index = 5187, .adv_w = 113, .box_w = 9, .box_h = 23, .ofs_x = -1, .ofs_y = 0},
    {.bitmap_index = 5206, .adv_w = 113, .box_w = 8, .box_h = 23, .ofs_x = 0, .ofs_y = 0},
    {.bitmap_index = 5222, .adv_w = 298, .box_w = 18, .box_h = 18, .ofs_x = 0, .ofs_y = 0},
    {.bitmap_index = 5287, .adv_w = 287, .box_w = 14, .box_h = 24, .ofs_x = 2, .ofs_y = 0},
    {.bitmap_index = 5351, .adv_w = 302, .box_w = 17, .box_h = 24, .ofs_x = 1, .ofs_y = 0},
    {.bitmap_index = 5432, .adv_w = 302, .box_w = 17, .box_h = 24, .ofs_x = 1, .ofs_y = 0},
    {.bitmap_index = 5513, .adv_w = 302, .box_w = 17, .box_h = 24, .ofs_x = 1, .ofs_y = 0},
    {.bitmap_index = 5596, .adv_w = 302, .box_w = 17, .box_h = 24, .ofs_x = 1, .ofs_y = 0},
    {.bitmap_index = 5676, .adv_w = 302, .box_w = 17, .box_h = 23, .ofs_x = 1, .ofs_y = 0},
    {.bitmap_index = 5753, .adv_w = 322, .box_w = 14, .box_h = 15, .ofs_x = 3, .ofs_y = 0},
    {.bitmap_index = 5801, .adv_w = 302, .box_w = 17, .box_h = 20, .ofs_x = 1, .ofs_y = -1},
    {.bitmap_index = 5879, .adv_w = 281, .box_w = 14, .box_h = 24, .ofs_x = 2, .ofs_y = 0},
    {.bitmap_index = 5924, .adv_w = 281, .box_w = 14, .box_h = 24, .ofs_x = 2, .ofs_y = 0},
    {.bitmap_index = 5968, .adv_w = 281, .box_w = 14, .box_h = 24, .ofs_x = 2, .ofs_y = 0},
    {.bitmap_index = 6014, .adv_w = 281, .box_w = 14, .box_h = 23, .ofs_x = 2, .ofs_y = 0},
    {.bitmap_index = 6057, .adv_w = 235, .box_w = 16, .box_h = 23, .ofs_x = -1, .ofs_y = 0},
    {.bitmap_index = 6112, .adv_w = 232, .box_w = 12, .box_h = 18, .ofs_x = 2, .ofs_y = 0},
    {.bitmap_index = 6144, .adv_w = 242, .box_w = 13, .box_h = 19, .ofs_x = 2, .ofs_y = 0},
    {.bitmap_index = 6195, .adv_w = 235, .box_w = 12, .box_h = 21, .ofs_x = 1, .ofs_y = 0},
    {.bitmap_index = 6250, .adv_w = 235, .box_w = 12, .box_h = 21, .ofs_x = 1, .ofs_y = 0},
    {.bitmap_index = 6304, .adv_w = 235, .box_w = 12, .box_h = 21, .ofs_x = 1, .ofs_y = 0},
    {.bitmap_index = 6361, .adv_w = 235, .box_w = 12, .box_h = 19, .ofs_x = 1, .ofs_y = 0},
    {.bitmap_index = 6414, .adv_w = 235, .box_w = 12, .box_h = 19, .ofs_x = 1, .ofs_y = 0},
    {.bitmap_index = 6466, .adv_w = 235, .box_w = 12, .box_h = 23, .ofs_x = 1, .ofs_y = 0},
    {.bitmap_index = 6527, .adv_w = 377, .box_w = 22, .box_h = 14, .ofs_x = 1, .ofs_y = 0},
    {.bitmap_index = 6596, .adv_w = 211, .box_w = 11, .box_h = 19, .ofs_x = 1, .ofs_y = -5},
    {.bitmap_index = 6637, .adv_w = 236, .box_w = 13, .box_h = 21, .ofs_x = 1, .ofs_y = 0},
    {.bitmap_index = 6692, .adv_w = 236, .box_w = 13, .box_h = 21, .ofs_x = 1, .ofs_y = 0},
    {.bitmap_index = 6746, .adv_w = 236, .box_w = 13, .box_h = 21, .ofs_x = 1, .ofs_y = 0},
    {.bitmap_index = 6803, .adv_w = 236, .box_w = 13, .box_h = 19, .ofs_x = 1, .ofs_y = 0},
    {.bitmap_index = 6855, .adv_w = 107, .box_w = 6, .box_h = 20, .ofs_x = -1, .ofs_y = 0},
    {.bitmap_index = 6869, .adv_w = 107, .box_w = 7, .box_h = 20, .ofs_x = 1, .ofs_y = 0},
    {.bitmap_index = 6886, .adv_w = 107, .box_w = 9, .box_h = 20, .ofs_x = -1, .ofs_y = 0},
    {.bitmap_index = 6907, .adv_w = 107, .box_w = 8, .box_h = 19, .ofs_x = -1, .ofs_y = 0},
    {.bitmap_index = 6923, .adv_w = 235, .box_w = 13, .box_h = 19, .ofs_x = 1, .ofs_y = 0},
    {.bitmap_index = 6979, .adv_w = 243, .box_w = 12, .box_h = 19, .ofs_x = 2, .ofs_y = 0},
    {.bitmap_index = 7014, .adv_w = 235, .box_w = 13, .box_h = 21, .ofs_x = 1, .ofs_y = 0},
    {.bitmap_index = 7070, .adv_w = 235, .box_w = 13, .box_h = 21, .ofs_x = 1, .ofs_y = 0},
    {.bitmap_index = 7125, .adv_w = 235, .box_w = 13, .box_h = 21, .ofs_x = 1, .ofs_y = 0},
    {.bitmap_index = 7183, .adv_w = 235, .box_w = 13, .box_h = 19, .ofs_x = 1, .ofs_y = 0},
    {.bitmap_index = 7237, .adv_w = 235, .box_w = 13, .box_h = 19, .ofs_x = 1, .ofs_y = 0},
    {.bitmap_index = 7290, .adv_w = 322, .box_w = 16, .box_h = 12, .ofs_x = 2, .ofs_y = 2},
    {.bitmap_index = 7314, .adv_w = 235, .box_w = 14, .box_h = 16, .ofs_x = 0, .ofs_y = -1},
    {.bitmap_index = 7368, .adv_w = 243, .box_w = 12, .box_h = 21, .ofs_x = 2, .ofs_y = 0},
    {.bitmap_index = 7405, .adv_w = 243, .box_w = 12, .box_h = 21, .ofs_x = 2, .ofs_y = 0},
    {.bitmap_index = 7443, .adv_w = 243, .box_w = 12, .box_h = 21, .ofs_x = 2, .ofs_y = 0},
    {.bitmap_index = 7483, .adv_w = 243, .box_w = 12, .box_h = 19, .ofs_x = 2, .ofs_y = 0},
    {.bitmap_index = 7518, .adv_w = 227, .box_w = 14, .box_h = 25, .ofs_x = 0, .ofs_y = -5},
    {.bitmap_index = 7592, .adv_w = 244, .box_w = 12, .box_h = 24, .ofs_x = 2, .ofs_y = -5},
    {.bitmap_index = 7633, .adv_w = 227, .box_w = 14, .box_h = 24, .ofs_x = 0, .ofs_y = -5},
    {.bitmap_index = 7704, .adv_w = 263, .box_w = 17, .box_h = 23, .ofs_x = 0, .ofs_y = 0},
    {.bitmap_index = 7776, .adv_w = 235, .box_w = 12, .box_h = 19, .ofs_x = 1, .ofs_y = 0},
    {.bitmap_index = 7824, .adv_w = 263, .box_w = 17, .box_h = 24, .ofs_x = 0, .ofs_y = 0},
    {.bitmap_index = 7904, .adv_w = 235, .box_w = 12, .box_h = 19, .ofs_x = 1, .ofs_y = 0},
    {.bitmap_index = 7956, .adv_w = 263, .box_w = 17, .box_h = 23, .ofs_x = 0, .ofs_y = -5},
    {.bitmap_index = 8036, .adv_w = 235, .box_w = 13, .box_h = 19, .ofs_x = 1, .ofs_y = -5},
    {.bitmap_index = 8092, .adv_w = 268, .box_w = 15, .box_h = 24, .ofs_x = 1, .ofs_y = 0},
    {.bitmap_index = 8160, .adv_w = 211, .box_w = 11, .box_h = 21, .ofs_x = 1, .ofs_y = 0},
    {.bitmap_index = 8203, .adv_w = 268, .box_w = 15, .box_h = 24, .ofs_x = 1, .ofs_y = 0},
    {.bitmap_index = 8271, .adv_w = 211, .box_w = 11, .box_h = 21, .ofs_x = 1, .ofs_y = 0},
    {.bitmap_index = 8317, .adv_w = 268, .box_w = 15, .box_h = 23, .ofs_x = 1, .ofs_y = 0},
    {.bitmap_index = 8379, .adv_w = 211, .box_w = 11, .box_h = 19, .ofs_x = 1, .ofs_y = 0},
    {.bitmap_index = 8415, .adv_w = 268, .box_w = 15, .box_h = 24, .ofs_x = 1, .ofs_y = 0},
    {.bitmap_index = 8483, .adv_w = 211, .box_w = 11, .box_h = 21, .ofs_x = 1, .ofs_y = 0},
    {.bitmap_index = 8528, .adv_w = 296, .box_w = 16, .box_h = 23, .ofs_x = 2, .ofs_y = 0},
    {.bitmap_index = 8593, .adv_w = 244, .box_w = 17, .box_h = 19, .ofs_x = 1, .ofs_y = 0},
    {.bitmap_index = 8648, .adv_w = 298, .box_w = 18, .box_h = 18, .ofs_x = 0, .ofs_y = 0},
    {.bitmap_index = 8713, .adv_w = 244, .box_w = 14, .box_h = 19, .ofs_x = 1, .ofs_y = 0},
    {.bitmap_index = 8764, .adv_w = 243, .box_w = 12, .box_h = 23, .ofs_x = 2, .ofs_y = 0},
    {.bitmap_index = 8796, .adv_w = 236, .box_w = 13, .box_h = 19, .ofs_x = 1, .ofs_y = 0},
    {.bitmap_index = 8845, .adv_w = 243, .box_w = 12, .box_h = 23, .ofs_x = 2, .ofs_y = 0},
    {.bitmap_index = 8881, .adv_w = 236, .box_w = 13, .box_h = 20, .ofs_x = 1, .ofs_y = 0},
    {.bitmap_index = 8937, .adv_w = 243, .box_w = 12, .box_h = 23, .ofs_x = 2, .ofs_y = 0},
    {.bitmap_index = 8970, .adv_w = 236, .box_w = 13, .box_h = 19, .ofs_x = 1, .ofs_y = 0},
    {.bitmap_index = 9018, .adv_w = 243, .box_w = 12, .box_h = 23, .ofs_x = 2, .ofs_y = -5},
    {.bitmap_index = 9053, .adv_w = 236, .box_w = 13, .box_h = 19, .ofs_x = 1, .ofs_y = -5},
    {.bitmap_index = 9106, .adv_w = 243, .box_w = 12, .box_h = 23, .ofs_x = 2, .ofs_y = 0},
    {.bitmap_index = 9142, .adv_w = 236, .box_w = 13, .box_h = 21, .ofs_x = 1, .ofs_y = 0},
    {.bitmap_index = 9200, .adv_w = 298, .box_w = 16, .box_h = 24, .ofs_x = 1, .ofs_y = 0},
    {.bitmap_index = 9277, .adv_w = 244, .box_w = 13, .box_h = 25, .ofs_x = 1, .ofs_y = -5},
    {.bitmap_index = 9345, .adv_w = 298, .box_w = 16, .box_h = 24, .ofs_x = 1, .ofs_y = 0},
    {.bitmap_index = 9423, .adv_w = 244, .box_w = 13, .box_h = 25, .ofs_x = 1, .ofs_y = -5},
    {.bitmap_index = 9490, .adv_w = 298, .box_w = 16, .box_h = 23, .ofs_x = 1, .ofs_y = 0},
    {.bitmap_index = 9561, .adv_w = 244, .box_w = 13, .box_h = 24, .ofs_x = 1, .ofs_y = -5},
    {.bitmap_index = 9623, .adv_w = 298, .box_w = 16, .box_h = 24, .ofs_x = 1, .ofs_y = -6},
    {.bitmap_index = 9700, .adv_w = 244, .box_w = 13, .box_h = 24, .ofs_x = 1, .ofs_y = -5},
    {.bitmap_index = 9764, .adv_w = 289, .box_w = 14, .box_h = 23, .ofs_x = 2, .ofs_y = 0},
    {.bitmap_index = 9797, .adv_w = 243, .box_w = 15, .box_h = 23, .ofs_x = -1, .ofs_y = 0},
    {.bitmap_index = 9835, .adv_w = 352, .box_w = 18, .box_h = 18, .ofs_x = 2, .ofs_y = 0},
    {.bitmap_index = 9866, .adv_w = 267, .box_w = 13, .box_h = 19, .ofs_x = 1, .ofs_y = 0},
    {.bitmap_index = 9899, .adv_w = 113, .box_w = 9, .box_h = 24, .ofs_x = -1, .ofs_y = 0},
    {.bitmap_index = 9920, .adv_w = 107, .box_w = 9, .box_h = 19, .ofs_x = -1, .ofs_y = 0},
    {.bitmap_index = 9939, .adv_w = 113, .box_w = 8, .box_h = 23, .ofs_x = 0, .ofs_y = 0},
    {.bitmap_index = 9952, .adv_w = 107, .box_w = 8, .box_h = 19, .ofs_x = -1, .ofs_y = 0},
    {.bitmap_index = 9966, .adv_w = 113, .box_w = 9, .box_h = 23, .ofs_x = -1, .ofs_y = 0},
    {.bitmap_index = 9985, .adv_w = 107, .box_w = 9, .box_h = 20, .ofs_x = -1, .ofs_y = 0},
    {.bitmap_index = 10005, .adv_w = 113, .box_w = 5, .box_h = 23, .ofs_x = 2, .ofs_y = -5},
    {.bitmap_index = 10018, .adv_w = 107, .box_w = 6, .box_h = 24, .ofs_x = 1, .ofs_y = -5},
    {.bitmap_index = 10036, .adv_w = 113, .box_w = 3, .box_h = 23, .ofs_x = 2, .ofs_y = 0},
    {.bitmap_index = 10044, .adv_w = 107, .box_w = 3, .box_h = 14, .ofs_x = 2, .ofs_y = 0},
    {.bitmap_index = 10048, .adv_w = 227, .box_w = 10, .box_h = 23, .ofs_x = 2, .ofs_y = -5},
    {.bitmap_index = 10069, .adv_w = 213, .box_w = 10, .box_h = 24, .ofs_x = 2, .ofs_y = -5},
    {.bitmap_index = 10095, .adv_w = 113, .box_w = 10, .box_h = 28, .ofs_x = -2, .ofs_y = -5},
    {.bitmap_index = 10126, .adv_w = 107, .box_w = 9, .box_h = 25, .ofs_x = -1, .ofs_y = -5},
    {.bitmap_index = 10155, .adv_w = 252, .box_w = 15, .box_h = 24, .ofs_x = 2, .ofs_y = -6},
    {.bitmap_index = 10227, .adv_w = 222, .box_w = 12, .box_h = 25, .ofs_x = 2, .ofs_y = -6},
    {.bitmap_index = 10278, .adv_w = 222, .box_w = 12, .box_h = 14, .ofs_x = 2, .ofs_y = 0},
    {.bitmap_index = 10314, .adv_w = 214, .box_w = 12, .box_h = 23, .ofs_x = 2, .ofs_y = 0},
    {.bitmap_index = 10338, .adv_w = 107, .box_w = 5, .box_h = 23, .ofs_x = 2, .ofs_y = 0},
    {.bitmap_index = 10350, .adv_w = 214, .box_w = 12, .box_h = 24, .ofs_x = 2, .ofs_y = -6},
    {.bitmap_index = 10377, .adv_w = 107, .box_w = 5, .box_h = 25, .ofs_x = 1, .ofs_y = -6},
    {.bitmap_index = 10391, .adv_w = 214, .box_w = 12, .box_h = 18, .ofs_x = 2, .ofs_y = 0},
    {.bitmap_index = 10414, .adv_w = 144, .box_w = 7, .box_h = 19, .ofs_x = 2, .ofs_y = 0},
    {.bitmap_index = 10429, .adv_w = 214, .box_w = 12, .box_h = 18, .ofs_x = 2, .ofs_y = 0},
    {.bitmap_index = 10445, .adv_w = 131, .box_w = 6, .box_h = 19, .ofs_x = 2, .ofs_y = 0},
    {.bitmap_index = 10456, .adv_w = 216, .box_w = 15, .box_h = 18, .ofs_x = -1, .ofs_y = 0},
    {.bitmap_index = 10490, .adv_w = 109, .box_w = 7, .box_h = 19, .ofs_x = 0, .ofs_y = 0},
    {.bitmap_index = 10507, .adv_w = 287, .box_w = 14, .box_h = 23, .ofs_x = 2, .ofs_y = 0},
    {.bitmap_index = 10567, .adv_w = 243, .box_w = 12, .box_h = 20, .ofs_x = 2, .ofs_y = 0},
    {.bitmap_index = 10602, .adv_w = 287, .box_w = 14, .box_h = 24, .ofs_x = 2, .ofs_y = -6},
    {.bitmap_index = 10666, .adv_w = 243, .box_w = 12, .box_h = 20, .ofs_x = 2, .ofs_y = -6},
    {.bitmap_index = 10700, .adv_w = 287, .box_w = 14, .box_h = 23, .ofs_x = 2, .ofs_y = 0},
    {.bitmap_index = 10763, .adv_w = 243, .box_w = 12, .box_h = 20, .ofs_x = 2, .ofs_y = 0},
    {.bitmap_index = 10799, .adv_w = 312, .box_w = 16, .box_h = 18, .ofs_x = 2, .ofs_y = 0},
    {.bitmap_index = 10835, .adv_w = 287, .box_w = 14, .box_h = 23, .ofs_x = 2, .ofs_y = -5},
    {.bitmap_index = 10878, .adv_w = 243, .box_w = 12, .box_h = 19, .ofs_x = 2, .ofs_y = -5},
    {.bitmap_index = 10908, .adv_w = 302, .box_w = 17, .box_h = 23, .ofs_x = 1, .ofs_y = 0},
    {.bitmap_index = 10980, .adv_w = 235, .box_w = 13, .box_h = 19, .ofs_x = 1, .ofs_y = 0},
    {.bitmap_index = 11030, .adv_w = 302, .box_w = 17, .box_h = 24, .ofs_x = 1, .ofs_y = 0},
    {.bitmap_index = 11112, .adv_w = 235, .box_w = 13, .box_h = 20, .ofs_x = 1, .ofs_y = 0},
    {.bitmap_index = 11168, .adv_w = 302, .box_w = 17, .box_h = 24, .ofs_x = 1, .ofs_y = 0},
    {.bitmap_index = 11248, .adv_w = 235, .box_w = 13, .box_h = 21, .ofs_x = 1, .ofs_y = 0},
    {.bitmap_index = 11307, .adv_w = 411, .box_w = 24, .box_h = 18, .ofs_x = 1, .ofs_y = 0},
    {.bitmap_index = 11379, .adv_w = 393, .box_w = 23, .box_h = 14, .ofs_x = 1, .ofs_y = 0},
    {.bitmap_index = 11451, .adv_w = 267, .box_w = 14, .box_h = 23, .ofs_x = 2, .ofs_y = 0},
    {.bitmap_index = 11512, .adv_w = 158, .box_w = 9, .box_h = 20, .ofs_x = 2, .ofs_y = 0},
    {.bitmap_index = 11538, .adv_w = 267, .box_w = 14, .box_h = 24, .ofs_x = 2, .ofs_y = -6},
    {.bitmap_index = 11602, .adv_w = 158, .box_w = 9, .box_h = 20, .ofs_x = 1, .ofs_y = -6},
    {.bitmap_index = 11627, .adv_w = 267, .box_w = 14, .box_h = 23, .ofs_x = 2, .ofs_y = 0},
    {.bitmap_index = 11689, .adv_w = 158, .box_w = 9, .box_h = 20, .ofs_x = 2, .ofs_y = 0},
    {.bitmap_index = 11716, .adv_w = 244, .box_w = 13, .box_h = 24, .ofs_x = 1, .ofs_y = 0},
    {.bitmap_index = 11779, .adv_w = 200, .box_w = 11, .box_h = 21, .ofs_x = 1, .ofs_y = 0},
    {.bitmap_index = 11830, .adv_w = 244, .box_w = 13, .box_h = 24, .ofs_x = 1, .ofs_y = 0},
    {.bitmap_index = 11896, .adv_w = 200, .box_w = 11, .box_h = 21, .ofs_x = 1, .ofs_y = 0},
    {.bitmap_index = 11949, .adv_w = 244, .box_w = 13, .box_h = 23, .ofs_x = 1, .ofs_y = -5},
    {.bitmap_index = 12013, .adv_w = 200, .box_w = 11, .box_h = 19, .ofs_x = 1, .ofs_y = -5},
    {.bitmap_index = 12062, .adv_w = 244, .box_w = 13, .box_h = 24, .ofs_x = 1, .ofs_y = 0},
    {.bitmap_index = 12128, .adv_w = 200, .box_w = 11, .box_h = 21, .ofs_x = 1, .ofs_y = 0},
    {.bitmap_index = 12182, .adv_w = 235, .box_w = 16, .box_h = 23, .ofs_x = -1, .ofs_y = -5},
    {.bitmap_index = 12214, .adv_w = 151, .box_w = 9, .box_h = 23, .ofs_x = 0, .ofs_y = -5},
    {.bitmap_index = 12247, .adv_w = 235, .box_w = 16, .box_h = 23, .ofs_x = -1, .ofs_y = 0},
    {.bitmap_index = 12282, .adv_w = 151, .box_w = 9, .box_h = 21, .ofs_x = 0, .ofs_y = 0},
    {.bitmap_index = 12312, .adv_w = 235, .box_w = 16, .box_h = 18, .ofs_x = -1, .ofs_y = 0},
    {.bitmap_index = 12340, .adv_w = 151, .box_w = 9, .box_h = 18, .ofs_x = 0, .ofs_y = 0},
    {.bitmap_index = 12372, .adv_w = 281, .box_w = 14, .box_h = 24, .ofs_x = 2, .ofs_y = 0},
    {.bitmap_index = 12417, .adv_w = 243, .box_w = 12, .box_h = 19, .ofs_x = 2, .ofs_y = 0},
    {.bitmap_index = 12453, .adv_w = 281, .box_w = 14, .box_h = 23, .ofs_x = 2, .ofs_y = 0},
    {.bitmap_index = 12492, .adv_w = 243, .box_w = 12, .box_h = 19, .ofs_x = 2, .ofs_y = 0},
    {.bitmap_index = 12523, .adv_w = 281, .box_w = 14, .box_h = 24, .ofs_x = 2, .ofs_y = 0},
    {.bitmap_index = 12569, .adv_w = 243, .box_w = 12, .box_h = 20, .ofs_x = 2, .ofs_y = 0},
    {.bitmap_index = 12606, .adv_w = 281, .box_w = 14, .box_h = 24, .ofs_x = 2, .ofs_y = 0},
    {.bitmap_index = 12657, .adv_w = 243, .box_w = 12, .box_h = 22, .ofs_x = 2, .ofs_y = 0},
    {.bitmap_index = 12700, .adv_w = 281, .box_w = 14, .box_h = 24, .ofs_x = 2, .ofs_y = 0},
    {.bitmap_index = 12745, .adv_w = 243, .box_w = 12, .box_h = 21, .ofs_x = 2, .ofs_y = 0},
    {.bitmap_index = 12786, .adv_w = 281, .box_w = 14, .box_h = 23, .ofs_x = 2, .ofs_y = -5},
    {.bitmap_index = 12827, .adv_w = 243, .box_w = 13, .box_h = 19, .ofs_x = 2, .ofs_y = -5},
    {.bitmap_index = 12863, .adv_w = 380, .box_w = 23, .box_h = 24, .ofs_x = 0, .ofs_y = 0},
    {.bitmap_index = 12974, .adv_w = 314, .box_w = 18, .box_h = 20, .ofs_x = 1, .ofs_y = 0},
    {.bitmap_index = 13056, .adv_w = 235, .box_w = 16, .box_h = 24, .ofs_x = -1, .ofs_y = 0},
    {.bitmap_index = 13115, .adv_w = 227, .box_w = 14, .box_h = 26, .ofs_x = 0, .ofs_y = -5},
    {.bitmap_index = 13193, .adv_w = 235, .box_w = 16, .box_h = 23, .ofs_x = -1, .ofs_y = 0},
    {.bitmap_index = 13247, .adv_w = 263, .box_w = 15, .box_h = 23, .ofs_x = 1, .ofs_y = 0},
    {.bitmap_index = 13313, .adv_w = 202, .box_w = 11, .box_h = 20, .ofs_x = 1, .ofs_y = 0},
    {.bitmap_index = 13359, .adv_w = 263, .box_w = 15, .box_h = 23, .ofs_x = 1, .ofs_y = 0},
    {.bitmap_index = 13423, .adv_w = 202, .box_w = 11, .box_h = 19, .ofs_x = 1, .ofs_y = 0},
    {.bitmap_index = 13465, .adv_w = 263, .box_w = 15, .box_h = 23, .ofs_x = 1, .ofs_y = 0},
    {.bitmap_index = 13532, .adv_w = 202, .box_w = 11, .box_h = 20, .ofs_x = 1, .ofs_y = 0},
    {.bitmap_index = 13579, .adv_w = 135, .box_w = 9, .box_h = 19, .ofs_x = 0, .ofs_y = 0},
    {.bitmap_index = 13599, .adv_w = 384, .box_w = 24, .box_h = 25, .ofs_x = 0, .ofs_y = -3},
    {.bitmap_index = 13682, .adv_w = 384, .box_w = 24, .box_h = 18, .ofs_x = 0, .ofs_y = 0},
    {.bitmap_index = 13766, .adv_w = 384, .box_w = 24, .box_h = 22, .ofs_x = 0, .ofs_y = -2},
    {.bitmap_index = 13837, .adv_w = 384, .box_w = 24, .box_h = 18, .ofs_x = 0, .ofs_y = 0},
    {.bitmap_index = 13915, .adv_w = 264, .box_w = 17, .box_h = 18, .ofs_x = 0, .ofs_y = 0},
    {.bitmap_index = 13980, .adv_w = 384, .box_w = 24, .box_h = 24, .ofs_x = 0, .ofs_y = -3},
    {.bitmap_index = 14100, .adv_w = 384, .box_w = 24, .box_h = 24, .ofs_x = 0, .ofs_y = -3},
    {.bitmap_index = 14200, .adv_w = 432, .box_w = 27, .box_h = 22, .ofs_x = 0, .ofs_y = -2},
    {.bitmap_index = 14308, .adv_w = 384, .box_w = 24, .box_h = 24, .ofs_x = 0, .ofs_y = -3},
    {.bitmap_index = 14388, .adv_w = 432, .box_w = 27, .box_h = 18, .ofs_x = 0, .ofs_y = 0},
    {.bitmap_index = 14463, .adv_w = 384, .box_w = 24, .box_h = 26, .ofs_x = 0, .ofs_y = -4},
    {.bitmap_index = 14584, .adv_w = 192, .box_w = 12, .box_h = 19, .ofs_x = 0, .ofs_y = -1},
    {.bitmap_index = 14615, .adv_w = 288, .box_w = 18, .box_h = 19, .ofs_x = 0, .ofs_y = -1},
    {.bitmap_index = 14675, .adv_w = 432, .box_w = 27, .box_h = 24, .ofs_x = 0, .ofs_y = -3},
    {.bitmap_index = 14790, .adv_w = 384, .box_w = 24, .box_h = 18, .ofs_x = 0, .ofs_y = 0},
    {.bitmap_index = 14858, .adv_w = 264, .box_w = 17, .box_h = 24, .ofs_x = 0, .ofs_y = -3},
    {.bitmap_index = 14942, .adv_w = 336, .box_w = 15, .box_h = 22, .ofs_x = 3, .ofs_y = -2},
    {.bitmap_index = 15001, .adv_w = 336, .box_w = 21, .box_h = 26, .ofs_x = 0, .ofs_y = -4},
    {.bitmap_index = 15085, .adv_w = 336, .box_w = 21, .box_h = 22, .ofs_x = 0, .ofs_y = -2},
    {.bitmap_index = 15121, .adv_w = 336, .box_w = 21, .box_h = 22, .ofs_x = 0, .ofs_y = -2},
    {.bitmap_index = 15151, .adv_w = 336, .box_w = 15, .box_h = 22, .ofs_x = 3, .ofs_y = -2},
    {.bitmap_index = 15210, .adv_w = 336, .box_w = 23, .box_h = 22, .ofs_x = -1, .ofs_y = -2},
    {.bitmap_index = 15285, .adv_w = 240, .box_w = 13, .box_h = 22, .ofs_x = 1, .ofs_y = -2},
    {.bitmap_index = 15344, .adv_w = 240, .box_w = 13, .box_h = 22, .ofs_x = 1, .ofs_y = -2},
    {.bitmap_index = 15404, .adv_w = 336, .box_w = 21, .box_h = 22, .ofs_x = 0, .ofs_y = -2},
    {.bitmap_index = 15452, .adv_w = 336, .box_w = 21, .box_h = 6, .ofs_x = 0, .ofs_y = 6},
    {.bitmap_index = 15468, .adv_w = 432, .box_w = 27, .box_h = 18, .ofs_x = 0, .ofs_y = 0},
    {.bitmap_index = 15570, .adv_w = 480, .box_w = 31, .box_h = 24, .ofs_x = -1, .ofs_y = -3},
    {.bitmap_index = 15717, .adv_w = 432, .box_w = 29, .box_h = 24, .ofs_x = -1, .ofs_y = -3},
    {.bitmap_index = 15836, .adv_w = 384, .box_w = 24, .box_h = 22, .ofs_x = 0, .ofs_y = -2},
    {.bitmap_index = 15936, .adv_w = 336, .box_w = 21, .box_h = 14, .ofs_x = 0, .ofs_y = 2},
    {.bitmap_index = 15995, .adv_w = 336, .box_w = 21, .box_h = 14, .ofs_x = 0, .ofs_y = 2},
    {.bitmap_index = 16056, .adv_w = 480, .box_w = 31, .box_h = 19, .ofs_x = -1, .ofs_y = -1},
    {.bitmap_index = 16150, .adv_w = 384, .box_w = 24, .box_h = 18, .ofs_x = 0, .ofs_y = 0},
    {.bitmap_index = 16181, .adv_w = 384, .box_w = 24, .box_h = 24, .ofs_x = 0, .ofs_y = -3},
    {.bitmap_index = 16263, .adv_w = 384, .box_w = 25, .box_h = 25, .ofs_x = -1, .ofs_y = -3},
    {.bitmap_index = 16369, .adv_w = 336, .box_w = 22, .box_h = 22, .ofs_x = 0, .ofs_y = -2},
    {.bitmap_index = 16473, .adv_w = 336, .box_w = 21, .box_h = 24, .ofs_x = 0, .ofs_y = -3},
    {.bitmap_index = 16528, .adv_w = 336, .box_w = 21, .box_h = 22, .ofs_x = 0, .ofs_y = -2},
    {.bitmap_index = 16596, .adv_w = 336, .box_w = 21, .box_h = 20, .ofs_x = 0, .ofs_y = -1},
    {.bitmap_index = 16631, .adv_w = 384, .box_w = 24, .box_h = 18, .ofs_x = 0, .ofs_y = 0},
    {.bitmap_index = 16695, .adv_w = 240, .box_w = 17, .box_h = 24, .ofs_x = -1, .ofs_y = -3},
    {.bitmap_index = 16770, .adv_w = 336, .box_w = 21, .box_h = 24, .ofs_x = 0, .ofs_y = -3},
    {.bitmap_index = 16838, .adv_w = 336, .box_w = 21, .box_h = 24, .ofs_x = 0, .ofs_y = -3},
    {.bitmap_index = 16920, .adv_w = 432, .box_w = 27, .box_h = 18, .ofs_x = 0, .ofs_y = 0},
    {.bitmap_index = 16987, .adv_w = 384, .box_w = 26, .box_h = 26, .ofs_x = -1, .ofs_y = -4},
    {.bitmap_index = 17084, .adv_w = 288, .box_w = 18, .box_h = 24, .ofs_x = 0, .ofs_y = -3},
    {.bitmap_index = 17127, .adv_w = 480, .box_w = 30, .box_h = 23, .ofs_x = 0, .ofs_y = -2},
    {.bitmap_index = 17247, .adv_w = 480, .box_w = 30, .box_h = 16, .ofs_x = 0, .ofs_y = 1},
    {.bitmap_index = 17306, .adv_w = 480, .box_w = 30, .box_h = 16, .ofs_x = 0, .ofs_y = 1},
    {.bitmap_index = 17367, .adv_w = 480, .box_w = 30, .box_h = 16, .ofs_x = 0, .ofs_y = 1},
    {.bitmap_index = 17425, .adv_w = 480, .box_w = 30, .box_h = 16, .ofs_x = 0, .ofs_y = 1},
    {.bitmap_index = 17482, .adv_w = 480, .box_w = 30, .box_h = 16, .ofs_x = 0, .ofs_y = 1},
    {.bitmap_index = 17534, .adv_w = 480, .box_w = 31, .box_h = 20, .ofs_x = 0, .ofs_y = -1},
    {.bitmap_index = 17635, .adv_w = 336, .box_w = 19, .box_h = 24, .ofs_x = 1, .ofs_y = -3},
    {.bitmap_index = 17733, .adv_w = 336, .box_w = 21, .box_h = 24, .ofs_x = 0, .ofs_y = -3},
    {.bitmap_index = 17785, .adv_w = 384, .box_w = 25, .box_h = 25, .ofs_x = -1, .ofs_y = -4},
    {.bitmap_index = 17896, .adv_w = 480, .box_w = 30, .box_h = 18, .ofs_x = 0, .ofs_y = 0},
    {.bitmap_index = 17988, .adv_w = 288, .box_w = 18, .box_h = 24, .ofs_x = 0, .ofs_y = -3},
    {.bitmap_index = 18038, .adv_w = 386, .box_w = 25, .box_h = 16, .ofs_x = 0, .ofs_y = 1}
};

/*---------------------
 *  CHARACTER MAPPING
 *--------------------*/

static const uint16_t unicode_list_2[] = {
    0x0, 0x7, 0xa, 0xb, 0xc, 0x10, 0x12, 0x14,
    0x18, 0x1b, 0x20, 0x25, 0x26, 0x27, 0x3d, 0x42,
    0x47, 0x4a, 0x4b, 0x4c, 0x50, 0x51, 0x52, 0x53,
    0x66, 0x67, 0x6d, 0x6f, 0x70, 0x73, 0x76, 0x77,
    0x78, 0x7a, 0x92, 0x94, 0xc3, 0xc4, 0xc6, 0xc8,
    0xdf, 0xe6, 0xe9, 0xf2, 0x11b, 0x123, 0x15a, 0x1ea,
    0x23f, 0x240, 0x241, 0x242, 0x243, 0x286, 0x292, 0x2ec,
    0x303, 0x559, 0x7c1, 0x8a1
};

/*Collect the unicode lists and glyph_id offsets*/
static const lv_font_fmt_txt_cmap_t cmaps[] =
{
    {
        .range_start = 32, .range_length = 95, .glyph_id_start = 1,
        .unicode_list = NULL, .glyph_id_ofs_list = NULL, .list_length = 0, .type = LV_FONT_FMT_TXT_CMAP_FORMAT0_TINY
    },
    {
        .range_start = 160, .range_length = 224, .glyph_id_start = 96,
        .unicode_list = NULL, .glyph_id_ofs_list = NULL, .list_length = 0, .type = LV_FONT_FMT_TXT_CMAP_FORMAT0_TINY
    },
    {
        .range_start = 61441, .range_length = 2210, .glyph_id_start = 320,
        .unicode_list = unicode_list_2, .glyph_id_ofs_list = NULL, .list_length = 60, .type = LV_FONT_FMT_TXT_CMAP_SPARSE_TINY
    }
};



/*--------------------
 *  ALL CUSTOM DATA
 *--------------------*/

#if LVGL_VERSION_MAJOR == 8
/*Store all the custom data of the font*/
static  lv_font_fmt_txt_glyph_cache_t cache;
#endif

#if LVGL_VERSION_MAJOR >= 8
static const lv_font_fmt_txt_dsc_t font_dsc = {
#else
static lv_font_fmt_txt_dsc_t font_dsc = {
#endif
    .glyph_bitmap = glyph_bitmap,
    .glyph_dsc = glyph_dsc,
    .cmaps = cmaps,
    .kern_dsc = NULL,
    .kern_scale = 0,
    .cmap_num = 3,
    .bpp = 2,
    .kern_classes = 0,
    .bitmap_format = 1,
#if LVGL_VERSION_MAJOR == 8
    .cache = &cache
#endif
};



/*-----------------
 *  PUBLIC FONT
 *----------------*/

/*Initialize a public general font descriptor*/
#if LVGL_VERSION_MAJOR >= 8
const lv_font_t dejavu_30 = {
#else
lv_font_t dejavu_30 = {
#endif
    .get_glyph_dsc = lv_font_get_glyph_dsc_fmt_txt,    /*Function pointer to get glyph's data*/
    .get_glyph_bitmap = lv_font_get_bitmap_fmt_txt,    /*Function pointer to get glyph's bitmap*/
    .line_height = 30,          /*The maximum line height required by the font*/
    .base_line = 6,             /*Baseline measured from the bottom of the line*/
#if !(LVGL_VERSION_MAJOR == 6 && LVGL_VERSION_MINOR == 0)
    .subpx = LV_FONT_SUBPX_NONE,
#endif
#if LV_VERSION_CHECK(7, 4, 0) || LVGL_VERSION_MAJOR >= 8
    .underline_position = -2,
    .underline_thickness = 1,
#endif
    .dsc = &font_dsc,          /*The custom font data. Will be accessed by `get_glyph_bitmap/dsc` */
#if LV_VERSION_CHECK(8, 2, 0) || LVGL_VERSION_MAJOR >= 9
    .fallback = NULL,
#endif
    .user_data = NULL,
};



#endif /*#if DEJAVU_30*/

