/*******************************************************************************
 * Size: 15 px
 * Bpp: 2
 * Opts: --font DejaVuSans.ttf -r 32-126 -r 160-383 --font ../lvgl/lvgl/scripts/generators/built_in_font/FontAwesome5-Solid+Brands+Regular.woff -r 61441,61448,61451,61452,61452,61453,61457,61459,61461,61465,61468,61473,61478,61479,61480,61502,61507,61512,61515,61516,61517,61521,61522,61523,61524,61543,61544,61550,61552,61553,61556,61559,61560,61561,61563,61587,61589,61636,61637,61639,61641,61664,61671,61674,61683,61724,61732,61787,61931,62016,62017,62018,62019,62020,62087,62099,62212,62189,62810,63426,63650 --size 15 --bpp 2 --format lvgl --lv-font-name dejavu_20 -o fonts/dejavu_20.c
 ******************************************************************************/

#ifdef LV_LVGL_H_INCLUDE_SIMPLE
#include "lvgl.h"
#else
#include "lvgl/lvgl.h"
#endif

#ifndef DEJAVU_20
#define DEJAVU_20 1
#endif

#if DEJAVU_20

/*-----------------
 *    BITMAPS
 *----------------*/

/*Store the image of the glyphs*/
static LV_ATTRIBUTE_LARGE_CONST const uint8_t glyph_bitmap[] = {
    /* U+0020 " " */

    /* U+0021 "!" */
    0xb0, 0xfe, 0x43, 0x50, 0x14, 0x10,

    /* U+0022 "\"" */
    0xa1, 0xa1, 0xff, 0xc3, 0xa1, 0x20,

    /* U+0023 "#" */
    0xd, 0x23, 0x87, 0x90, 0x68, 0x7c, 0x8e, 0x1c,
    0x86, 0x42, 0xf4, 0x78, 0xf2, 0x78, 0x74, 0xf2,
    0x1a, 0x2, 0x1f, 0xce, 0x17, 0xc7, 0x8b, 0x8f,
    0x2b, 0x8f, 0x41, 0x39, 0xa1, 0xf2, 0x38, 0x60,

    /* U+0024 "$" */
    0xa, 0xf, 0xfe, 0xb, 0xbe, 0x46, 0x8f, 0x3,
    0x50, 0x14, 0x4, 0x3d, 0x1b, 0x21, 0x70, 0xd0,
    0x25, 0x72, 0x1e, 0x41, 0x20, 0x60, 0x7c, 0xc6,
    0x36, 0xf0, 0x7f, 0xf0, 0x70, 0xc0,

    /* U+0025 "%" */
    0x7, 0xa0, 0xce, 0x1b, 0xb2, 0xa, 0x81, 0xc9,
    0xa0, 0x58, 0x3f, 0xea, 0x7, 0x93, 0x49, 0xf,
    0x76, 0x43, 0x7, 0xde, 0x8a, 0x17, 0x90, 0xf2,
    0xf7, 0xa0, 0xf5, 0xd, 0x9, 0xc, 0xb0, 0x7f,
    0xd4, 0x6, 0x84, 0x85, 0x21, 0x2b, 0xd0,

    /* U+0026 "&" */
    0xa, 0xf9, 0xf, 0x2a, 0x8e, 0x1e, 0xd6, 0xa0,
    0x7c, 0x87, 0xfb, 0x10, 0xfe, 0x89, 0xf, 0xa3,
    0x64, 0x1c, 0x6, 0x26, 0xb, 0xf, 0x47, 0x8,
    0x58, 0x58, 0xc1, 0x4c, 0x4, 0x10, 0x4c, 0xfa,
    0x99, 0x0,

    /* U+0027 "'" */
    0xa0, 0x7a, 0x80,

    /* U+0028 "(" */
    0x6, 0x88, 0x9a, 0x6, 0x10, 0xb0, 0xfc, 0x84,
    0x83, 0x9, 0xe, 0x40, 0xe0, 0x90, 0xa4,

    /* U+0029 ")" */
    0xa0, 0x24, 0x26, 0x6, 0x81, 0xe, 0x42, 0xc3,
    0xec, 0x39, 0x13, 0x9, 0x84, 0x41, 0x0,

    /* U+002A "*" */
    0xa, 0xf, 0xf2, 0xa, 0xe, 0x15, 0xb6, 0x81,
    0x86, 0x3, 0xe6, 0xa1, 0x83, 0x41, 0xa0, 0xc0,

    /* U+002B "+" */
    0xf, 0xfe, 0x13, 0x87, 0xff, 0x59, 0xfa, 0x3f,
    0x35, 0x8a, 0xb1, 0x60, 0x2c, 0x1f, 0xfd, 0x30,

    /* U+002C "," */
    0x35, 0x8, 0x5c, 0x0,

    /* U+002D "-" */
    0xe, 0x7e, 0x9f, 0xa0,

    /* U+002E "." */
    0x70, 0xc0,

    /* U+002F "/" */
    0x9, 0xc3, 0x68, 0x67, 0xe, 0x42, 0x90, 0xce,
    0x1c, 0x84, 0x87, 0x68, 0x67, 0x9, 0x10, 0xb4,
    0x33, 0x86,

    /* U+0030 "0" */
    0xa, 0xf4, 0x1b, 0x68, 0xc0, 0x4d, 0x70, 0x24,
    0x28, 0x43, 0xfe, 0xc3, 0xb0, 0xff, 0xb0, 0xec,
    0x3f, 0xd2, 0x14, 0x22, 0x6b, 0x82, 0xda, 0x30,

    /* U+0031 "1" */
    0x2f, 0x82, 0x58, 0x39, 0xe4, 0x3f, 0xfe, 0x2b,
    0xa, 0x5, 0x1, 0x40,

    /* U+0032 "2" */
    0x6f, 0x90, 0x45, 0x19, 0x39, 0x51, 0x7, 0x90,
    0xff, 0xe1, 0x2a, 0xe, 0x94, 0x1b, 0x60, 0xd9,
    0x6, 0xcc, 0x34, 0x4b, 0x84, 0xae, 0x0,

    /* U+0033 "3" */
    0x6f, 0xa0, 0xd4, 0x54, 0x32, 0xa5, 0x7, 0xb0,
    0xf3, 0x21, 0x7a, 0x60, 0xba, 0x30, 0x65, 0x48,
    0x79, 0x10, 0xe4, 0x79, 0x54, 0x49, 0xa3, 0x40,

    /* U+0034 "4" */
    0xe, 0xf0, 0x7a, 0xf, 0xcc, 0x1e, 0xe0, 0xf2,
    0x21, 0xea, 0x7, 0xa1, 0xf, 0x30, 0x79, 0x2f,
    0x47, 0x35, 0xc5, 0x5, 0xc0, 0x43, 0xfc,

    /* U+0035 "5" */
    0x7f, 0x90, 0xab, 0x21, 0x2e, 0xf, 0xfe, 0x7,
    0xc8, 0x4d, 0x1a, 0xc, 0xa9, 0x41, 0xec, 0x3f,
    0xf8, 0x78, 0x39, 0x53, 0xa, 0xa3, 0x20,

    /* U+0036 "6" */
    0x3, 0xf4, 0xa, 0x34, 0x9, 0xa2, 0xa2, 0x10,
    0xe5, 0x5e, 0x82, 0x55, 0x1c, 0x2d, 0x58, 0x87,
    0xda, 0x1f, 0x61, 0xed, 0x35, 0x62, 0x6d, 0x1c,

    /* U+0037 "7" */
    0xff, 0x8a, 0xe0, 0x97, 0x84, 0x39, 0x30, 0xec,
    0x43, 0x94, 0x1c, 0x90, 0x76, 0x1f, 0x28, 0x39,
    0x20, 0xec, 0x3e, 0x60, 0xc0,

    /* U+0038 "8" */
    0x1f, 0xa0, 0x33, 0x47, 0x32, 0x54, 0x1f, 0xec,
    0x41, 0x1, 0xa7, 0x8c, 0x13, 0x43, 0x36, 0x56,
    0x21, 0xff, 0xc4, 0x99, 0x58, 0xa9, 0xa3, 0x80,

    /* U+0039 "9" */
    0x3, 0xf2, 0x13, 0x33, 0x20, 0x89, 0x98, 0x24,
    0x2c, 0x36, 0x1c, 0x83, 0xb, 0xa, 0x50, 0xa0,
    0x95, 0x74, 0xd, 0x7c, 0x4, 0x3d, 0x4, 0xca,
    0xcc, 0xa, 0xa3, 0x80,

    /* U+003A ":" */
    0x34, 0x36, 0x87, 0xfb, 0x42,

    /* U+003B ";" */
    0x34, 0x36, 0x87, 0xfb, 0x50, 0x85, 0xc0,

    /* U+003C "<" */
    0xf, 0xfe, 0x2b, 0xe0, 0xeb, 0x98, 0xf, 0x9b,
    0x95, 0xcf, 0x90, 0xff, 0xe0, 0xbc, 0x79, 0xe,
    0x6d, 0xb9, 0xe, 0xb8, 0x83, 0xe6, 0xc0,

    /* U+003D "=" */
    0xf, 0xf3, 0xff, 0xcd, 0x7e, 0xc5, 0xfc, 0x3f,
    0xfc, 0xd7, 0xec,

    /* U+003E ">" */
    0xf, 0xf3, 0xc1, 0xf3, 0x3e, 0x43, 0x9f, 0x37,
    0x21, 0xd7, 0x16, 0x1f, 0x21, 0xcd, 0xcf, 0x8b,
    0x8b, 0x80, 0xb7, 0x21, 0x9e, 0xf, 0x80,

    /* U+003F "?" */
    0x6f, 0x44, 0x51, 0xb9, 0x70, 0x64, 0x32, 0x40,
    0x68, 0x82, 0x50, 0x6c, 0x3f, 0xda, 0x1b, 0x43,
    0xf0,

    /* U+0040 "@" */
    0xe, 0xbe, 0x90, 0xf3, 0x97, 0x8a, 0x6, 0x6e,
    0x41, 0x6c, 0x15, 0x87, 0xda, 0x9, 0x3, 0xe9,
    0x86, 0x18, 0x13, 0xe8, 0x1a, 0x19, 0x21, 0x40,
    0x43, 0xb4, 0x3f, 0xf8, 0x18, 0x7d, 0x22, 0x85,
    0x85, 0xa, 0x8a, 0x2, 0x9c, 0xab, 0x9, 0xc7,
    0xeb, 0xc1, 0xa7, 0x42, 0x64, 0x3a, 0xaf, 0xad,
    0xf, 0x3f, 0xc8, 0x40,

    /* U+0041 "A" */
    0xd, 0xe0, 0xff, 0x90, 0xfa, 0x4, 0x1f, 0x2a,
    0xf, 0x93, 0x48, 0x3b, 0x11, 0x41, 0xca, 0x6,
    0x1c, 0x98, 0x12, 0xb, 0x2f, 0x84, 0x25, 0x57,
    0x8, 0x92, 0xf1, 0x98, 0x7c, 0xa0,

    /* U+0042 "B" */
    0xbf, 0x90, 0xd5, 0x32, 0x12, 0xd1, 0x87, 0xff,
    0xd, 0x30, 0xbe, 0x94, 0x17, 0xa8, 0xa0, 0xe5,
    0xa0, 0xfb, 0xf, 0xd8, 0x65, 0xa5, 0x5, 0x52,
    0xa0,

    /* U+0043 "C" */
    0x9, 0xfd, 0x5, 0x46, 0xa6, 0x15, 0x45, 0xbc,
    0x42, 0x1c, 0x81, 0xf, 0xec, 0x3f, 0xf8, 0xf8,
    0x7f, 0x21, 0xfa, 0x10, 0xe4, 0x55, 0x15, 0x78,
    0x14, 0x68, 0xa8,

    /* U+0044 "D" */
    0xbf, 0xa0, 0xea, 0x95, 0x86, 0x5a, 0xcc, 0x3f,
    0x42, 0x1f, 0x26, 0x1f, 0xfd, 0x94, 0xc3, 0xe8,
    0x40, 0xb5, 0x98, 0x55, 0x2b, 0x0,

    /* U+0045 "E" */
    0xbf, 0xc8, 0x2b, 0x90, 0x2f, 0x7, 0xff, 0x1f,
    0xf8, 0x2a, 0xe0, 0x97, 0x83, 0xff, 0x8e, 0xbc,
    0x15, 0x78,

    /* U+0046 "F" */
    0xbf, 0xc0, 0xad, 0x81, 0x70, 0x7f, 0xf1, 0x7f,
    0x20, 0xac, 0x81, 0x70, 0x7f, 0xf4, 0x40,

    /* U+0047 "G" */
    0x9, 0xbe, 0x83, 0x50, 0xa9, 0xc0, 0xaa, 0x2d,
    0xc0, 0x84, 0x39, 0x9, 0xf, 0xf6, 0x1f, 0xfc,
    0x27, 0xe4, 0x18, 0x4f, 0x6, 0x43, 0x90, 0xa1,
    0xf, 0xca, 0xa2, 0xd0, 0x6a, 0x15, 0x1a,

    /* U+0048 "H" */
    0xb0, 0xeb, 0xf, 0xfe, 0xd7, 0xf2, 0x15, 0x70,
    0x65, 0xf0, 0x7f, 0xf6, 0x40,

    /* U+0049 "I" */
    0xb0, 0xff, 0xe5, 0x0,

    /* U+004A "J" */
    0x5, 0x87, 0xff, 0x91, 0x9a, 0x2c,

    /* U+004B "K" */
    0xb0, 0xd6, 0x87, 0xa6, 0x43, 0xa6, 0x43, 0xa6,
    0x43, 0x95, 0x21, 0xe9, 0x41, 0xf9, 0xf, 0xd9,
    0x87, 0xec, 0xc3, 0xf6, 0x61, 0xfb, 0x30, 0xfd,
    0x10,

    /* U+004C "L" */
    0xb0, 0xff, 0xff, 0x87, 0x2f, 0x5, 0x5c, 0x80,

    /* U+004D "M" */
    0xbc, 0x1d, 0xe4, 0x3e, 0x43, 0x98, 0x2d, 0xd,
    0xa1, 0x38, 0x64, 0x24, 0x43, 0x98, 0xd0, 0xf6,
    0x8e, 0x1e, 0x48, 0x43, 0xe5, 0x83, 0xf6, 0xc1,
    0xf9, 0x83, 0xff, 0x88,

    /* U+004E "N" */
    0xb8, 0x35, 0x81, 0xf, 0xe8, 0x3e, 0x90, 0xf9,
    0x20, 0xfa, 0x43, 0xe4, 0x83, 0xe9, 0xf, 0x92,
    0xf, 0xa5, 0x7, 0x90, 0xfe, 0x80,

    /* U+004F "O" */
    0x9, 0xfa, 0x43, 0x51, 0xa1, 0x20, 0x55, 0x15,
    0x30, 0x21, 0xd, 0x10, 0x10, 0xf9, 0x6, 0x1e,
    0x43, 0xff, 0x85, 0x87, 0x90, 0x90, 0xf9, 0x21,
    0xd, 0x10, 0xaa, 0x2a, 0x60, 0xa8, 0xd0, 0x90,

    /* U+0050 "P" */
    0xbf, 0x41, 0xaa, 0x70, 0x96, 0x84, 0x39, 0xf,
    0xfe, 0x1e, 0x20, 0xf8, 0x82, 0xfc, 0x87, 0xff,
    0x54,

    /* U+0051 "Q" */
    0x9, 0xfa, 0x43, 0x51, 0xa1, 0x20, 0x55, 0x15,
    0x30, 0x21, 0xd, 0x10, 0x10, 0xf9, 0x6, 0x1e,
    0x43, 0xff, 0x85, 0x87, 0x90, 0x90, 0xf9, 0x21,
    0xd, 0x10, 0xaa, 0x2a, 0x50, 0x54, 0x68, 0xd0,
    0x33, 0xf1, 0x87, 0xf4, 0xc0,

    /* U+0052 "R" */
    0xbf, 0x41, 0xd5, 0x38, 0x65, 0xa1, 0xf, 0x21,
    0xff, 0xc5, 0xc4, 0x2f, 0x8c, 0x37, 0xa3, 0xf,
    0x30, 0x87, 0x92, 0xf, 0xa1, 0xf, 0x24,

    /* U+0053 "S" */
    0x3, 0xfa, 0x3, 0x34, 0x50, 0x26, 0x55, 0x87,
    0xff, 0x1, 0x41, 0xec, 0xbc, 0x86, 0xe4, 0xb0,
    0xcd, 0xc2, 0x1e, 0x4c, 0x3f, 0xdc, 0xb6, 0x44,
    0x54, 0xe0,

    /* U+0054 "T" */
    0x3f, 0xf8, 0x15, 0x86, 0xa0, 0x2e, 0x35, 0x83,
    0xff, 0xfe, 0x1f, 0xfc, 0xd0,

    /* U+0055 "U" */
    0xb0, 0xee, 0xf, 0xff, 0xe6, 0x1c, 0x9a, 0x6b,
    0x42, 0x6d, 0x4e, 0x0,

    /* U+0056 "V" */
    0xb0, 0xf5, 0x98, 0x7c, 0xa1, 0x20, 0xc9, 0x81,
    0x41, 0xb1, 0x6, 0x1c, 0xa0, 0x92, 0x2, 0x41,
    0x94, 0xc, 0x3d, 0x84, 0xa0, 0xe4, 0x92, 0xf,
    0x2b, 0xf, 0xd0, 0xc1, 0xfe, 0x43, 0x0,

    /* U+0057 "W" */
    0x70, 0xd6, 0x84, 0xe2, 0x21, 0x26, 0x1f, 0xb0,
    0xca, 0xb, 0x9, 0x41, 0xa0, 0xca, 0x6, 0x12,
    0x12, 0x16, 0x1e, 0xd1, 0x2, 0x20, 0x44, 0x73,
    0xc6, 0x1e, 0xc0, 0x81, 0x14, 0x19, 0x60, 0x91,
    0x30, 0xd9, 0xa1, 0xb1, 0xc, 0x8e, 0x12, 0x83,
    0xf9, 0xb, 0x10, 0x80,

    /* U+0058 "X" */
    0x3c, 0x19, 0xd3, 0x10, 0xa5, 0x1, 0x81, 0x10,
    0x51, 0xc, 0x1d, 0x38, 0x87, 0x20, 0x83, 0xfb,
    0xf, 0x64, 0x87, 0x26, 0x90, 0x69, 0x4, 0xa0,
    0x44, 0x5, 0x40, 0x60, 0xd1, 0x0,

    /* U+0059 "Y" */
    0x2c, 0x3a, 0xc1, 0x8, 0x4a, 0x82, 0xa0, 0x52,
    0x82, 0x48, 0x88, 0x3a, 0x5a, 0xf, 0x2a, 0x10,
    0xfa, 0x20, 0xff, 0xf7, 0x80,

    /* U+005A "Z" */
    0x3f, 0xf2, 0x57, 0x80, 0x8b, 0xc0, 0x83, 0xe9,
    0x41, 0xe8, 0x83, 0xca, 0x83, 0xe9, 0x41, 0xec,
    0x83, 0xd1, 0x87, 0x95, 0x7, 0xd0, 0x17, 0x84,
    0x15, 0xf0,

    /* U+005B "[" */
    0xbc, 0x8e, 0x87, 0xff, 0x85, 0xdb, 0xc8,

    /* U+005C "\\" */
    0xd0, 0xce, 0x1b, 0x43, 0x22, 0x19, 0xc3, 0x68,
    0x64, 0x3e, 0x43, 0x38, 0x69, 0xf, 0x21, 0x9c,
    0x36, 0x80,

    /* U+005D "]" */
    0xbd, 0x4c, 0x3f, 0xfc, 0x56, 0xb, 0xd0,

    /* U+005E "^" */
    0xc, 0xc1, 0xf3, 0x38, 0x7a, 0x72, 0xd, 0xb1,
    0xb0, 0x36, 0xb, 0x60,

    /* U+005F "_" */
    0x3f, 0xe8, 0xff, 0xa0,

    /* U+0060 "`" */
    0x70, 0x2a, 0x4, 0x20,

    /* U+0061 "a" */
    0x5, 0xf2, 0x7, 0xa3, 0x22, 0xe9, 0xc1, 0x7c,
    0xa2, 0x6f, 0x20, 0x64, 0x3f, 0xc8, 0x58, 0x20,
    0xb3, 0xc2, 0x0,

    /* U+0062 "b" */
    0xa0, 0x7f, 0xf3, 0x1f, 0x41, 0x35, 0x38, 0x5a,
    0xb1, 0xf, 0xb1, 0xc, 0x81, 0xc, 0x87, 0xec,
    0x1a, 0xb1, 0x1a, 0x9c,

    /* U+0063 "c" */
    0x3, 0xf4, 0x6, 0x68, 0x24, 0x4a, 0x90, 0x41,
    0xff, 0xcb, 0x83, 0xd1, 0x2a, 0x46, 0x68, 0x20,

    /* U+0064 "d" */
    0xf, 0xb0, 0xff, 0xe4, 0xbe, 0x90, 0x99, 0x88,
    0x29, 0x99, 0xd, 0x85, 0x86, 0x42, 0x43, 0x21,
    0x21, 0xb0, 0xb0, 0xa5, 0xa, 0x9, 0xa7, 0xa0,
    0x0,

    /* U+0065 "e" */
    0x3, 0xf4, 0x13, 0x34, 0x60, 0x4c, 0xa9, 0xb,
    0x9, 0x10, 0x5f, 0x83, 0x5f, 0xc8, 0x30, 0xfa,
    0x65, 0xa0, 0x39, 0x50, 0x0,

    /* U+0066 "f" */
    0x3, 0xe8, 0x14, 0xe1, 0x10, 0x50, 0xf1, 0x43,
    0xc1, 0xff, 0xdf,

    /* U+0067 "g" */
    0x3, 0xe9, 0xc0, 0xcc, 0x41, 0x4c, 0xc8, 0x6c,
    0x2c, 0x32, 0x12, 0x19, 0x9, 0xd, 0x85, 0x85,
    0x33, 0x21, 0x33, 0x10, 0x67, 0xd0, 0x74, 0x8d,
    0x3, 0x5d, 0x10,

    /* U+0068 "h" */
    0xa0, 0x7f, 0xf3, 0x1f, 0x41, 0x35, 0x38, 0x5a,
    0xa0, 0xf9, 0x9, 0xf, 0xfe, 0xd0,

    /* U+0069 "i" */
    0xbc, 0xaa, 0x61, 0xff, 0xc4,

    /* U+006A "j" */
    0x5, 0x83, 0x40, 0xc0, 0xb0, 0xff, 0xeb, 0xa2,
    0xb6, 0x50,

    /* U+006B "k" */
    0xa0, 0x7f, 0xf3, 0xec, 0x3b, 0x70, 0xd9, 0x84,
    0xe6, 0x1e, 0x83, 0x9a, 0x21, 0xcd, 0x10, 0xe5,
    0x48, 0x74, 0xc0,

    /* U+006C "l" */
    0xb0, 0xff, 0xe5, 0x0,

    /* U+006D "m" */
    0xa3, 0xe8, 0x17, 0x82, 0x6a, 0x6f, 0x46, 0x16,
    0xba, 0x56, 0x1f, 0x62, 0x19, 0x10, 0xff, 0xf9,
    0x80,

    /* U+006E "n" */
    0xa3, 0xe8, 0x27, 0xe7, 0xa, 0x4, 0x1f, 0x21,
    0x21, 0xff, 0xda,

    /* U+006F "o" */
    0x3, 0xf2, 0x13, 0x33, 0x40, 0x4c, 0xca, 0xb,
    0xa, 0x10, 0xff, 0xe4, 0x61, 0x42, 0x4c, 0xca,
    0x3, 0x33, 0x40,

    /* U+0070 "p" */
    0xa3, 0xe8, 0x27, 0xe3, 0xa, 0x4, 0x21, 0xf6,
    0x21, 0x90, 0x21, 0x90, 0xfd, 0x83, 0x56, 0x23,
    0x53, 0x84, 0xfa, 0xf, 0xfe, 0x30,

    /* U+0071 "q" */
    0x3, 0xe9, 0xc0, 0xcc, 0x41, 0x4c, 0xc8, 0x6c,
    0x2c, 0x32, 0x12, 0x19, 0x9, 0xd, 0x85, 0x85,
    0x33, 0x21, 0x33, 0x10, 0x67, 0xd2, 0x1f, 0xfc,
    0x80,

    /* U+0072 "r" */
    0xf, 0x51, 0xf0, 0x1f, 0x82, 0x83, 0xfc, 0x87,
    0xff, 0x40,

    /* U+0073 "s" */
    0x5, 0xf2, 0xc, 0xa8, 0x34, 0xb8, 0x2d, 0xe,
    0xdb, 0xc1, 0xae, 0x30, 0xe6, 0xa, 0x5a, 0xd,
    0x53, 0x80,

    /* U+0074 "t" */
    0x14, 0x1b, 0x83, 0xfa, 0x4f, 0x51, 0x3d, 0x7,
    0xff, 0x4f, 0x10, 0x95, 0x70,

    /* U+0075 "u" */
    0xa0, 0x6c, 0x3f, 0xfb, 0x48, 0x48, 0x7b, 0x11,
    0x80, 0xd3, 0xd0, 0x0,

    /* U+0076 "v" */
    0x70, 0xed, 0x42, 0x14, 0x23, 0x84, 0xa0, 0x68,
    0x68, 0x8, 0x90, 0x73, 0x8a, 0xd, 0xa8, 0x83,
    0x24, 0x1f, 0x22, 0x10,

    /* U+0077 "w" */
    0x70, 0xbc, 0x17, 0x22, 0x19, 0xb, 0x6, 0x23,
    0x88, 0x8a, 0x37, 0x4c, 0x2c, 0x2d, 0x2, 0x80,
    0x8b, 0x1, 0x30, 0xd0, 0x4c, 0x21, 0x22, 0xc,
    0x3d, 0x98, 0x11, 0x0,

    /* U+0078 "x" */
    0x38, 0x2b, 0x4, 0xa1, 0x58, 0x15, 0x12, 0x1a,
    0x32, 0xe, 0x48, 0x3c, 0x90, 0x76, 0xe4, 0x14,
    0x46, 0xa0, 0x30, 0x4c, 0x0,

    /* U+0079 "y" */
    0x70, 0xec, 0x44, 0x28, 0x26, 0x9, 0x81, 0x4,
    0x88, 0x68, 0xd0, 0xd2, 0x38, 0x64, 0xc4, 0x39,
    0x10, 0xf6, 0x41, 0xec, 0x3e, 0x54, 0x1d, 0xca,
    0xc,

    /* U+007A "z" */
    0x3f, 0xc0, 0xfc, 0x87, 0x95, 0x7, 0x4a, 0xd,
    0xb0, 0x68, 0x83, 0x2b, 0xe, 0x90, 0xe4, 0x7f,
    0x0,

    /* U+007B "{" */
    0xd, 0xe8, 0x28, 0xe0, 0x94, 0x1f, 0xfc, 0x8c,
    0x32, 0x1d, 0xca, 0xb, 0x50, 0x74, 0x21, 0xec,
    0x3f, 0xf8, 0xea, 0xe, 0xce, 0x9, 0xf4,

    /* U+007C "|" */
    0x30, 0xff, 0xf1, 0x0,

    /* U+007D "}" */
    0x3d, 0x6, 0xe4, 0x39, 0x10, 0xff, 0xe7, 0x30,
    0x74, 0x70, 0x51, 0x40, 0x99, 0xf, 0xfe, 0x62,
    0x1d, 0xca, 0xb, 0xd0, 0x40,

    /* U+007E "~" */
    0xf, 0xfa, 0xfa, 0x3, 0xaa, 0x8a, 0xf5, 0x1d,
    0x57, 0xe4,

    /* U+00A0 " " */

    /* U+00A1 "¡" */
    0xb1, 0xa0, 0x28, 0x1c, 0x87, 0xc8,

    /* U+00A2 "¢" */
    0xf, 0xfa, 0xf, 0xfa, 0xdd, 0x36, 0x2d, 0x35,
    0xac, 0x3e, 0x43, 0xc8, 0x76, 0x1e, 0x4d, 0x71,
    0xb1, 0x5, 0x6e, 0x87, 0xfd, 0x0,

    /* U+00A3 "£" */
    0xd, 0x7a, 0xd, 0xb4, 0xf, 0x4a, 0x82, 0x44,
    0x3f, 0xf9, 0x74, 0x3e, 0xa, 0x85, 0xe0, 0xf2,
    0x1f, 0xfc, 0x27, 0x17, 0x2, 0x4a, 0xc0,

    /* U+00A4 "¤" */
    0xf, 0xf6, 0x1c, 0xc3, 0xde, 0xa6, 0x40, 0xa2,
    0xc1, 0x4a, 0x90, 0x21, 0xf9, 0x20, 0x48, 0x21,
    0xf0, 0x81, 0xfe, 0x63, 0xe, 0xa0,

    /* U+00A5 "¥" */
    0x30, 0xea, 0xc, 0x19, 0x89, 0xa, 0xe, 0x80,
    0xc1, 0x49, 0x8, 0x38, 0x93, 0x8f, 0x95, 0xe8,
    0xf8, 0x7d, 0x1f, 0xf, 0xa0, 0xff, 0xe7, 0x80,

    /* U+00A6 "¦" */
    0x30, 0xff, 0xe2, 0xe1, 0xd8, 0x7f, 0xf1, 0x0,

    /* U+00A7 "§" */
    0x5, 0xe8, 0x13, 0xe0, 0x94, 0x8, 0x12, 0x83,
    0x6d, 0x84, 0xdd, 0xa8, 0x25, 0x69, 0x87, 0x6f,
    0x30, 0x2d, 0xf, 0x62, 0x20, 0x44, 0xfa, 0x80,
    0xbe, 0x40,

    /* U+00A8 "¨" */
    0x21, 0x94, 0x68,

    /* U+00A9 "©" */
    0x9, 0xf9, 0xe, 0xcf, 0x8c, 0x2f, 0x21, 0x3e,
    0x18, 0x1f, 0x24, 0xe9, 0xde, 0x47, 0x4, 0xa0,
    0xfe, 0xc3, 0xfd, 0x87, 0xdb, 0x28, 0x33, 0xb1,
    0xde, 0x49, 0x3c, 0xfc, 0x78, 0x2c, 0xf8, 0xc0,

    /* U+00AA "ª" */
    0x1f, 0x82, 0x7d, 0x60, 0x7d, 0x5, 0x7c, 0x1e,
    0x82, 0xbe, 0x9, 0xf3, 0x83, 0xf8,

    /* U+00AB "«" */
    0xf, 0xe6, 0x4, 0x36, 0x79, 0xa3, 0xcc, 0xa8,
    0x4d, 0xa3, 0x83, 0x68, 0xc0, 0xf1, 0x60,

    /* U+00AC "¬" */
    0xf, 0xf3, 0xff, 0xcd, 0x7e, 0x2, 0xfc, 0x1f,
    0xfc, 0x86,

    /* U+00AD "­" */
    0xe, 0x7e, 0x9f, 0xa0,

    /* U+00AE "®" */
    0x9, 0xf9, 0xe, 0xcf, 0x8c, 0x2f, 0x21, 0x3e,
    0x18, 0xbd, 0x2, 0x74, 0x17, 0xc3, 0x87, 0xff,
    0xe, 0xec, 0x3e, 0xb0, 0xed, 0xd, 0x63, 0xb1,
    0xa3, 0x32, 0x78, 0x3a, 0xc2, 0xcf, 0x8c, 0x0,

    /* U+00AF "¯" */
    0x7f, 0x3f, 0x80,

    /* U+00B0 "°" */
    0x1e, 0x3, 0x7c, 0x70, 0x83, 0xc2, 0x4, 0xec,

    /* U+00B1 "±" */
    0xc, 0xe1, 0xff, 0xcc, 0x7e, 0x8f, 0xcd, 0x62,
    0xac, 0x58, 0xb, 0x7, 0xff, 0xd, 0x83, 0x97,
    0xb, 0xd5, 0xfc,

    /* U+00B2 "²" */
    0x3e, 0x41, 0xf4, 0x19, 0x41, 0x34, 0x5, 0xe0,
    0x2d, 0xe0,

    /* U+00B3 "³" */
    0x3e, 0x41, 0xf4, 0x17, 0x90, 0xbc, 0x87, 0xef,
    0xa0,

    /* U+00B4 "´" */
    0x5, 0x81, 0x58, 0x28, 0x0,

    /* U+00B5 "µ" */
    0xa0, 0x6c, 0x3f, 0xfb, 0xe8, 0x64, 0x3f, 0xa5,
    0x44, 0x4, 0xa8, 0x42, 0xbc, 0xf8, 0x3f, 0xf8,
    0xe0,

    /* U+00B6 "¶" */
    0x1f, 0xe6, 0x3, 0x98, 0x79, 0xf, 0x21, 0xe8,
    0x3e, 0xe0, 0xf2, 0x83, 0xff, 0xbb, 0x42,

    /* U+00B7 "·" */
    0x70, 0xc0,

    /* U+00B8 "¸" */
    0xf, 0x41, 0x27, 0x90,

    /* U+00B9 "¹" */
    0xf4, 0xe, 0xf, 0xfe, 0x35, 0x1c,

    /* U+00BA "º" */
    0x7, 0xc1, 0x77, 0x61, 0x22, 0x21, 0xfc, 0x88,
    0x9d, 0xd0, 0x2f, 0x90, 0x7f, 0x0,

    /* U+00BB "»" */
    0xf, 0xd2, 0x28, 0x2e, 0x54, 0x81, 0xa3, 0xd0,
    0xa, 0x85, 0x2, 0x75, 0x64, 0xed, 0x83, 0xc0,
    0xc2,

    /* U+00BC "¼" */
    0x64, 0x3d, 0x6, 0xcc, 0x3a, 0xe, 0xb0, 0xf3,
    0x7, 0xfd, 0x21, 0xff, 0xc0, 0x60, 0xff, 0xb8,
    0x3d, 0x47, 0x11, 0x5, 0x82, 0xf8, 0xb0, 0x38,
    0x7d, 0x21, 0x68, 0x7c, 0xc0, 0xa0, 0x7d, 0x21,
    0x3e, 0x30, 0xcc, 0x17, 0xc6, 0x13, 0x87, 0xd0,
    0x0,

    /* U+00BD "½" */
    0xf, 0xfe, 0xf, 0xa0, 0xf6, 0x17, 0x7, 0xb8,
    0x3f, 0xc8, 0x87, 0xfa, 0xc3, 0xfd, 0x21, 0xff,
    0x33, 0xe8, 0xa3, 0x92, 0xf, 0x2a, 0xf8, 0x61,
    0x2, 0x1d, 0xc1, 0x96, 0x9, 0x10, 0x9b, 0xd,
    0x40, 0x9b, 0xc, 0xb0, 0x59, 0xe8,

    /* U+00BE "¾" */
    0x3e, 0x43, 0xb0, 0xef, 0xa0, 0xd4, 0xf, 0xfe,
    0xa, 0x83, 0xde, 0x82, 0xe0, 0xfb, 0xd0, 0x11,
    0xf, 0xfe, 0x5, 0x2, 0x42, 0xfa, 0x16, 0x5,
    0x2, 0xf9, 0x28, 0x7, 0xf, 0xd2, 0x16, 0x87,
    0xe6, 0x5, 0x3, 0xf5, 0x2, 0x7c, 0x61, 0xca,
    0xb, 0xe3, 0xc, 0xe1, 0xf4, 0x0,

    /* U+00BF "¿" */
    0x3, 0x87, 0xf9, 0xc3, 0x38, 0x7f, 0xb0, 0xca,
    0x80, 0xd1, 0x4, 0xa0, 0xfe, 0x5d, 0x73, 0x42,

    /* U+00C0 "À" */
    0x9, 0xc3, 0xf9, 0xb0, 0xfe, 0x70, 0xfe, 0xf0,
    0x7f, 0xc8, 0x7d, 0x2, 0xf, 0x95, 0x7, 0xc9,
    0xa4, 0x1d, 0x88, 0xa0, 0xe5, 0x3, 0xe, 0x4c,
    0x9, 0x5, 0x97, 0xc2, 0x12, 0xab, 0x84, 0x49,
    0x78, 0xcc, 0x3e, 0x50,

    /* U+00C1 "Á" */
    0xe, 0xd0, 0xfd, 0x28, 0x3f, 0x50, 0x3f, 0xbc,
    0x1f, 0xf2, 0x1f, 0x40, 0x83, 0xe5, 0x41, 0xf2,
    0x69, 0x7, 0x62, 0x28, 0x39, 0x40, 0xc3, 0x93,
    0x2, 0x41, 0x65, 0xf0, 0x84, 0xaa, 0xe1, 0x12,
    0x5e, 0x33, 0xf, 0x94, 0x0,

    /* U+00C2 "Â" */
    0xd, 0xe0, 0xfd, 0x4f, 0x7, 0xd2, 0x61, 0xfb,
    0xc1, 0xff, 0x21, 0xf4, 0x8, 0x3e, 0x54, 0x1f,
    0x26, 0x90, 0x76, 0x22, 0x83, 0x94, 0xc, 0x39,
    0x30, 0x24, 0x16, 0x5f, 0x8, 0x4a, 0xae, 0x11,
    0x25, 0xe3, 0x30, 0xf9, 0x40,

    /* U+00C3 "Ã" */
    0xa, 0xd6, 0xf, 0xba, 0x21, 0xe8, 0xf0, 0x7e,
    0xf0, 0x7f, 0xc8, 0x7d, 0x2, 0xf, 0x95, 0x7,
    0xc9, 0xa4, 0x1d, 0x88, 0xa0, 0xe5, 0x3, 0xe,
    0x4c, 0x9, 0x5, 0x97, 0xc2, 0x12, 0xab, 0x84,
    0x49, 0x78, 0xcc, 0x3e, 0x50,

    /* U+00C4 "Ä" */
    0xa, 0x48, 0x3e, 0x40, 0xa0, 0xf6, 0x9a, 0x1f,
    0x78, 0x3f, 0xe4, 0x3e, 0x81, 0x7, 0xca, 0x83,
    0xe4, 0xd2, 0xe, 0xc4, 0x50, 0x72, 0x81, 0x87,
    0x26, 0x4, 0x82, 0xcb, 0xe1, 0x9, 0x55, 0xc2,
    0x24, 0xbc, 0x66, 0x1f, 0x28,

    /* U+00C5 "Å" */
    0xd, 0xe4, 0x3e, 0xbd, 0x7, 0xca, 0xf, 0xea,
    0x68, 0x7c, 0x83, 0xf, 0xa0, 0x41, 0xf2, 0xa0,
    0xfe, 0xd1, 0xe, 0x84, 0x60, 0xe5, 0x3, 0xe,
    0x4c, 0x9, 0x5, 0x97, 0xc2, 0x12, 0xab, 0x84,
    0x49, 0x78, 0xcc, 0x3e, 0x50,

    /* U+00C6 "Æ" */
    0xd, 0x7f, 0xe8, 0x32, 0xc5, 0x78, 0x24, 0xb1,
    0x78, 0x36, 0x1f, 0xfc, 0x16, 0xf, 0xf9, 0x10,
    0xbf, 0x90, 0x41, 0xd5, 0xc8, 0x50, 0x65, 0xe0,
    0x45, 0xe8, 0x3f, 0x2a, 0xa4, 0x3e, 0x49, 0x6c,
    0x5e, 0x30, 0xfa, 0xbc,

    /* U+00C7 "Ç" */
    0x9, 0xfd, 0x5, 0x46, 0xa6, 0x15, 0x45, 0xbc,
    0x42, 0x1c, 0x81, 0xf, 0xec, 0x3f, 0xf8, 0xf8,
    0x7f, 0x21, 0xfa, 0x10, 0xe4, 0x55, 0x15, 0x78,
    0x14, 0x68, 0xa8, 0x27, 0xc7, 0x7, 0xe4, 0x3d,
    0x62, 0x0,

    /* U+00C8 "È" */
    0x3, 0x87, 0x95, 0x7, 0xa8, 0x15, 0xfe, 0x41,
    0x5c, 0x81, 0x78, 0x3f, 0xf8, 0xff, 0xc1, 0x57,
    0x4, 0xbc, 0x1f, 0xfc, 0x75, 0xe0, 0xab, 0xc0,

    /* U+00C9 "É" */
    0xd, 0xa1, 0xdc, 0x87, 0x68, 0x57, 0xf9, 0x5,
    0x72, 0x5, 0xe0, 0xff, 0xe3, 0xff, 0x5, 0x5c,
    0x12, 0xf0, 0x7f, 0xf1, 0xd7, 0x82, 0xaf, 0x0,

    /* U+00CA "Ê" */
    0xb, 0xc1, 0xde, 0xa0, 0x6c, 0x60, 0x5f, 0xe4,
    0x15, 0xc8, 0x17, 0x83, 0xff, 0x8f, 0xfc, 0x15,
    0x70, 0x4b, 0xc1, 0xff, 0xc7, 0x5e, 0xa, 0xbc,

    /* U+00CB "Ë" */
    0x4, 0x8, 0x25, 0xa, 0x9, 0xc7, 0x5, 0xfe,
    0x41, 0x5c, 0x81, 0x78, 0x3f, 0xf8, 0xff, 0xc1,
    0x57, 0x4, 0xbc, 0x1f, 0xfc, 0x75, 0xe0, 0xab,
    0xc0,

    /* U+00CC "Ì" */
    0x30, 0xac, 0xe, 0xb, 0xf, 0xff, 0x8,

    /* U+00CD "Í" */
    0x28, 0x93, 0x16, 0x1f, 0xfd, 0x60,

    /* U+00CE "Î" */
    0x7, 0x90, 0x53, 0x81, 0x26, 0x15, 0x87, 0xff,
    0xe0,

    /* U+00CF "Ï" */
    0x92, 0x1c, 0x57, 0x1a, 0x58, 0x7f, 0xfb, 0x40,

    /* U+00D0 "Ð" */
    0x1f, 0xe8, 0x3d, 0x52, 0xb4, 0x32, 0xd6, 0x41,
    0xfd, 0x8, 0x7e, 0x4f, 0x47, 0x90, 0xed, 0x3c,
    0x87, 0xb0, 0xff, 0xe2, 0xa6, 0x1f, 0xa1, 0x9,
    0x6b, 0x20, 0xd5, 0x2b, 0x40,

    /* U+00D1 "Ñ" */
    0x3, 0xc6, 0x1b, 0xf4, 0x1a, 0x1d, 0x5, 0xc1,
    0xac, 0x8, 0x7f, 0x41, 0xf4, 0x87, 0xc9, 0x7,
    0xd2, 0x1f, 0x24, 0x1f, 0x48, 0x7c, 0x90, 0x7d,
    0x28, 0x3c, 0x87, 0xf4, 0x0,

    /* U+00D2 "Ò" */
    0xc, 0xe1, 0xfc, 0xa8, 0x3f, 0xa8, 0x1f, 0x3f,
    0x48, 0x6a, 0x34, 0x24, 0xa, 0xa2, 0xa6, 0x4,
    0x21, 0xa2, 0x2, 0x1f, 0x20, 0xc3, 0xc8, 0x7f,
    0xf0, 0xb0, 0xf2, 0x12, 0x1f, 0x24, 0x21, 0xa2,
    0x15, 0x45, 0x4c, 0x15, 0x1a, 0x12, 0x0,

    /* U+00D3 "Ó" */
    0xf, 0x68, 0x7e, 0xe4, 0x3f, 0x68, 0x7c, 0xfd,
    0x21, 0xa8, 0xd0, 0x90, 0x2a, 0x8a, 0x98, 0x10,
    0x86, 0x88, 0x8, 0x7c, 0x83, 0xf, 0x21, 0xff,
    0xc2, 0xc3, 0xc8, 0x48, 0x7c, 0x90, 0x86, 0x88,
    0x55, 0x15, 0x30, 0x54, 0x68, 0x48,

    /* U+00D4 "Ô" */
    0xe, 0xf0, 0x7e, 0xf5, 0x3, 0xec, 0x60, 0xf3,
    0xf4, 0x86, 0xa3, 0x42, 0x40, 0xaa, 0x2a, 0x60,
    0x42, 0x1a, 0x20, 0x21, 0xf2, 0xc, 0x3c, 0x87,
    0xff, 0xb, 0xf, 0x21, 0x21, 0xf2, 0x42, 0x1a,
    0x21, 0x54, 0x54, 0xc1, 0x51, 0xa1, 0x20,

    /* U+00D5 "Õ" */
    0xd, 0xe2, 0x43, 0x9a, 0x62, 0x1c, 0xb7, 0x7,
    0x9f, 0xa4, 0x35, 0x1a, 0x12, 0x5, 0x51, 0x53,
    0x2, 0x10, 0xd1, 0x1, 0xf, 0x90, 0x61, 0xe4,
    0x3f, 0xf8, 0x58, 0x79, 0x9, 0xf, 0x92, 0x10,
    0xd1, 0xa, 0xa2, 0xa6, 0xa, 0x8d, 0x9, 0x0,

    /* U+00D6 "Ö" */
    0x9, 0xc7, 0xf, 0x28, 0x50, 0x7d, 0x2, 0xf,
    0x3f, 0x48, 0x6a, 0x34, 0x24, 0xa, 0xa2, 0xa6,
    0x4, 0x21, 0xa2, 0x2, 0x1f, 0x20, 0xc3, 0xc8,
    0x7f, 0xf0, 0xb0, 0xf2, 0x12, 0x1f, 0x24, 0x21,
    0xa2, 0x15, 0x45, 0x4c, 0x15, 0x1a, 0x12, 0x0,

    /* U+00D7 "×" */
    0xf, 0x92, 0xc3, 0x33, 0x18, 0x1a, 0x26, 0x6c,
    0xa0, 0xb2, 0x60, 0xff, 0xe0, 0xee, 0xc1, 0x64,
    0x4c, 0x46, 0x6, 0x55, 0x86, 0x74,

    /* U+00D8 "Ø" */
    0xf, 0xfe, 0x1b, 0xf4, 0xac, 0x2a, 0x34, 0x69,
    0x81, 0x54, 0x56, 0x1d, 0x8, 0x52, 0x41, 0x21,
    0x44, 0xa0, 0xb0, 0x2a, 0xf, 0xeb, 0xf, 0xb3,
    0x82, 0x43, 0x32, 0x83, 0x20, 0x86, 0xa, 0x20,
    0xe9, 0x53, 0x5, 0x73, 0x42, 0x42, 0xc7, 0xe9,
    0x8,

    /* U+00D9 "Ù" */
    0xb, 0x43, 0xee, 0xf, 0xd8, 0x6b, 0xe, 0xe0,
    0xff, 0xfe, 0x61, 0xc9, 0xa6, 0xb4, 0x26, 0xd4,
    0xe0,

    /* U+00DA "Ú" */
    0xc, 0xe1, 0xf5, 0x87, 0xd8, 0x6b, 0xe, 0xe0,
    0xff, 0xfe, 0x61, 0xc9, 0xa6, 0xb4, 0x26, 0xd4,
    0xe0,

    /* U+00DB "Û" */
    0xa, 0xe0, 0xe4, 0xc4, 0x33, 0x12, 0xb, 0xe,
    0xe0, 0xff, 0xfe, 0x61, 0xc9, 0xa6, 0xb4, 0x26,
    0xd4, 0xe0,

    /* U+00DC "Ü" */
    0x5, 0x9c, 0x1b, 0x8b, 0xc, 0xa1, 0x40, 0xb0,
    0xee, 0xf, 0xff, 0xe6, 0x1c, 0x9a, 0x6b, 0x42,
    0x6d, 0x4e, 0x0,

    /* U+00DD "Ý" */
    0xe, 0x70, 0xfe, 0xb0, 0xfe, 0xc3, 0xd6, 0x1d,
    0x60, 0x84, 0x25, 0x41, 0x50, 0x29, 0x41, 0x24,
    0x44, 0x1d, 0x2d, 0x7, 0x95, 0x8, 0x7d, 0x10,
    0x7f, 0xfb, 0xc0,

    /* U+00DE "Þ" */
    0xb0, 0xff, 0xe2, 0x7d, 0x6, 0xa9, 0xc2, 0x5a,
    0x10, 0xe4, 0x3f, 0xf8, 0x78, 0x83, 0xe2, 0xb,
    0xf2, 0x1f, 0xfc, 0x50,

    /* U+00DF "ß" */
    0x1f, 0x90, 0xa7, 0xa2, 0x44, 0x2b, 0x2, 0xd,
    0xc3, 0x4e, 0x86, 0x43, 0xe9, 0x83, 0x99, 0xc3,
    0x9c, 0x83, 0xc8, 0x4a, 0x15, 0x85, 0x72, 0x80,

    /* U+00E0 "à" */
    0x5, 0x3, 0xd2, 0x83, 0xdc, 0x1f, 0x61, 0xd7,
    0xc8, 0x1e, 0x8c, 0x8b, 0xa7, 0x5, 0xf2, 0x89,
    0xbc, 0x81, 0x90, 0xff, 0x21, 0x60, 0x82, 0xcf,
    0x8,

    /* U+00E1 "á" */
    0xe, 0xd0, 0xe9, 0x41, 0x95, 0x7, 0x38, 0x75,
    0xf2, 0x7, 0xa3, 0x22, 0xe9, 0xc1, 0x7c, 0xa2,
    0x6f, 0x20, 0x64, 0x3f, 0xc8, 0x58, 0x20, 0xb3,
    0xc2, 0x0,

    /* U+00E2 "â" */
    0x9, 0xc3, 0xd4, 0xc3, 0x51, 0x60, 0xa4, 0x90,
    0xaf, 0x90, 0x3d, 0x19, 0x17, 0x4e, 0xb, 0xe5,
    0x13, 0x79, 0x3, 0x21, 0xfe, 0x42, 0xc1, 0x5,
    0x9e, 0x10,

    /* U+00E3 "ã" */
    0x5, 0xaa, 0x9, 0xf5, 0x85, 0x96, 0x85, 0x7c,
    0x81, 0xe8, 0xc8, 0xba, 0x70, 0x5f, 0x28, 0x9b,
    0xc8, 0x19, 0xf, 0xf2, 0x16, 0x8, 0x2c, 0xf0,
    0x80,

    /* U+00E4 "ä" */
    0x7, 0x1c, 0x15, 0x8e, 0x12, 0x89, 0xa, 0xf9,
    0x3, 0xd1, 0x91, 0x74, 0xe0, 0xbe, 0x51, 0x37,
    0x90, 0x32, 0x1f, 0xe4, 0x2c, 0x10, 0x59, 0xe1,
    0x0,

    /* U+00E5 "å" */
    0xa, 0xe0, 0xd7, 0x83, 0xff, 0x83, 0x78, 0x3d,
    0x70, 0x6b, 0xe4, 0xf, 0x46, 0x45, 0xd3, 0x82,
    0xf9, 0x44, 0xde, 0x40, 0xc8, 0x7f, 0x90, 0xb0,
    0x41, 0x67, 0x84,

    /* U+00E6 "æ" */
    0x5, 0xf2, 0x5f, 0x20, 0x7a, 0x36, 0xd1, 0x80,
    0xba, 0x4d, 0x51, 0x2, 0xf9, 0xe, 0x92, 0x6f,
    0x27, 0xe8, 0xc, 0x86, 0xff, 0x7, 0x90, 0xfe,
    0x95, 0xab, 0x5a, 0x86, 0xd1, 0xa3, 0x51, 0x80,

    /* U+00E7 "ç" */
    0x3, 0xf4, 0x6, 0x68, 0x24, 0x4a, 0x90, 0x41,
    0xff, 0xcb, 0x83, 0xd1, 0x2a, 0x46, 0x68, 0x20,
    0x7c, 0x41, 0xff, 0xc0, 0xb4, 0x0,

    /* U+00E8 "è" */
    0x3, 0x87, 0xca, 0x83, 0xe8, 0x43, 0xe9, 0xe,
    0x7e, 0x82, 0x66, 0x8c, 0x9, 0x95, 0x21, 0x61,
    0x22, 0xb, 0xf0, 0x6b, 0xf9, 0x6, 0x1f, 0x4c,
    0xb4, 0x7, 0x2a, 0x0,

    /* U+00E9 "é" */
    0xe, 0xb0, 0xf9, 0xc3, 0xdc, 0x1f, 0x68, 0x73,
    0xf4, 0x13, 0x34, 0x60, 0x4c, 0xa9, 0xb, 0x9,
    0x10, 0x5f, 0x83, 0x5f, 0xc8, 0x30, 0xfa, 0x65,
    0xa0, 0x39, 0x50, 0x0,

    /* U+00EA "ê" */
    0xd, 0xc1, 0xe9, 0x41, 0xca, 0xa6, 0x19, 0xc7,
    0xc, 0xfd, 0x4, 0xcd, 0x18, 0x13, 0x2a, 0x42,
    0xc2, 0x44, 0x17, 0xe0, 0xd7, 0xf2, 0xc, 0x3e,
    0x99, 0x68, 0xe, 0x54, 0x0,

    /* U+00EB "ë" */
    0x3, 0x96, 0x19, 0x46, 0x87, 0x43, 0x6, 0x7e,
    0x82, 0x66, 0x8c, 0x9, 0x95, 0x21, 0x61, 0x22,
    0xb, 0xf0, 0x6b, 0xf9, 0x6, 0x1f, 0x4c, 0xb4,
    0x7, 0x2a, 0x0,

    /* U+00EC "ì" */
    0x34, 0x2e, 0xd, 0x40, 0x98, 0x2b, 0xf, 0xfe,
    0xe8,

    /* U+00ED "í" */
    0x6, 0xe, 0x25, 0x14, 0x5, 0x87, 0xff, 0x58,

    /* U+00EE "î" */
    0x7, 0x82, 0x46, 0x5, 0xc8, 0x30, 0x61, 0x58,
    0x7f, 0xf9, 0x80,

    /* U+00EF "ï" */
    0x34, 0xd1, 0x42, 0x88, 0x10, 0x56, 0x1f, 0xfe,
    0x60,

    /* U+00F0 "ð" */
    0x3, 0xa4, 0x87, 0x54, 0x86, 0xe4, 0x3d, 0xc6,
    0x13, 0x3c, 0x40, 0x98, 0x64, 0x2c, 0x24, 0x43,
    0xff, 0x91, 0x85, 0x9, 0x33, 0x28, 0xc, 0xcd,
    0x0,

    /* U+00F1 "ñ" */
    0x7, 0x88, 0x26, 0x9a, 0x12, 0xde, 0x5, 0x1f,
    0x41, 0x3f, 0x38, 0x50, 0x20, 0xf9, 0x9, 0xf,
    0xfe, 0xd0,

    /* U+00F2 "ò" */
    0x5, 0x87, 0xd3, 0x7, 0xd2, 0x83, 0xed, 0xe,
    0x7e, 0x42, 0x66, 0x68, 0x9, 0x99, 0x41, 0x61,
    0x42, 0x1f, 0xfc, 0x8c, 0x28, 0x49, 0x99, 0x40,
    0x66, 0x68, 0x0,

    /* U+00F3 "ó" */
    0xe, 0xa0, 0x79, 0x50, 0x7a, 0xc3, 0xec, 0x3c,
    0xfc, 0x84, 0xcc, 0xd0, 0x13, 0x32, 0x82, 0xc2,
    0x84, 0x3f, 0xf9, 0x18, 0x50, 0x93, 0x32, 0x80,
    0xcc, 0xd0,

    /* U+00F4 "ô" */
    0x9, 0xd0, 0xf5, 0x41, 0xcb, 0x50, 0x33, 0xc,
    0x19, 0xf9, 0x9, 0x99, 0xa0, 0x26, 0x65, 0x5,
    0x85, 0x8, 0x7f, 0xf2, 0x30, 0xa1, 0x26, 0x65,
    0x1, 0x99, 0xa0,

    /* U+00F5 "õ" */
    0x5, 0xf4, 0x1a, 0xfa, 0xf, 0xfe, 0xb, 0xf2,
    0x13, 0x33, 0x40, 0x4c, 0xca, 0xb, 0xa, 0x10,
    0xff, 0xe4, 0x61, 0x42, 0x4c, 0xca, 0x3, 0x33,
    0x40,

    /* U+00F6 "ö" */
    0x5, 0x96, 0x1b, 0x4e, 0xc, 0xc2, 0x83, 0x3f,
    0x21, 0x33, 0x34, 0x4, 0xcc, 0xa0, 0xb0, 0xa1,
    0xf, 0xfe, 0x46, 0x14, 0x24, 0xcc, 0xa0, 0x33,
    0x34, 0x0,

    /* U+00F7 "÷" */
    0xd, 0x61, 0xff, 0xc6, 0xb0, 0xcf, 0xff, 0x35,
    0xfb, 0x17, 0xf0, 0x75, 0x87, 0xff, 0x8,

    /* U+00F8 "ø" */
    0xf, 0xf9, 0xf9, 0xd1, 0x9a, 0x94, 0x4c, 0x81,
    0xb, 0x5, 0x87, 0xbc, 0x4, 0x2e, 0xf, 0x4a,
    0x21, 0x10, 0x32, 0x80, 0xcc, 0xd0, 0x1b, 0xf2,
    0x0,

    /* U+00F9 "ù" */
    0x1c, 0x3c, 0xa8, 0x3d, 0x28, 0x3d, 0xa1, 0x50,
    0x36, 0x1f, 0xfd, 0xa4, 0x24, 0x3d, 0x88, 0xc0,
    0x69, 0xe8, 0x0,

    /* U+00FA "ú" */
    0xd, 0x40, 0xe5, 0x41, 0xd6, 0x1e, 0xc3, 0x50,
    0x36, 0x1f, 0xfd, 0xa4, 0x24, 0x3d, 0x88, 0xc0,
    0x69, 0xe8, 0x0,

    /* U+00FB "û" */
    0xb, 0x43, 0xba, 0x6, 0x5a, 0x81, 0x30, 0xc0,
    0xa0, 0x6c, 0x3f, 0xfb, 0x48, 0x48, 0x7b, 0x11,
    0x80, 0xd3, 0xd0, 0x0,

    /* U+00FC "ü" */
    0x2c, 0xb0, 0xb4, 0xe0, 0x98, 0x50, 0x28, 0x1b,
    0xf, 0xfe, 0xd2, 0x12, 0x1e, 0xc4, 0x60, 0x34,
    0xf4, 0x0,

    /* U+00FD "ý" */
    0xe, 0xe0, 0xf4, 0xc1, 0xca, 0x83, 0xce, 0x19,
    0xc3, 0xb1, 0x10, 0xa0, 0x98, 0x26, 0x4, 0x12,
    0x21, 0xa3, 0x43, 0x48, 0xe1, 0x93, 0x10, 0xe4,
    0x43, 0xd9, 0x7, 0xb0, 0xf9, 0x50, 0x77, 0x28,
    0x30,

    /* U+00FE "þ" */
    0xa0, 0x7f, 0xf3, 0x1f, 0x41, 0x35, 0x38, 0x5a,
    0xb1, 0xf, 0xb1, 0xc, 0x81, 0xc, 0x87, 0xec,
    0x1a, 0xb1, 0x1a, 0x9c, 0x27, 0xd0, 0x7f, 0xf1,
    0x80,

    /* U+00FF "ÿ" */
    0x5, 0x9c, 0x1b, 0x87, 0xc, 0xa2, 0x40, 0xe1,
    0xd8, 0x88, 0x50, 0x4c, 0x13, 0x2, 0x9, 0x10,
    0xd1, 0xa1, 0xa4, 0x70, 0xc9, 0x88, 0x72, 0x21,
    0xec, 0x83, 0xd8, 0x7c, 0xa8, 0x3b, 0x94, 0x18,

    /* U+0100 "Ā" */
    0xb, 0xf2, 0x1e, 0xfc, 0x87, 0xde, 0xf, 0xf9,
    0xf, 0xa0, 0x41, 0xf2, 0xa0, 0xf9, 0x34, 0x83,
    0xb1, 0x14, 0x1c, 0xa0, 0x61, 0xc9, 0x81, 0x20,
    0xb2, 0xf8, 0x42, 0x55, 0x70, 0x89, 0x2f, 0x19,
    0x87, 0xca, 0x0,

    /* U+0101 "ā" */
    0x7, 0xe4, 0x2f, 0xc8, 0x7f, 0xd7, 0xc8, 0x1e,
    0x8c, 0x8b, 0xa7, 0x5, 0xf2, 0x89, 0xbc, 0x81,
    0x90, 0xff, 0x21, 0x60, 0x82, 0xcf, 0x8,

    /* U+0102 "Ă" */
    0xb, 0x4, 0x87, 0xaf, 0x28, 0x3c, 0xfc, 0x1f,
    0xbc, 0x1f, 0xf2, 0x1f, 0x40, 0x83, 0xe5, 0x41,
    0xf2, 0x69, 0x7, 0x62, 0x28, 0x39, 0x40, 0xc3,
    0x93, 0x2, 0x41, 0x65, 0xf0, 0x84, 0xaa, 0xe1,
    0x12, 0x5e, 0x33, 0xf, 0x94, 0x0,

    /* U+0103 "ă" */
    0x6, 0xa, 0x5, 0x79, 0x82, 0x7e, 0xd, 0x7c,
    0x81, 0xe8, 0xc8, 0xba, 0x70, 0x5f, 0x28, 0x9b,
    0xc8, 0x19, 0xf, 0xf2, 0x16, 0x8, 0x2c, 0xf0,
    0x80,

    /* U+0104 "Ą" */
    0xd, 0xe0, 0xff, 0x90, 0xfa, 0x4, 0x1f, 0x2a,
    0xf, 0x93, 0x48, 0x3b, 0x11, 0x41, 0xca, 0x6,
    0x1c, 0x98, 0x12, 0xb, 0x2f, 0x84, 0x25, 0x57,
    0x8, 0x92, 0xf1, 0x98, 0x7c, 0xa2, 0xc3, 0xec,
    0x3f, 0x90, 0xff, 0x3c,

    /* U+0105 "ą" */
    0x5, 0xf2, 0x13, 0xd1, 0x90, 0x2e, 0x9c, 0x2b,
    0xe5, 0x2, 0x6f, 0x21, 0x32, 0x1f, 0xf2, 0x1b,
    0x4, 0x1b, 0x3c, 0x21, 0xaf, 0x4e, 0x1f, 0xfc,
    0x5d,

    /* U+0106 "Ć" */
    0xf, 0x68, 0x7d, 0x44, 0x3e, 0x90, 0xf3, 0xfa,
    0xa, 0x8d, 0x4c, 0x2a, 0x8b, 0x78, 0x84, 0x39,
    0x2, 0x1f, 0xd8, 0x7f, 0xf1, 0xf0, 0xfe, 0x43,
    0xf4, 0x21, 0xc8, 0xaa, 0x2a, 0xf0, 0x28, 0xd1,
    0x50,

    /* U+0107 "ć" */
    0xe, 0xb0, 0xe5, 0x61, 0xd4, 0xf, 0x68, 0x67,
    0xe8, 0xc, 0xd0, 0x48, 0x95, 0x20, 0x83, 0xff,
    0x97, 0x7, 0xa2, 0x54, 0x8c, 0xd0, 0x40,

    /* U+0108 "Ĉ" */
    0xe, 0xf2, 0x1e, 0xa7, 0x7, 0xa4, 0xc3, 0x9f,
    0xd0, 0x54, 0x6a, 0x61, 0x54, 0x5b, 0xc4, 0x21,
    0xc8, 0x10, 0xfe, 0xc3, 0xff, 0x8f, 0x87, 0xf2,
    0x1f, 0xa1, 0xe, 0x45, 0x51, 0x57, 0x81, 0x46,
    0x8a, 0x80,

    /* U+0109 "ĉ" */
    0xd, 0xe0, 0xe5, 0xc1, 0xab, 0x6, 0xc1, 0x84,
    0xfd, 0x1, 0x9a, 0x9, 0x12, 0xa4, 0x10, 0x7f,
    0xf2, 0xe0, 0xf4, 0x4a, 0x91, 0x9a, 0x8,

    /* U+010A "Ċ" */
    0xe, 0xb0, 0xfd, 0xa1, 0xf9, 0x83, 0xcf, 0xe8,
    0x2a, 0x35, 0x30, 0xaa, 0x2d, 0xe2, 0x10, 0xe4,
    0x8, 0x7f, 0x61, 0xff, 0xc7, 0xc3, 0xf9, 0xf,
    0xd0, 0x87, 0x22, 0xa8, 0xab, 0xc0, 0xa3, 0x45,
    0x40,

    /* U+010B "ċ" */
    0xd, 0x40, 0xff, 0xe1, 0x50, 0x33, 0xf4, 0x6,
    0x68, 0x24, 0x4a, 0x90, 0x41, 0xff, 0xcb, 0x83,
    0xd1, 0x2a, 0x46, 0x68, 0x20,

    /* U+010C "Č" */
    0xd, 0x8e, 0x1e, 0xf5, 0x87, 0xde, 0xf, 0x3f,
    0xa0, 0xa8, 0xd4, 0xc2, 0xa8, 0xb7, 0x88, 0x43,
    0x90, 0x21, 0xfd, 0x87, 0xff, 0x1f, 0xf, 0xe4,
    0x3f, 0x42, 0x1c, 0x8a, 0xa2, 0xaf, 0x2, 0x8d,
    0x15, 0x0,

    /* U+010D "č" */
    0x3, 0x8e, 0x12, 0xa9, 0x86, 0x94, 0x1e, 0xe0,
    0xcf, 0xd0, 0x19, 0xa0, 0x91, 0x2a, 0x41, 0x7,
    0xff, 0x2e, 0xf, 0x44, 0xa9, 0x19, 0xa0, 0x80,

    /* U+010E "Ď" */
    0x3, 0x12, 0x1c, 0x98, 0x87, 0xae, 0xd, 0x7f,
    0x41, 0xd5, 0x2b, 0xc, 0xb5, 0x98, 0x7e, 0x84,
    0x3e, 0x4c, 0x3f, 0xfb, 0x29, 0x87, 0xd0, 0x81,
    0x6b, 0x30, 0xaa, 0x56, 0x0,

    /* U+010F "ď" */
    0xf, 0xb2, 0xc3, 0xfc, 0x87, 0xf3, 0x81, 0xf4,
    0x83, 0x46, 0x62, 0xe, 0x99, 0x90, 0xf6, 0x16,
    0x1e, 0x42, 0x43, 0xc8, 0x48, 0x7b, 0xb, 0xe,
    0x94, 0x28, 0x39, 0xa7, 0xa0, 0xc0,

    /* U+0110 "Đ" */
    0x1f, 0xe8, 0x3d, 0x52, 0xb4, 0x32, 0xd6, 0x41,
    0xfd, 0x8, 0x7e, 0x4f, 0x47, 0x90, 0xed, 0x3c,
    0x87, 0xb0, 0xff, 0xe2, 0xa6, 0x1f, 0xa1, 0x9,
    0x6b, 0x20, 0xd5, 0x2b, 0x40,

    /* U+0111 "đ" */
    0xf, 0xb0, 0xf5, 0xe3, 0x43, 0x5e, 0x34, 0xf,
    0xa4, 0x33, 0x31, 0x6, 0x99, 0x90, 0xec, 0x2c,
    0x39, 0x9, 0xe, 0x42, 0x43, 0xb0, 0xb0, 0xd2,
    0x85, 0x6, 0x69, 0xe8, 0x20,

    /* U+0112 "Ē" */
    0x1f, 0xc1, 0x3f, 0x81, 0x7f, 0x90, 0x57, 0x20,
    0x5e, 0xf, 0xfe, 0x3f, 0xf0, 0x55, 0xc1, 0x2f,
    0x7, 0xff, 0x1d, 0x78, 0x2a, 0xf0,

    /* U+0113 "ē" */
    0x3, 0xf8, 0x33, 0xf8, 0x3f, 0xf8, 0x2f, 0xd0,
    0x4c, 0xd1, 0x81, 0x32, 0xa4, 0x2c, 0x24, 0x41,
    0x7e, 0xd, 0x7f, 0x20, 0xc3, 0xe9, 0x96, 0x80,
    0xe5, 0x40,

    /* U+0114 "Ĕ" */
    0x18, 0x18, 0x49, 0xe4, 0x35, 0xe8, 0x17, 0xf9,
    0x5, 0x72, 0x5, 0xe0, 0xff, 0xe3, 0xff, 0x5,
    0x5c, 0x12, 0xf0, 0x7f, 0xf1, 0xd7, 0x82, 0xaf,
    0x0,

    /* U+0115 "ĕ" */
    0x3, 0x3, 0xc, 0x9e, 0x83, 0xaf, 0x21, 0xff,
    0xc1, 0x7e, 0x82, 0x66, 0x8c, 0x9, 0x95, 0x21,
    0x61, 0x22, 0xb, 0xf0, 0x6b, 0xf9, 0x6, 0x1f,
    0x4c, 0xb4, 0x7, 0x2a, 0x0,

    /* U+0116 "Ė" */
    0xa, 0x43, 0xce, 0x1e, 0xe0, 0xaf, 0xf2, 0xa,
    0xe4, 0xb, 0xc1, 0xff, 0xc7, 0xfe, 0xa, 0xb8,
    0x25, 0xe0, 0xff, 0xe3, 0xaf, 0x5, 0x5e,

    /* U+0117 "ė" */
    0xd, 0xc1, 0xf3, 0x87, 0xd2, 0x1c, 0xfd, 0x4,
    0xcd, 0x18, 0x13, 0x2a, 0x42, 0xc2, 0x44, 0x17,
    0xe0, 0xd7, 0xf2, 0xc, 0x3e, 0x99, 0x68, 0xe,
    0x54, 0x0,

    /* U+0118 "Ę" */
    0xbf, 0xc8, 0x2b, 0x90, 0x2f, 0x7, 0xff, 0x1f,
    0xf8, 0x2a, 0xe0, 0x97, 0x83, 0xff, 0x8e, 0xbc,
    0x15, 0x7d, 0xf9, 0xe0, 0xe4, 0x3f, 0x68,

    /* U+0119 "ę" */
    0x3, 0xf4, 0x13, 0x34, 0x60, 0x4c, 0xa9, 0xb,
    0x9, 0x10, 0x5f, 0x83, 0x5f, 0xc8, 0x30, 0xfa,
    0x65, 0xa0, 0x39, 0x50, 0x75, 0xd4, 0x1e, 0x83,
    0xf5, 0x30,

    /* U+011A "Ě" */
    0x6, 0x38, 0x6f, 0x58, 0x77, 0x82, 0xbf, 0xc8,
    0x2b, 0x90, 0x2f, 0x7, 0xff, 0x1f, 0xf8, 0x2a,
    0xe0, 0x97, 0x83, 0xff, 0x8e, 0xbc, 0x15, 0x78,

    /* U+011B "ě" */
    0xb, 0x6, 0x1c, 0xdc, 0x1d, 0x2c, 0x1e, 0xe0,
    0xe7, 0xe8, 0x26, 0x68, 0xc0, 0x99, 0x52, 0x16,
    0x12, 0x20, 0xbf, 0x6, 0xbf, 0x90, 0x61, 0xf4,
    0xcb, 0x40, 0x72, 0xa0, 0x0,

    /* U+011C "Ĝ" */
    0xe, 0xf2, 0x1f, 0x4f, 0x7, 0xd4, 0x30, 0xf3,
    0x7d, 0x6, 0xa1, 0x53, 0x81, 0x54, 0x5b, 0x81,
    0x8, 0x72, 0x12, 0x1f, 0xec, 0x3f, 0xf8, 0x4f,
    0xc8, 0x30, 0x9e, 0xc, 0x87, 0x21, 0x42, 0x1f,
    0x95, 0x45, 0xa0, 0xd4, 0x2a, 0x34,

    /* U+011D "ĝ" */
    0x9, 0xd0, 0xf5, 0x41, 0xd2, 0xd0, 0x6a, 0x14,
    0xc, 0xfa, 0x70, 0x33, 0x10, 0x53, 0x32, 0x1b,
    0xb, 0xc, 0x84, 0x86, 0x42, 0x43, 0x61, 0x61,
    0x4c, 0xc8, 0x4c, 0xc4, 0x19, 0xf4, 0x1d, 0x23,
    0x40, 0xd7, 0x44,

    /* U+011E "Ğ" */
    0x9, 0x81, 0x87, 0x93, 0xd0, 0x7d, 0x79, 0xf,
    0x37, 0xd0, 0x6a, 0x15, 0x38, 0x15, 0x45, 0xb8,
    0x10, 0x87, 0x21, 0x21, 0xfe, 0xc3, 0xff, 0x84,
    0xfc, 0x83, 0x9, 0xe0, 0xc8, 0x72, 0x14, 0x21,
    0xf9, 0x54, 0x5a, 0xd, 0x42, 0xa3, 0x40,

    /* U+011F "ğ" */
    0x3, 0x3, 0xc, 0xaf, 0x41, 0xdf, 0x21, 0xff,
    0xc1, 0x7d, 0x38, 0x19, 0x88, 0x29, 0x99, 0xd,
    0x85, 0x86, 0x42, 0x43, 0x21, 0x21, 0xb0, 0xb0,
    0xa6, 0x64, 0x26, 0x62, 0xc, 0xfa, 0xe, 0x91,
    0xa0, 0x6b, 0xa2, 0x0,

    /* U+0120 "Ġ" */
    0xe, 0x70, 0xff, 0x21, 0xfc, 0xc1, 0xf3, 0x7d,
    0x6, 0xa1, 0x53, 0x81, 0x54, 0x5b, 0x81, 0x8,
    0x72, 0x12, 0x1f, 0xec, 0x3f, 0xf8, 0x4f, 0xc8,
    0x30, 0x9e, 0xc, 0x87, 0x21, 0x42, 0x1f, 0x95,
    0x45, 0xa0, 0xd4, 0x2a, 0x34,

    /* U+0121 "ġ" */
    0xd, 0x87, 0xff, 0x17, 0xf, 0x3e, 0x9c, 0xc,
    0xc4, 0x14, 0xcc, 0x86, 0xc2, 0xc3, 0x21, 0x21,
    0x90, 0x90, 0xd8, 0x58, 0x53, 0x32, 0x13, 0x31,
    0x6, 0x7d, 0x7, 0x48, 0xd0, 0x35, 0xd1, 0x0,

    /* U+0122 "Ģ" */
    0x9, 0xbe, 0x83, 0x50, 0xa9, 0xc0, 0xaa, 0x2d,
    0xc0, 0x84, 0x39, 0x9, 0xf, 0xf6, 0x1f, 0xfc,
    0x27, 0xe4, 0x18, 0x4f, 0x6, 0x43, 0x90, 0xa1,
    0xf, 0xca, 0xa2, 0xd0, 0x6a, 0x15, 0x1a, 0x13,
    0x7d, 0x7, 0xe8, 0x3f, 0x94, 0x1f, 0xdc, 0x18,

    /* U+0123 "ģ" */
    0xc, 0xe1, 0xf4, 0x87, 0xcc, 0x1c, 0xec, 0xe0,
    0x66, 0x20, 0xa6, 0x64, 0x36, 0x16, 0x19, 0x9,
    0xc, 0x84, 0x86, 0xc2, 0xc2, 0x99, 0x90, 0x99,
    0x88, 0x33, 0xe8, 0x3a, 0x46, 0x81, 0xae, 0x88,

    /* U+0124 "Ĥ" */
    0x9, 0xe0, 0xf5, 0x88, 0x76, 0x48, 0x2c, 0x3a,
    0xc3, 0xff, 0xb5, 0xfc, 0x85, 0x5c, 0x19, 0x7c,
    0x1f, 0xfd, 0x90,

    /* U+0125 "ĥ" */
    0x7, 0x83, 0xee, 0xf0, 0x7b, 0x4c, 0x3e, 0xa0,
    0x7f, 0xf4, 0x9f, 0x41, 0xcd, 0x4e, 0x1d, 0xaa,
    0xf, 0xe4, 0x39, 0xf, 0xff, 0x10,

    /* U+0126 "Ħ" */
    0x1c, 0x39, 0xc3, 0xff, 0x85, 0x43, 0xfa, 0x36,
    0x85, 0xf9, 0x24, 0x24, 0x36, 0x21, 0xbf, 0xa0,
    0xf5, 0x72, 0x1e, 0x5e, 0xc3, 0xff, 0xce,

    /* U+0127 "ħ" */
    0x6, 0x1f, 0x67, 0xa0, 0xd1, 0x70, 0x64, 0x6f,
    0x21, 0xb2, 0x60, 0xcc, 0xc4, 0x14, 0x12, 0x1f,
    0xfe, 0x20,

    /* U+0128 "Ĩ" */
    0x2d, 0x50, 0xfa, 0x86, 0x58, 0x56, 0x1f, 0xff,
    0x80,

    /* U+0129 "ĩ" */
    0x3c, 0xcb, 0x72, 0xd1, 0xe0, 0xac, 0x3f, 0xfc,
    0xc0,

    /* U+012A "Ī" */
    0xfc, 0xfe, 0x4b, 0xf, 0xff, 0x68,

    /* U+012B "ī" */
    0x3f, 0x27, 0xe4, 0x3f, 0x58, 0x7f, 0xf9, 0x80,

    /* U+012C "Ĭ" */
    0x30, 0x49, 0x78, 0x47, 0xd0, 0x56, 0x1f, 0xff,
    0x80,

    /* U+012D "ĭ" */
    0x10, 0x20, 0xfa, 0x5, 0xf0, 0x7f, 0x58, 0x7f,
    0xf9, 0x80,

    /* U+012E "Į" */
    0xb0, 0xff, 0xf1, 0x68, 0x3c, 0xe, 0xc0,

    /* U+012F "į" */
    0xb3, 0x46, 0x2c, 0x3f, 0xf9, 0xbc, 0x48, 0xf8,

    /* U+0130 "İ" */
    0x6d, 0xbb, 0xf, 0xfe, 0x50,

    /* U+0131 "ı" */
    0xb0, 0xff, 0xe2, 0x0,

    /* U+0132 "Ĳ" */
    0xb0, 0xb4, 0x3f, 0xff, 0xe0, 0xb0, 0x22, 0x13,
    0x6, 0x67, 0x0,

    /* U+0133 "ĳ" */
    0xb0, 0x3e, 0x43, 0x30, 0x1e, 0xc0, 0xe1, 0xff,
    0xe4, 0xb0, 0xf9, 0x90, 0xa2,

    /* U+0134 "Ĵ" */
    0x7, 0x90, 0x53, 0x81, 0x26, 0x15, 0x87, 0xff,
    0xf9, 0x98, 0x12, 0xc0,

    /* U+0135 "ĵ" */
    0x7, 0x82, 0x46, 0x5, 0xc8, 0x30, 0x61, 0x58,
    0x7f, 0xfa, 0x50, 0x95, 0x81, 0x94, 0x0,

    /* U+0136 "Ķ" */
    0xb0, 0xd6, 0x87, 0xa6, 0x43, 0xa6, 0x43, 0xa6,
    0x43, 0x95, 0x21, 0xe9, 0x41, 0xf9, 0xf, 0xd9,
    0x87, 0xec, 0xc3, 0xf6, 0x61, 0xfb, 0x30, 0xfd,
    0x11, 0x61, 0x9e, 0xe, 0x50, 0x7e, 0x83, 0xfc,
    0x86,

    /* U+0137 "ķ" */
    0xa0, 0x7f, 0xf3, 0xec, 0x3b, 0x70, 0xd9, 0x84,
    0xe6, 0x1e, 0x83, 0x9a, 0x21, 0xcd, 0x10, 0xe5,
    0x48, 0x74, 0xc5, 0x2, 0xb0, 0xca, 0xf, 0x78,
    0x3c, 0xc1, 0x0,

    /* U+0138 "ĸ" */
    0xa0, 0x56, 0x1d, 0xb8, 0x6c, 0xc2, 0x73, 0xf,
    0x41, 0xcd, 0x10, 0xe6, 0x88, 0x72, 0xa0, 0xf4,
    0xe0,

    /* U+0139 "Ĺ" */
    0x1c, 0x3d, 0x61, 0xec, 0x3d, 0x61, 0xff, 0xff,
    0xe, 0x5e, 0xa, 0xb9,

    /* U+013A "ĺ" */
    0x1c, 0x16, 0xc, 0x16, 0x1f, 0xfe, 0x20,

    /* U+013B "Ļ" */
    0xb0, 0xff, 0xff, 0x87, 0x2f, 0x5, 0x5c, 0xdf,
    0xe4, 0x25, 0x7, 0xa0, 0xfc, 0x84,

    /* U+013C "ļ" */
    0xb0, 0xff, 0xeb, 0x58, 0x22, 0x3, 0x0,

    /* U+013D "Ľ" */
    0xb0, 0x61, 0xe4, 0x3f, 0x21, 0xe6, 0xf, 0xff,
    0x4a, 0xf0, 0x55, 0xc8,

    /* U+013E "ľ" */
    0xb3, 0x43, 0x20, 0x43, 0x38, 0x7f, 0xf7, 0x40,

    /* U+013F "Ŀ" */
    0xb0, 0xff, 0xeb, 0x3a, 0x1f, 0xfc, 0x17, 0x43,
    0xff, 0x9e, 0xbc, 0x15, 0x72,

    /* U+0140 "ŀ" */
    0xb0, 0xff, 0xe4, 0x70, 0x7b, 0x83, 0xff, 0x88,

    /* U+0141 "Ł" */
    0x3, 0x87, 0xff, 0x51, 0xf, 0x9c, 0x3f, 0x5a,
    0x1d, 0x18, 0x7b, 0xf, 0xee, 0xf, 0xfe, 0x4a,
    0xf0, 0x75, 0x72,

    /* U+0142 "ł" */
    0x2c, 0x3f, 0xf9, 0x18, 0x68, 0x91, 0x34, 0x24,
    0x3f, 0xf8, 0xe0,

    /* U+0143 "Ń" */
    0xd, 0xc1, 0xe5, 0x41, 0xe6, 0xd, 0x70, 0x6b,
    0x2, 0x1f, 0xd0, 0x7d, 0x21, 0xf2, 0x41, 0xf4,
    0x87, 0xc9, 0x7, 0xd2, 0x1f, 0x24, 0x1f, 0x4a,
    0xf, 0x21, 0xfd, 0x0,

    /* U+0144 "ń" */
    0xd, 0xa1, 0xda, 0x83, 0x2a, 0xe, 0x60, 0xd4,
    0x7d, 0x4, 0xfc, 0xe1, 0x40, 0x83, 0xe4, 0x24,
    0x3f, 0xfb, 0x40,

    /* U+0145 "Ņ" */
    0xb8, 0x35, 0x81, 0xf, 0xe8, 0x3e, 0x90, 0xf9,
    0x20, 0xfa, 0x43, 0xe4, 0x83, 0xe9, 0xf, 0x92,
    0xf, 0xa5, 0x7, 0x90, 0xfe, 0x81, 0x61, 0x9f,
    0x6, 0x50, 0x7d, 0x21, 0xe5, 0x6,

    /* U+0146 "ņ" */
    0xa3, 0xe8, 0x27, 0xe7, 0xa, 0x4, 0x1f, 0x21,
    0x21, 0xff, 0xda, 0xa0, 0x6c, 0x32, 0x83, 0xd0,
    0x7e, 0x42,

    /* U+0147 "Ň" */
    0x3, 0x12, 0x19, 0x52, 0x83, 0xb3, 0xa, 0xe2,
    0x5, 0x81, 0xf, 0xe8, 0x3e, 0x90, 0xf9, 0x20,
    0xfa, 0x43, 0xe4, 0x83, 0xe9, 0xf, 0x92, 0xf,
    0xa5, 0x7, 0x90, 0xfe, 0x80,

    /* U+0148 "ň" */
    0x4, 0x8, 0x39, 0xf0, 0x6a, 0x28, 0x3b, 0x82,
    0xa3, 0xe8, 0x27, 0xe7, 0xa, 0x4, 0x1f, 0x21,
    0x21, 0xff, 0xda,

    /* U+0149 "ŉ" */
    0x38, 0x3f, 0xb0, 0xfe, 0x43, 0xe6, 0x36, 0xf2,
    0x28, 0x17, 0xa8, 0x86, 0x50, 0x98, 0x6c, 0x24,
    0x39, 0xf, 0xff, 0x8,

    /* U+014A "Ŋ" */
    0xb2, 0xf4, 0x1a, 0x28, 0xe1, 0xa5, 0x42, 0x8,
    0x24, 0x3f, 0xd8, 0x7f, 0xfc, 0xec, 0x3d, 0x87,
    0x90, 0xfa, 0x8a,

    /* U+014B "ŋ" */
    0xa3, 0xe8, 0x27, 0xe3, 0xa, 0x4, 0x1f, 0xf2,
    0x1f, 0xfd, 0xaa, 0x7, 0xfd, 0x7, 0x79, 0x80,

    /* U+014C "Ō" */
    0x9, 0xfc, 0x1e, 0x7f, 0x7, 0xff, 0x15, 0xfa,
    0x43, 0x51, 0xa1, 0x20, 0x55, 0x15, 0x30, 0x21,
    0xd, 0x10, 0x10, 0xf9, 0x6, 0x1e, 0x43, 0xff,
    0x85, 0x87, 0x90, 0x90, 0xf9, 0x21, 0xd, 0x10,
    0xaa, 0x2a, 0x60, 0xa8, 0xd0, 0x90,

    /* U+014D "ō" */
    0x5, 0xf8, 0x35, 0xf8, 0x3f, 0xf8, 0x2f, 0xc8,
    0x4c, 0xcd, 0x1, 0x33, 0x28, 0x2c, 0x28, 0x43,
    0xff, 0x91, 0x85, 0x9, 0x33, 0x28, 0xc, 0xcd,
    0x0,

    /* U+014E "Ŏ" */
    0x9, 0x81, 0x87, 0x93, 0xd0, 0x7d, 0x79, 0xf,
    0x3f, 0x48, 0x6a, 0x34, 0x24, 0xa, 0xa2, 0xa6,
    0x4, 0x21, 0xa2, 0x2, 0x1f, 0x20, 0xc3, 0xc8,
    0x7f, 0xf0, 0xb0, 0xf2, 0x12, 0x1f, 0x24, 0x21,
    0xa2, 0x15, 0x45, 0x4c, 0x15, 0x1a, 0x12, 0x0,

    /* U+014F "ŏ" */
    0x4, 0x8e, 0x1a, 0x9d, 0x3, 0xbe, 0x43, 0xff,
    0x82, 0xfc, 0x84, 0xcc, 0xd0, 0x13, 0x32, 0x82,
    0xc2, 0x84, 0x3f, 0xf9, 0x18, 0x50, 0x93, 0x32,
    0x80, 0xcc, 0xd0,

    /* U+0150 "Ő" */
    0xf, 0xfe, 0x26, 0x50, 0x3d, 0xca, 0x83, 0xda,
    0xb0, 0xf3, 0xf4, 0x86, 0xa3, 0x42, 0x40, 0xaa,
    0x2a, 0x60, 0x42, 0x1a, 0x20, 0x21, 0xf2, 0xc,
    0x3c, 0x87, 0xff, 0xb, 0xf, 0x21, 0x21, 0xf2,
    0x42, 0x1a, 0x21, 0x54, 0x54, 0xc1, 0x51, 0xa1,
    0x20,

    /* U+0151 "ő" */
    0xd, 0xab, 0xc, 0xb5, 0x86, 0xa2, 0x83, 0xb1,
    0x83, 0x3f, 0x21, 0x33, 0x34, 0x4, 0xcc, 0xa0,
    0xb0, 0xa1, 0xf, 0xfe, 0x46, 0x14, 0x24, 0xcc,
    0xa0, 0x33, 0x34, 0x0,

    /* U+0152 "Œ" */
    0xd, 0x7f, 0xf8, 0x27, 0x55, 0x6, 0xb8, 0xc,
    0xf2, 0x80, 0xbc, 0x8, 0x83, 0xff, 0x84, 0x87,
    0xff, 0xf, 0xf, 0x3f, 0xa0, 0xff, 0x35, 0xc1,
    0x61, 0xf2, 0xe0, 0xc8, 0x7f, 0xf0, 0xa2, 0xf,
    0xfe, 0xb, 0x3c, 0xa0, 0x2f, 0x4, 0xea, 0xa0,
    0xd7, 0x0,

    /* U+0153 "œ" */
    0x3, 0xf2, 0xb, 0xd0, 0x4c, 0xcd, 0x32, 0x8c,
    0x9, 0x99, 0x44, 0xad, 0xb, 0xa, 0x10, 0xe4,
    0x3f, 0x3f, 0x8c, 0x3f, 0x3f, 0xd0, 0x30, 0xa1,
    0xf, 0xa6, 0x65, 0x12, 0xd0, 0x19, 0x9a, 0x65,
    0x40,

    /* U+0154 "Ŕ" */
    0xd, 0x87, 0xdc, 0x1f, 0x68, 0x6b, 0xf4, 0x1d,
    0x53, 0x86, 0x5a, 0x10, 0xf2, 0x1f, 0xfc, 0x5c,
    0x42, 0xf8, 0xc3, 0x7a, 0x30, 0xf3, 0x8, 0x79,
    0x20, 0xfa, 0x10, 0xf2, 0x40,

    /* U+0155 "ŕ" */
    0xd, 0xa1, 0x6a, 0x2, 0xa0, 0x98, 0x14, 0x7c,
    0x7, 0xe0, 0xa0, 0xff, 0x21, 0xff, 0xd0,

    /* U+0156 "Ŗ" */
    0xbf, 0x41, 0xd5, 0x38, 0x65, 0xa1, 0xf, 0x21,
    0xff, 0xc5, 0xc4, 0x2f, 0x8c, 0x37, 0xa3, 0xf,
    0x30, 0x87, 0x92, 0xf, 0xa1, 0xf, 0x25, 0x30,
    0xef, 0x6, 0x50, 0x7d, 0x7, 0xf2, 0x10,

    /* U+0157 "ŗ" */
    0xf, 0xd4, 0x7c, 0x13, 0xf0, 0x68, 0x3f, 0xf8,
    0x8, 0x7f, 0xf5, 0x68, 0x1c, 0xa0, 0xef, 0x7,
    0x30, 0x60,

    /* U+0158 "Ř" */
    0x1c, 0x60, 0xca, 0xa8, 0x3a, 0x20, 0xd7, 0x9a,
    0x7, 0x54, 0xe1, 0x96, 0x84, 0x3c, 0x87, 0xff,
    0x17, 0x10, 0xbe, 0x30, 0xde, 0x8c, 0x3c, 0xc2,
    0x1e, 0x48, 0x3e, 0x84, 0x3c, 0x90,

    /* U+0159 "ř" */
    0x30, 0x60, 0xac, 0x5, 0xc1, 0x78, 0x14, 0x7c,
    0x7, 0xe0, 0xa0, 0xff, 0x21, 0xff, 0xd0,

    /* U+015A "Ś" */
    0xe, 0xc3, 0xee, 0xf, 0xb4, 0x39, 0xfd, 0x1,
    0x9a, 0x28, 0x13, 0x2a, 0xc3, 0xff, 0x80, 0xa0,
    0xf6, 0x5e, 0x43, 0x72, 0x58, 0x66, 0xe1, 0xf,
    0x26, 0x1f, 0xee, 0x5b, 0x22, 0x2a, 0x70,

    /* U+015B "ś" */
    0xe, 0xd0, 0xed, 0x41, 0x95, 0x7, 0x30, 0x75,
    0xf2, 0xc, 0xa8, 0x34, 0xb8, 0x2d, 0xe, 0xdb,
    0xc1, 0xae, 0x30, 0xe6, 0xa, 0x5a, 0xd, 0x53,
    0x80,

    /* U+015C "Ŝ" */
    0x9, 0xf0, 0x7a, 0xe8, 0x1d, 0x8c, 0x19, 0xfd,
    0x1, 0x9a, 0x28, 0x13, 0x2a, 0xc3, 0xff, 0x80,
    0xa0, 0xf6, 0x5e, 0x43, 0x72, 0x58, 0x66, 0xe1,
    0xf, 0x26, 0x1f, 0xee, 0x5b, 0x22, 0x2a, 0x70,

    /* U+015D "ŝ" */
    0xb, 0xc1, 0xcb, 0x83, 0x56, 0xd, 0x83, 0xd,
    0x7c, 0x83, 0x2a, 0xd, 0x2e, 0xb, 0x43, 0xb6,
    0xf0, 0x6b, 0x8c, 0x39, 0x82, 0x96, 0x83, 0x54,
    0xe0,

    /* U+015E "Ş" */
    0x3, 0xfa, 0x3, 0x34, 0x50, 0x26, 0x55, 0x87,
    0xff, 0x1, 0x41, 0xec, 0xbc, 0x86, 0xe4, 0xb0,
    0xcd, 0xc2, 0x1e, 0x4c, 0x3f, 0xdc, 0xb6, 0x44,
    0x54, 0xe0, 0x6f, 0x10, 0x7f, 0xf0, 0xbc, 0x84,

    /* U+015F "ş" */
    0x5, 0xf2, 0xc, 0xa8, 0x34, 0xb8, 0x2d, 0xe,
    0xdb, 0xc1, 0xae, 0x30, 0xe6, 0xa, 0x5a, 0xd,
    0x53, 0x82, 0xf1, 0x7, 0xc8, 0x6b, 0x10, 0x0,

    /* U+0160 "Š" */
    0xb, 0x18, 0x3a, 0xe8, 0x1c, 0xf8, 0x39, 0xfd,
    0x1, 0x9a, 0x28, 0x13, 0x2a, 0xc3, 0xff, 0x80,
    0xa0, 0xf6, 0x5e, 0x43, 0x72, 0x58, 0x66, 0xe1,
    0xf, 0x26, 0x1f, 0xee, 0x5b, 0x22, 0x2a, 0x70,

    /* U+0161 "š" */
    0x6, 0xc, 0x35, 0xc8, 0x64, 0x60, 0xef, 0x7,
    0x5f, 0x20, 0xca, 0x83, 0x4b, 0x82, 0xd0, 0xed,
    0xbc, 0x1a, 0xe3, 0xe, 0x60, 0xa5, 0xa0, 0xd5,
    0x38,

    /* U+0162 "Ţ" */
    0x3f, 0xf8, 0x15, 0x86, 0xa0, 0x2e, 0x35, 0x83,
    0xff, 0xfe, 0x1f, 0xfd, 0x24, 0x3f, 0xde, 0xf,
    0xdd, 0x86,

    /* U+0163 "ţ" */
    0x14, 0x1b, 0x83, 0xfa, 0x4f, 0x51, 0x3d, 0x7,
    0xff, 0x4f, 0x10, 0x95, 0x70, 0x2b, 0x4, 0xc1,
    0x79, 0x0,

    /* U+0164 "Ť" */
    0x9, 0x8a, 0x7, 0x92, 0x60, 0xfa, 0x30, 0xef,
    0xcf, 0xe0, 0x56, 0x1a, 0x80, 0xb8, 0xd6, 0xf,
    0xff, 0xf8, 0x7f, 0xf3, 0x40,

    /* U+0165 "ť" */
    0xd, 0xa1, 0xc9, 0x68, 0x73, 0x92, 0x7a, 0x89,
    0xe8, 0x3f, 0xfa, 0x78, 0x84, 0xab, 0x80,

    /* U+0166 "Ŧ" */
    0x3f, 0xf8, 0x15, 0x86, 0xa0, 0x2e, 0x35, 0x83,
    0xff, 0xb3, 0xe2, 0xd0, 0xea, 0x14, 0x43, 0x94,
    0x4, 0x3f, 0xfb, 0x0,

    /* U+0167 "ŧ" */
    0x14, 0x1b, 0x83, 0xfa, 0x4f, 0x51, 0x3d, 0x7,
    0xa4, 0xf3, 0x27, 0x90, 0xff, 0xe0, 0xe2, 0x12,
    0xae,

    /* U+0168 "Ũ" */
    0x3, 0xc6, 0x1a, 0xce, 0xd, 0x96, 0x82, 0xc3,
    0xb8, 0x3f, 0xff, 0x98, 0x72, 0x69, 0xad, 0x9,
    0xb5, 0x38,

    /* U+0169 "ũ" */
    0x1e, 0x30, 0xbb, 0xc8, 0x52, 0xb8, 0x14, 0xd,
    0x87, 0xff, 0x69, 0x9, 0xf, 0x62, 0x30, 0x1a,
    0x7a, 0x0,

    /* U+016A "Ū" */
    0x5, 0xf4, 0x1a, 0xfa, 0xf, 0xfa, 0xc3, 0xb8,
    0x3f, 0xff, 0x98, 0x72, 0x69, 0xad, 0x9, 0xb5,
    0x38,

    /* U+016B "ū" */
    0x1f, 0xc1, 0x3f, 0x83, 0xfd, 0x40, 0xd8, 0x7f,
    0xf6, 0x90, 0x90, 0xf6, 0x23, 0x1, 0xa7, 0xa0,
    0x0,

    /* U+016C "Ŭ" */
    0x4, 0x8c, 0x1a, 0x9d, 0x3, 0xbe, 0xa, 0xc3,
    0xb8, 0x3f, 0xff, 0x98, 0x72, 0x69, 0xad, 0x9,
    0xb5, 0x38,

    /* U+016D "ŭ" */
    0x14, 0x4, 0x26, 0xf0, 0x77, 0xc8, 0x7f, 0xa8,
    0x1b, 0xf, 0xfe, 0xd2, 0x12, 0x1e, 0xc4, 0x60,
    0x34, 0xf4, 0x0,

    /* U+016E "Ů" */
    0xa, 0xe0, 0xe4, 0xc4, 0x3f, 0xeb, 0x56, 0xae,
    0xb, 0xe0, 0xff, 0xfb, 0x61, 0xc9, 0xa6, 0xb4,
    0x26, 0xd4, 0xe0,

    /* U+016F "ů" */
    0x3, 0xc1, 0xd6, 0x21, 0x28, 0xf0, 0x4a, 0x3c,
    0x1a, 0xc4, 0x14, 0x78, 0xc3, 0xff, 0xb4, 0x84,
    0x87, 0xb1, 0x18, 0xd, 0x3d, 0x0,

    /* U+0170 "Ű" */
    0xf, 0xfe, 0x5, 0xc, 0x39, 0xb8, 0x3b, 0x34,
    0x16, 0x1d, 0xc1, 0xff, 0xfc, 0xc3, 0x93, 0x4d,
    0x68, 0x4d, 0xa9, 0xc0,

    /* U+0171 "ű" */
    0xa, 0x56, 0x19, 0x54, 0xa, 0x8b, 0x5, 0x2a,
    0x5, 0x3, 0x61, 0xff, 0xda, 0x42, 0x43, 0xd8,
    0x8c, 0x6, 0x9e, 0x80,

    /* U+0172 "Ų" */
    0xb0, 0xee, 0xf, 0xff, 0xe6, 0x1c, 0x9a, 0x6b,
    0x42, 0x6d, 0x4e, 0x15, 0x1e, 0xe, 0xf0, 0x7d,
    0xd8, 0x40,

    /* U+0173 "ų" */
    0xa0, 0x6c, 0x3f, 0xfb, 0xe8, 0x64, 0x3e, 0xc4,
    0x60, 0x9a, 0x7a, 0xc, 0xfa, 0x43, 0xf2, 0x83,
    0xe5, 0x60,

    /* U+0174 "Ŵ" */
    0xf, 0x5a, 0x1f, 0xf2, 0x72, 0x1f, 0xe6, 0x34,
    0x39, 0xc3, 0x5a, 0x13, 0x88, 0x84, 0x98, 0x7e,
    0xc3, 0x28, 0x2c, 0x25, 0x6, 0x83, 0x28, 0x18,
    0x48, 0x48, 0x58, 0x7b, 0x44, 0x8, 0x81, 0x11,
    0xcf, 0x18, 0x7b, 0x2, 0x4, 0x50, 0x65, 0x82,
    0x44, 0xc3, 0x66, 0x86, 0xc4, 0x32, 0x38, 0x4a,
    0xf, 0xe4, 0x2c, 0x42,

    /* U+0175 "ŵ" */
    0xe, 0xb0, 0xfe, 0x5a, 0xf, 0xd7, 0x21, 0xfb,
    0x6, 0x19, 0xc2, 0xf0, 0x5c, 0x88, 0x64, 0x2c,
    0x18, 0x8e, 0x22, 0x28, 0xdd, 0x30, 0xb0, 0xb4,
    0xa, 0x2, 0x2c, 0x4, 0xc3, 0x41, 0x30, 0x84,
    0x88, 0x30, 0xf6, 0x60, 0x44, 0x0,

    /* U+0176 "Ŷ" */
    0xd, 0x70, 0x7c, 0xac, 0x43, 0xce, 0x48, 0x6b,
    0xe, 0xb0, 0x42, 0x12, 0xa0, 0xa8, 0x14, 0xa0,
    0x92, 0x22, 0xe, 0x96, 0x83, 0xca, 0x84, 0x3e,
    0x88, 0x3f, 0xfd, 0xe0,

    /* U+0177 "ŷ" */
    0xc, 0x87, 0xd5, 0x7, 0x2b, 0x43, 0xd9, 0xa1,
    0x90, 0x90, 0x38, 0x76, 0x22, 0x14, 0x13, 0x4,
    0xc0, 0x82, 0x44, 0x34, 0x68, 0x69, 0x1c, 0x32,
    0x62, 0x1c, 0x88, 0x7b, 0x20, 0xf6, 0x1f, 0x2a,
    0xe, 0xe5, 0x6,

    /* U+0178 "Ÿ" */
    0x9, 0x85, 0x7, 0xb4, 0xe0, 0xf5, 0x96, 0x1a,
    0xc3, 0xac, 0x10, 0x84, 0xa8, 0x2a, 0x5, 0x28,
    0x24, 0x88, 0x83, 0xa5, 0xa0, 0xf2, 0xa1, 0xf,
    0xa2, 0xf, 0xff, 0x78,

    /* U+0179 "Ź" */
    0xe, 0xc3, 0xf7, 0x7, 0xed, 0xe, 0xff, 0xc9,
    0x5e, 0x2, 0x2f, 0x2, 0xf, 0xa5, 0x7, 0xa2,
    0xf, 0x2a, 0xf, 0xa5, 0x7, 0xb2, 0xf, 0x46,
    0x1e, 0x54, 0x1f, 0x40, 0x5e, 0x10, 0x57, 0xc0,

    /* U+017A "ź" */
    0xe, 0xd0, 0xed, 0x41, 0x95, 0x7, 0x30, 0x6f,
    0xf0, 0x3f, 0x21, 0xe5, 0x41, 0xd2, 0x83, 0x6c,
    0x1a, 0x20, 0xca, 0xc3, 0xa4, 0x39, 0x1f, 0xc0,

    /* U+017B "Ż" */
    0xc, 0xc1, 0xfb, 0x43, 0xf5, 0x87, 0x7f, 0xe4,
    0xaf, 0x1, 0x17, 0x81, 0x7, 0xd2, 0x83, 0xd1,
    0x7, 0x95, 0x7, 0xd2, 0x83, 0xd9, 0x7, 0xa3,
    0xf, 0x2a, 0xf, 0xa0, 0x2f, 0x8, 0x2b, 0xe0,

    /* U+017C "ż" */
    0xb, 0x83, 0xce, 0x1e, 0x90, 0xdf, 0xe0, 0x7e,
    0x43, 0xca, 0x83, 0xa5, 0x6, 0xd8, 0x34, 0x41,
    0x95, 0x87, 0x48, 0x72, 0x3f, 0x80,

    /* U+017D "Ž" */
    0xa, 0x4c, 0x3d, 0x4f, 0x7, 0xde, 0xe, 0xff,
    0xc9, 0x5e, 0x2, 0x2f, 0x2, 0xf, 0xa5, 0x7,
    0xa2, 0xf, 0x2a, 0xf, 0xa5, 0x7, 0xb2, 0xf,
    0x46, 0x1e, 0x54, 0x1f, 0x40, 0x5e, 0x10, 0x57,
    0xc0,

    /* U+017E "ž" */
    0x6, 0xc, 0x35, 0x60, 0xcb, 0x83, 0xbc, 0x1b,
    0xfc, 0xf, 0xc8, 0x79, 0x50, 0x74, 0xa0, 0xdb,
    0x6, 0x88, 0x32, 0xb0, 0xe9, 0xe, 0x47, 0xf0,

    /* U+017F "ſ" */
    0x3, 0xe8, 0x14, 0xe1, 0x10, 0x50, 0x35, 0x3,
    0xff, 0xc4,

    /* U+F001 "" */
    0xf, 0xfe, 0x7b, 0x78, 0x3f, 0x9f, 0x48, 0x7e,
    0xbd, 0x7, 0xfd, 0xa1, 0xff, 0xc9, 0xb0, 0xff,
    0x37, 0x90, 0xff, 0x72, 0x1f, 0xfe, 0x56, 0x81,
    0xff, 0xc0, 0x65, 0x6, 0xbc, 0x1f, 0xfc, 0x9,
    0xf, 0x94, 0x16, 0x1e, 0x43, 0x5f, 0x2, 0x40,
    0xc1, 0xfe,

    /* U+F008 "" */
    0x9, 0x7f, 0x82, 0xd5, 0x5f, 0xca, 0xcf, 0x17,
    0xf4, 0x78, 0x14, 0x10, 0xe4, 0xa0, 0x28, 0x1f,
    0xd4, 0x6, 0x9, 0x7a, 0x6, 0x6, 0x1a, 0xe4,
    0x90, 0x59, 0x7f, 0x47, 0x3, 0x84, 0x39, 0x2c,
    0xa, 0xf, 0xe5, 0x3, 0xc4, 0xbd, 0x1e, 0x7,
    0xd, 0x72, 0x58,

    /* U+F00B "" */
    0xf, 0xfe, 0x1f, 0xe6, 0xff, 0xe0, 0xff, 0xe9,
    0x2f, 0x6b, 0xfd, 0xf8, 0x7f, 0xfa, 0xb3, 0x5f,
    0xe0, 0xff, 0xe9, 0x75, 0x35, 0xfd, 0xd6, 0x1a,
    0xfe, 0x42, 0x70, 0xfc, 0x87, 0xff, 0x1d, 0xf,
    0xf0,

    /* U+F00C "" */
    0xf, 0xfe, 0x7f, 0x90, 0xff, 0xb0, 0x41, 0xfe,
    0xc2, 0x84, 0x3e, 0xc2, 0x95, 0x61, 0xd8, 0x52,
    0x40, 0xc2, 0xc2, 0x90, 0x61, 0x66, 0x14, 0x86,
    0xc2, 0xc2, 0x90, 0xf6, 0x1d, 0x21, 0xfb, 0xa,
    0x43, 0xfd, 0x92, 0x1f, 0x0,

    /* U+F00D "" */
    0x34, 0x3b, 0x4c, 0x90, 0xb2, 0x10, 0x49, 0x86,
    0x90, 0x58, 0x58, 0x24, 0x3b, 0xd, 0x6, 0x83,
    0xb0, 0xd2, 0x16, 0x12, 0x9, 0x30, 0xb9, 0x4,
    0x20, 0xc1, 0x21, 0x53, 0xd, 0x4c,

    /* U+F011 "" */
    0xf, 0xfe, 0x4f, 0x90, 0xfe, 0x83, 0xd2, 0x1d,
    0xb8, 0x73, 0x40, 0xa0, 0x41, 0xc8, 0xa0, 0x24,
    0x87, 0x40, 0xc8, 0x8, 0x7d, 0x8, 0x48, 0x7e,
    0x43, 0xff, 0x8a, 0x81, 0xb, 0x90, 0xe7, 0xf,
    0x21, 0x41, 0x20, 0xc3, 0xca, 0x10, 0x40, 0xc3,
    0x30, 0x20, 0x28, 0x1f, 0xa0, 0x61, 0xa8, 0x1e,
    0x70, 0xf3, 0xea, 0xb8, 0x30,

    /* U+F013 "" */
    0xf, 0xfe, 0x4f, 0xc1, 0xff, 0x21, 0x21, 0xf4,
    0x30, 0x52, 0x41, 0x4f, 0x7, 0x5b, 0x1, 0xf,
    0xf9, 0x10, 0xeb, 0x83, 0x95, 0x85, 0x23, 0x5,
    0xa1, 0xc8, 0x48, 0x79, 0x9, 0xa, 0x9, 0x18,
    0x2a, 0x32, 0x14, 0xa0, 0xe6, 0x43, 0x92, 0xf,
    0xfa, 0x3, 0x79, 0x9, 0xf4, 0x84, 0x83, 0xb,
    0x2, 0x1f, 0x2f, 0x7, 0x0,

    /* U+F015 "" */
    0xf, 0xfe, 0x67, 0xa0, 0x79, 0xf, 0xd8, 0x1c,
    0x3f, 0xce, 0x3a, 0x61, 0xfa, 0x85, 0x64, 0x3f,
    0x49, 0x1b, 0xe8, 0x18, 0x5a, 0x7a, 0xa, 0x31,
    0xcc, 0x79, 0xe, 0xa6, 0xa, 0x36, 0x87, 0xcf,
    0x99, 0x83, 0xff, 0x83, 0x7, 0xeb, 0x83, 0xff,
    0x84, 0x88, 0x7f, 0xf7, 0x40,

    /* U+F019 "" */
    0xf, 0xfe, 0x43, 0xf2, 0x1f, 0xff, 0x85, 0x61,
    0x6a, 0xe, 0x68, 0x84, 0xd1, 0xc, 0xc1, 0xf4,
    0x87, 0x30, 0x74, 0x87, 0xcc, 0x14, 0x86, 0xae,
    0x22, 0x2b, 0x97, 0xa3, 0x25, 0xe0, 0xf5, 0xc1,
    0xff, 0xc4, 0x8c, 0x8, 0x7f, 0x46, 0x20,

    /* U+F01C "" */
    0xf, 0xfe, 0x45, 0xff, 0xc8, 0x72, 0x83, 0xfa,
    0xe, 0x8b, 0xfe, 0x8c, 0x28, 0x50, 0x7c, 0xa2,
    0x14, 0x41, 0xfd, 0x9, 0x2, 0xa0, 0xea, 0x81,
    0x4, 0xb8, 0x29, 0x60, 0x21, 0xeb, 0xe4, 0x3f,
    0xfb, 0x88, 0x7f, 0xf0, 0xe0,

    /* U+F021 "" */
    0xf, 0xfe, 0xa, 0x83, 0x37, 0xd0, 0x54, 0xa,
    0x88, 0x4f, 0x7, 0x68, 0xdc, 0x8e, 0x14, 0xe,
    0x46, 0xc3, 0x93, 0xc, 0xf8, 0x34, 0x21, 0xd8,
    0x7a, 0xe0, 0xeb, 0xfc, 0x1f, 0xfc, 0x3f, 0xf2,
    0x1c, 0xf0, 0x7b, 0xe, 0x8c, 0x27, 0xd0, 0x64,
    0x8, 0x4c, 0x1c, 0xc4, 0x12, 0x3a, 0xdc, 0x28,
    0x2a, 0x2, 0xa0, 0x30, 0x14, 0x3c, 0x81, 0xe0,
    0x80,

    /* U+F026 "" */
    0xf, 0xfe, 0xb, 0xa1, 0x98, 0xda, 0xc1, 0x4b,
    0x7, 0xff, 0x63, 0xf0, 0x7e, 0xc3, 0xf6, 0xe0,

    /* U+F027 "" */
    0xf, 0xfe, 0x2b, 0xa1, 0xf9, 0x8c, 0x33, 0x58,
    0x3e, 0x96, 0xe, 0xd0, 0xff, 0x30, 0x7f, 0xa0,
    0xff, 0xb0, 0xff, 0x9c, 0xfc, 0x1d, 0x7, 0xb0,
    0xff, 0xe0, 0x6e, 0x18,

    /* U+F028 "" */
    0xf, 0xfe, 0x2, 0x1f, 0xfc, 0x4f, 0x21, 0xf3,
    0xa1, 0xa6, 0xf, 0x31, 0x81, 0xd8, 0xc6, 0xb0,
    0x72, 0xa3, 0x19, 0x60, 0xed, 0x88, 0x18, 0x7f,
    0x31, 0x22, 0x83, 0xfa, 0xf, 0xfe, 0x26, 0xc,
    0x24, 0x3f, 0x9c, 0x50, 0x9f, 0x83, 0xa3, 0x24,
    0x83, 0x61, 0xc9, 0x92, 0x1e, 0xdc, 0xe, 0x64,
    0x1f, 0x48, 0x6c, 0xc3, 0xff, 0x85, 0x61, 0x0,

    /* U+F03E "" */
    0xf, 0xfe, 0x1d, 0xff, 0xfc, 0x19, 0x2, 0x1f,
    0xe4, 0x1d, 0x3, 0xfe, 0x40, 0x87, 0x41, 0xcc,
    0xe1, 0xb6, 0xe, 0x64, 0x2c, 0xc, 0x1d, 0xc9,
    0x86, 0x43, 0x60, 0xb0, 0xff, 0xe6, 0xff, 0xfc,
    0x4, 0x3f, 0xf8, 0x28,

    /* U+F043 "" */
    0xf, 0xfe, 0x1d, 0x87, 0xf2, 0x21, 0xf2, 0x8,
    0x3e, 0x82, 0x43, 0xa0, 0xd0, 0x65, 0x7, 0x41,
    0x41, 0xe5, 0x8, 0x7e, 0x88, 0x3f, 0xf8, 0x10,
    0x7c, 0x81, 0xf, 0x94, 0x30, 0x7d, 0x17, 0x90,
    0xa0, 0x43, 0xa0, 0x50, 0x1d, 0x3, 0x40, 0x0,

    /* U+F048 "" */
    0xf, 0xfe, 0x7, 0x83, 0xac, 0x3f, 0x68, 0x87,
    0xb0, 0xfe, 0xc3, 0xfb, 0xf, 0xec, 0x3f, 0xfa,
    0x98, 0x7f, 0xda, 0x1f, 0xe9, 0xf, 0xf4, 0x87,
    0xfa, 0x44, 0xf0, 0x75, 0x80,

    /* U+F04B "" */
    0xf, 0xfe, 0x15, 0xc1, 0xff, 0x23, 0xc1, 0xff,
    0xc1, 0x74, 0x3f, 0xf8, 0x34, 0xf, 0xfe, 0xb,
    0xc1, 0xff, 0xc1, 0x74, 0x3f, 0xf8, 0x34, 0xf,
    0xfe, 0xa, 0x1f, 0xfc, 0x18, 0x3f, 0xe7, 0x43,
    0xfd, 0x40, 0xff, 0x5a, 0x1f, 0xce, 0x87, 0xfa,
    0x81, 0xfa, 0x2d, 0xf, 0xe7, 0x43, 0xfe,

    /* U+F04C "" */
    0xf, 0xfe, 0x15, 0xf9, 0x1f, 0xe1, 0xd, 0x98,
    0x7f, 0xff, 0xc3, 0xff, 0xf6, 0x86, 0x88, 0x32,
    0x0,

    /* U+F04D "" */
    0xf, 0xfe, 0x15, 0xff, 0xfc, 0x1, 0xf, 0xff,
    0xf8, 0x7f, 0xff, 0xc2, 0x43, 0xfe, 0x40,

    /* U+F051 "" */
    0xf, 0xfe, 0x7, 0x83, 0xbc, 0x1b, 0xf, 0xfb,
    0xf, 0xfb, 0xf, 0xfb, 0x43, 0xfd, 0x7, 0xff,
    0x53, 0xf, 0xec, 0x3f, 0x38, 0x7e, 0x60, 0xfc,
    0xc1, 0xfb, 0x83, 0xbc, 0x0,

    /* U+F052 "" */
    0xf, 0xfe, 0x4d, 0xc1, 0xff, 0x48, 0xc1, 0xfc,
    0xa0, 0x98, 0x3e, 0x60, 0xe6, 0xe, 0x60, 0xf9,
    0x41, 0x30, 0x7f, 0x48, 0x20, 0xff, 0xa0, 0xff,
    0xe2, 0xfa, 0xbf, 0xd8, 0x2e, 0xbf, 0xe0, 0x21,
    0xff, 0x21, 0xff, 0xc5, 0x43, 0xff, 0x82,

    /* U+F053 "" */
    0xf, 0xfe, 0x1d, 0x87, 0xa4, 0x43, 0x48, 0xa0,
    0xa4, 0x60, 0xa4, 0x60, 0xa4, 0x60, 0xc8, 0x20,
    0xe8, 0x18, 0x73, 0x3, 0xe, 0x60, 0x61, 0xcc,
    0xc, 0x39, 0x80, 0x87, 0x32, 0x80,

    /* U+F054 "" */
    0xf, 0xf5, 0x87, 0xc9, 0x87, 0xa0, 0x61, 0xcc,
    0xc, 0x39, 0x81, 0x87, 0x30, 0x30, 0xe5, 0x1,
    0xd, 0x22, 0x82, 0x91, 0x82, 0x91, 0x82, 0x91,
    0x83, 0x23, 0x7, 0x4c, 0x1c,

    /* U+F067 "" */
    0xf, 0xfe, 0x3d, 0xe0, 0xff, 0x90, 0xff, 0xf3,
    0x7f, 0x5, 0xfc, 0x1f, 0xfc, 0x34, 0x3f, 0xe4,
    0xbf, 0x5, 0xfa, 0xf, 0xff, 0x22, 0x21, 0xe0,

    /* U+F068 "" */
    0xf, 0xfe, 0x17, 0xff, 0xf0, 0x43, 0xff, 0x86,
    0x87, 0xfc, 0x80,

    /* U+F06E "" */
    0xf, 0xfe, 0x4b, 0xfe, 0x90, 0xfb, 0x86, 0xe5,
    0x50, 0x3b, 0x5, 0x16, 0x91, 0xc2, 0xc0, 0xa0,
    0x5b, 0x5, 0x90, 0x58, 0x20, 0x44, 0x14, 0x84,
    0xad, 0xf, 0xcc, 0x12, 0x83, 0xd8, 0x52, 0x81,
    0x10, 0x58, 0x81, 0x44, 0x14, 0xfc, 0x40, 0x60,
    0xb4, 0x79, 0xb4, 0xa0, 0x75, 0xc3, 0x25, 0xa1,
    0x0,

    /* U+F070 "" */
    0xf, 0xfe, 0x3d, 0x87, 0xff, 0x1f, 0x43, 0xff,
    0x87, 0x42, 0x8d, 0xfd, 0x7, 0xcc, 0x32, 0xae,
    0x57, 0x7, 0x9c, 0x2d, 0x69, 0x1c, 0x39, 0x34,
    0xab, 0x60, 0xb0, 0xaa, 0x28, 0x20, 0x84, 0x24,
    0x8, 0xe3, 0x87, 0x61, 0x60, 0x82, 0x41, 0xa0,
    0x70, 0xb0, 0x21, 0x41, 0x50, 0x90, 0x28, 0x2d,
    0x4, 0x13, 0x84, 0xc1, 0xd2, 0x3c, 0x83, 0x45,
    0x7, 0xad, 0x1b, 0x4, 0x94, 0xf, 0xaf, 0xc1,
    0x50, 0x60, 0xff, 0xe1, 0xbb, 0x80,

    /* U+F071 "" */
    0xf, 0xfe, 0x7d, 0xc1, 0xff, 0xc3, 0x50, 0x87,
    0xff, 0xe, 0xb, 0xf, 0xfe, 0xa, 0x1c, 0x87,
    0xff, 0x2, 0xe, 0x83, 0xfe, 0x81, 0xe8, 0x10,
    0x7f, 0x90, 0xf9, 0xf, 0xec, 0x24, 0x3a, 0xf,
    0x90, 0xff, 0x21, 0xf4, 0x1b, 0xa0, 0x6c, 0x3a,
    0xf, 0x48, 0x72, 0x19, 0xe, 0x8c, 0x3a, 0xa,
    0xf, 0x46, 0x1e, 0x80, 0x87, 0x9d, 0xf, 0x20,
    0x83, 0xff, 0x87, 0x0,

    /* U+F074 "" */
    0xf, 0xfe, 0x75, 0x81, 0x70, 0x79, 0x46, 0x57,
    0x4, 0xf0, 0x58, 0x65, 0xc, 0x1c, 0xfc, 0x81,
    0x81, 0x81, 0x82, 0xa3, 0x3, 0x15, 0x7, 0x38,
    0x30, 0x50, 0x3d, 0x83, 0x81, 0x60, 0x5b, 0x7,
    0x3a, 0x8c, 0xa8, 0x19, 0x2, 0xb, 0xd, 0x5,
    0x87, 0x3f, 0x90, 0xde, 0x3, 0x7, 0xfc, 0xa8,
    0x3f, 0xf8, 0x14, 0x0,

    /* U+F077 "" */
    0xf, 0x21, 0xff, 0x53, 0xf, 0xe9, 0x6, 0x1f,
    0x48, 0x6c, 0x3a, 0x47, 0x81, 0x85, 0x23, 0xc,
    0xc, 0x91, 0x82, 0x60, 0x58, 0xc1, 0xcc, 0x7,
    0x83, 0xe7, 0x80,

    /* U+F078 "" */
    0x10, 0xfe, 0x4a, 0x61, 0xf5, 0x3c, 0xc, 0x3a,
    0x45, 0x40, 0xc2, 0x91, 0x86, 0x6, 0x48, 0xc1,
    0x30, 0x34, 0x60, 0xe6, 0x9, 0x83, 0xe6, 0x18,
    0x3f, 0x9e, 0xe,

    /* U+F079 "" */
    0xf, 0xfe, 0x4b, 0xe0, 0xff, 0xe1, 0xb0, 0x31,
    0xff, 0xc1, 0xa0, 0xda, 0x83, 0xfd, 0x8, 0x11,
    0xbf, 0x83, 0xaa, 0x5, 0x10, 0xff, 0xe0, 0x21,
    0x90, 0xff, 0xe6, 0x21, 0x90, 0xff, 0xe0, 0x36,
    0xa, 0x83, 0xbf, 0xa4, 0x32, 0x41, 0xfe, 0x56,
    0x1b, 0xd, 0xff, 0x93, 0x6, 0x1f, 0xfc, 0x4f,
    0x4,

    /* U+F07B "" */
    0x2, 0xe0, 0xfe, 0xf5, 0x6c, 0x3f, 0xf8, 0x7a,
    0xf8, 0x3f, 0xab, 0xd8, 0x7f, 0xff, 0xc3, 0xff,
    0xa4, 0x87, 0xff, 0x5,

    /* U+F093 "" */
    0xf, 0xfe, 0x4b, 0xa1, 0xff, 0x31, 0x21, 0xfc,
    0xc1, 0x48, 0x7c, 0xc1, 0xd2, 0x1c, 0xc1, 0xf4,
    0x86, 0x5c, 0x12, 0xe0, 0xea, 0x61, 0x74, 0xf,
    0xff, 0x25, 0x70, 0x75, 0x72, 0xfb, 0xe5, 0xf0,
    0x77, 0xf0, 0x7f, 0xf0, 0xe3, 0x2, 0x1f, 0xd1,
    0x88,

    /* U+F095 "" */
    0xf, 0xfe, 0x7b, 0xe9, 0xf, 0xfa, 0x3, 0x7,
    0xf9, 0xf, 0xfe, 0x1e, 0x1f, 0xfc, 0x3c, 0x32,
    0x1f, 0xe6, 0xb, 0xf, 0xf9, 0x9, 0xf, 0xfb,
    0x4, 0x1f, 0xf4, 0x12, 0x19, 0xe0, 0xa4, 0x18,
    0x4f, 0xc, 0xe8, 0x20, 0xd0, 0x66, 0xa, 0x43,
    0x21, 0xfb, 0x43, 0xb0, 0xf5, 0x87, 0xc8, 0x15,
    0xe4, 0x3e,

    /* U+F0C4 "" */
    0xf, 0xfe, 0x1f, 0xd0, 0x73, 0x24, 0x12, 0x82,
    0xe6, 0x13, 0x8c, 0x18, 0x58, 0x5c, 0x16, 0x16,
    0xc, 0x33, 0x85, 0x86, 0xf2, 0x1d, 0x87, 0xd0,
    0x68, 0x3c, 0xd8, 0x69, 0xc, 0xc8, 0x48, 0x24,
    0x28, 0x91, 0x90, 0x48, 0x67, 0xa, 0x41, 0x22,
    0x71, 0x2, 0x41, 0x12, 0x8, 0x35, 0x58,

    /* U+F0C5 "" */
    0xf, 0xfe, 0x37, 0xf3, 0x21, 0xc8, 0x7d, 0x20,
    0x50, 0x7f, 0x67, 0x40, 0xf7, 0xac, 0x3f, 0xcd,
    0x41, 0xff, 0xff, 0xf, 0xfe, 0xa, 0x1f, 0xfc,
    0x17, 0xff, 0x83, 0x5f, 0xc8, 0x64, 0x3f, 0x21,
    0x80,

    /* U+F0C7 "" */
    0xf, 0xfe, 0x15, 0xff, 0xc8, 0x48, 0x7f, 0x48,
    0x6f, 0xf9, 0x24, 0x3f, 0xf8, 0x30, 0x7f, 0xf1,
    0x7f, 0xe4, 0x3f, 0xf9, 0x77, 0x7, 0xfc, 0x8a,
    0xf, 0xfe, 0x62, 0x28, 0x3f, 0xd7, 0x7, 0x90,
    0xff, 0x90,

    /* U+F0C9 "" */
    0xf, 0xfe, 0x17, 0xff, 0xf0, 0x43, 0xff, 0x87,
    0xff, 0xfc, 0x10, 0xff, 0xe1, 0xff, 0xff, 0x4,
    0x3f, 0xf8, 0x7f, 0xff, 0xc1, 0xf, 0xfe, 0x8f,
    0xff, 0xf0, 0x43, 0xff, 0x87, 0xff, 0xfc, 0x10,

    /* U+F0E0 "" */
    0x2, 0xff, 0xc0, 0xf5, 0x7f, 0xde, 0xf, 0xfe,
    0x1c, 0x1f, 0xfc, 0x18, 0xc3, 0xfe, 0xca, 0x68,
    0x7c, 0xf4, 0x1e, 0x81, 0xd4, 0xd0, 0xd9, 0x85,
    0x98, 0x7d, 0x4f, 0xa8, 0x1f, 0xcf, 0xc8, 0x7f,
    0xf2, 0x10, 0xff, 0xe0, 0xa0,

    /* U+F0E7 "" */
    0xf, 0xfe, 0xf, 0xf2, 0x1f, 0xfc, 0x34, 0x39,
    0xf, 0xe4, 0x3b, 0xe, 0x58, 0x3e, 0x6a, 0x44,
    0x3f, 0x21, 0xfd, 0x83, 0xa8, 0x24, 0x32, 0xc1,
    0x41, 0xe4, 0x10, 0x7d, 0x81, 0xf, 0x92, 0xf,
    0xe5, 0x7, 0xf4, 0x1c,

    /* U+F0EA "" */
    0xf, 0xfe, 0x2d, 0xc1, 0xfb, 0xe7, 0x7e, 0xf,
    0xec, 0x3f, 0xf8, 0x55, 0x83, 0xfb, 0xf8, 0x43,
    0xe5, 0xe3, 0xc1, 0xff, 0xc2, 0xc3, 0xfe, 0xbc,
    0x1f, 0xee, 0xa0, 0xff, 0x96, 0xf, 0xfe, 0x8f,
    0xe0, 0xff, 0xed, 0x0,

    /* U+F0F3 "" */
    0xf, 0xfe, 0x3b, 0xa1, 0xff, 0x64, 0x1f, 0xce,
    0x83, 0x83, 0xcc, 0x1c, 0xc1, 0xd0, 0x7c, 0x87,
    0xff, 0x41, 0x9, 0xf, 0xfe, 0xe, 0x1f, 0xd8,
    0x48, 0x7f, 0x20, 0x83, 0xfe, 0xc4, 0x3f, 0xf8,
    0x3f, 0xff, 0xc1, 0xf, 0x7c, 0x87, 0xfa, 0x14,
    0x1c,

    /* U+F11C "" */
    0xf, 0xfe, 0x2d, 0xff, 0xfc, 0x39, 0xf, 0xfe,
    0x1a, 0xf, 0x1e, 0x73, 0xc7, 0x83, 0x59, 0x6c,
    0x71, 0xc1, 0x9b, 0x6d, 0xd3, 0x50, 0x7c, 0x81,
    0x30, 0x61, 0xeb, 0x6d, 0xe7, 0x83, 0xbc, 0x7f,
    0xc7, 0x83, 0xff, 0x93, 0xe3, 0xfe, 0x3c, 0x4,
    0x3f, 0xf8, 0x70,

    /* U+F124 "" */
    0xf, 0xfe, 0x8b, 0xe8, 0x3f, 0xe7, 0x80, 0x87,
    0xf3, 0xc1, 0x90, 0xfa, 0xe0, 0xf4, 0x1d, 0x68,
    0x7c, 0x86, 0xb4, 0x3f, 0xa0, 0xb4, 0x3f, 0xc8,
    0x7f, 0xf1, 0x30, 0xdd, 0x72, 0x1c, 0x87, 0x2f,
    0x61, 0xa0, 0xff, 0xe2, 0x21, 0xff, 0xc3, 0x83,
    0xff, 0x88, 0x87, 0xff, 0xd, 0xf, 0xfe, 0xa,
    0x30, 0x78,

    /* U+F15B "" */
    0xf, 0xfe, 0x7, 0xfa, 0x60, 0xff, 0x6c, 0x1f,
    0xf3, 0x7, 0xed, 0x41, 0xf9, 0x3e, 0xf, 0xd5,
    0x90, 0xff, 0xff, 0x87, 0xff, 0x51,

    /* U+F1EB "" */
    0xf, 0xfe, 0x5b, 0x7f, 0xd0, 0x7c, 0xf2, 0x1f,
    0x3c, 0x1a, 0x81, 0x34, 0xe8, 0x81, 0xd3, 0x41,
    0x72, 0x85, 0x5c, 0xa, 0x87, 0x40, 0xb8, 0x27,
    0x4d, 0xe0, 0x5d, 0x6f, 0x20, 0xb4, 0x27, 0x43,
    0xeb, 0xf, 0xf3, 0xfc, 0x87, 0xf3, 0x70, 0x75,
    0x41, 0xf9, 0xa, 0xd0, 0x28, 0x3f, 0xe5, 0x10,
    0x7f, 0xf5, 0x94, 0x21, 0xf8,

    /* U+F240 "" */
    0xf, 0xfe, 0x3d, 0xff, 0xfc, 0x44, 0x43, 0xff,
    0x89, 0x5, 0xd7, 0xff, 0x3, 0x4, 0x15, 0x7f,
    0xf0, 0x4, 0x43, 0xff, 0x89, 0x7, 0xff, 0x1a,
    0xe, 0xff, 0xfe, 0x0, 0x88, 0x3f, 0xff, 0x84,
    0x9, 0xf, 0xfe, 0x24, 0x5f, 0xff, 0xc4, 0x40,

    /* U+F241 "" */
    0xf, 0xfe, 0x3d, 0xff, 0xfc, 0x44, 0x43, 0xff,
    0x89, 0x5, 0xd7, 0xf7, 0xe0, 0x41, 0x57, 0xf0,
    0x64, 0x43, 0xff, 0x89, 0x7, 0xff, 0x1a, 0xe,
    0xff, 0xe0, 0xc8, 0x83, 0xff, 0xf8, 0x40, 0x90,
    0xff, 0xe2, 0x45, 0xff, 0xfc, 0x44,

    /* U+F242 "" */
    0xf, 0xfe, 0x3d, 0xff, 0xfc, 0x44, 0x43, 0xff,
    0x89, 0x5, 0xd7, 0xbf, 0xe0, 0x41, 0x57, 0x90,
    0xf2, 0x21, 0xff, 0xc4, 0x83, 0xff, 0x8d, 0x7,
    0x7f, 0x90, 0xf2, 0x20, 0xff, 0xfe, 0x10, 0x24,
    0x3f, 0xf8, 0x91, 0x7f, 0xff, 0x11, 0x0,

    /* U+F243 "" */
    0xf, 0xfe, 0x3d, 0xff, 0xfc, 0x44, 0x43, 0xff,
    0x89, 0x5, 0xd5, 0xff, 0xe0, 0x41, 0x56, 0xf,
    0xe4, 0x43, 0xff, 0x89, 0x7, 0xff, 0x1a, 0xe,
    0xfa, 0xf, 0xe4, 0x41, 0xff, 0xfc, 0x20, 0x48,
    0x7f, 0xf1, 0x22, 0xff, 0xfe, 0x22, 0x0,

    /* U+F244 "" */
    0xf, 0xfe, 0x3d, 0xff, 0xfc, 0x44, 0x43, 0xff,
    0x89, 0x5, 0xff, 0xfc, 0x20, 0x41, 0xff, 0xc4,
    0x44, 0x3f, 0xf8, 0x90, 0x7f, 0xf1, 0xa0, 0xff,
    0xe3, 0x22, 0xf, 0xff, 0xe1, 0x2, 0x43, 0xff,
    0x89, 0x17, 0xff, 0xf1, 0x10,

    /* U+F287 "" */
    0xf, 0xfe, 0x83, 0xe0, 0xff, 0xe1, 0x5c, 0x4,
    0x3f, 0xf8, 0xa, 0xf2, 0xc1, 0xf5, 0x2, 0xa0,
    0x28, 0x1f, 0x4a, 0xc4, 0x43, 0xe7, 0x44, 0x2e,
    0x3f, 0xf4, 0x51, 0xb, 0xe8, 0xff, 0x45, 0x76,
    0x12, 0xc1, 0xce, 0x81, 0x41, 0xd4, 0x2f, 0x41,
    0xff, 0xc1, 0xb4, 0x3f, 0xf8, 0x8e, 0x87, 0xff,
    0x1a, 0xf4, 0x18,

    /* U+F293 "" */
    0xf, 0xfe, 0x23, 0xfc, 0x87, 0x30, 0x10, 0x50,
    0x34, 0x15, 0x0, 0x85, 0x7, 0x30, 0x20, 0x23,
    0x2, 0x50, 0x86, 0x54, 0x12, 0x1f, 0x69, 0x40,
    0xfe, 0x85, 0x7, 0xf4, 0x28, 0x3f, 0x69, 0x44,
    0x3c, 0xa8, 0x3f, 0x23, 0x2, 0x88, 0x82, 0xc,
    0xb0, 0x20, 0xa0, 0xb8, 0x10, 0x67, 0x44, 0x64,
    0x0,

    /* U+F2ED "" */
    0xd, 0x7e, 0xe, 0xfc, 0x86, 0xfc, 0x1f, 0xfc,
    0x3f, 0xff, 0xe0, 0x83, 0xff, 0xe0, 0xff, 0xe3,
    0xc0, 0xc1, 0x87, 0xff, 0xfc, 0x3f, 0xf8, 0x90,
    0x30, 0x61, 0xc8, 0x7f, 0x20,

    /* U+F304 "" */
    0xf, 0xfe, 0x7b, 0xe0, 0xff, 0xe0, 0x30, 0x30,
    0xff, 0xe2, 0x61, 0xf9, 0xc8, 0x3f, 0xe6, 0x22,
    0x6, 0x1e, 0x60, 0xa2, 0xc3, 0xcc, 0x1d, 0x21,
    0xe6, 0xf, 0x61, 0xe6, 0xf, 0x61, 0xe6, 0xf,
    0x61, 0xe6, 0xf, 0x61, 0xf6, 0x1e, 0xc3, 0xf2,
    0x1d, 0x87, 0xff, 0xb, 0xf, 0xfe, 0x2, 0xb0,
    0xff, 0x0,

    /* U+F55A "" */
    0xf, 0x2f, 0xf8, 0x3e, 0x7a, 0xff, 0x79, 0xa,
    0x81, 0xff, 0xc1, 0xc1, 0x21, 0x98, 0x2c, 0x32,
    0x48, 0x74, 0xce, 0x21, 0xa4, 0x3d, 0x8c, 0x48,
    0x64, 0x3f, 0x41, 0x21, 0xd0, 0x7e, 0x82, 0x83,
    0x98, 0x3d, 0x96, 0x28, 0x39, 0x83, 0xa8, 0x9a,
    0x83, 0xcc, 0x19, 0x41, 0x41, 0x90, 0x98, 0x3f,
    0xf8, 0x30,

    /* U+F7C2 "" */
    0xf, 0xfe, 0x1d, 0xfe, 0x42, 0x90, 0xf4, 0x9,
    0xb3, 0x30, 0xa4, 0x3f, 0xc8, 0x34, 0x44, 0x3c,
    0xc4, 0x41, 0xff, 0xff, 0xf, 0xfe, 0x64, 0x1f,
    0xd0,

    /* U+F8A2 "" */
    0xf, 0xfe, 0x8b, 0x86, 0x50, 0x7e, 0x83, 0x36,
    0x1f, 0x21, 0x98, 0x43, 0xfe, 0x60, 0xbf, 0xe8,
    0x28, 0x3f, 0xf8, 0x78, 0x6a, 0xff, 0x3, 0x9,
    0x7f, 0xc1, 0x6a, 0xf, 0xf8
};


/*---------------------
 *  GLYPH DESCRIPTION
 *--------------------*/

static const lv_font_fmt_txt_glyph_dsc_t glyph_dsc[] = {
    {.bitmap_index = 0, .adv_w = 0, .box_w = 0, .box_h = 0, .ofs_x = 0, .ofs_y = 0} /* id = 0 reserved */,
    {.bitmap_index = 0, .adv_w = 76, .box_w = 0, .box_h = 0, .ofs_x = 0, .ofs_y = 0},
    {.bitmap_index = 0, .adv_w = 96, .box_w = 2, .box_h = 12, .ofs_x = 2, .ofs_y = 0},
    {.bitmap_index = 6, .adv_w = 110, .box_w = 5, .box_h = 5, .ofs_x = 1, .ofs_y = 7},
    {.bitmap_index = 12, .adv_w = 201, .box_w = 11, .box_h = 12, .ofs_x = 1, .ofs_y = 0},
    {.bitmap_index = 44, .adv_w = 153, .box_w = 8, .box_h = 15, .ofs_x = 1, .ofs_y = -3},
    {.bitmap_index = 74, .adv_w = 228, .box_w = 14, .box_h = 12, .ofs_x = 0, .ofs_y = 0},
    {.bitmap_index = 113, .adv_w = 187, .box_w = 12, .box_h = 12, .ofs_x = 0, .ofs_y = 0},
    {.bitmap_index = 147, .adv_w = 66, .box_w = 2, .box_h = 5, .ofs_x = 1, .ofs_y = 7},
    {.bitmap_index = 150, .adv_w = 94, .box_w = 4, .box_h = 15, .ofs_x = 1, .ofs_y = -3},
    {.bitmap_index = 165, .adv_w = 94, .box_w = 4, .box_h = 15, .ofs_x = 1, .ofs_y = -3},
    {.bitmap_index = 180, .adv_w = 120, .box_w = 8, .box_h = 8, .ofs_x = 0, .ofs_y = 4},
    {.bitmap_index = 196, .adv_w = 201, .box_w = 10, .box_h = 11, .ofs_x = 1, .ofs_y = 0},
    {.bitmap_index = 212, .adv_w = 76, .box_w = 3, .box_h = 4, .ofs_x = 1, .ofs_y = -2},
    {.bitmap_index = 216, .adv_w = 87, .box_w = 5, .box_h = 3, .ofs_x = 0, .ofs_y = 3},
    {.bitmap_index = 220, .adv_w = 76, .box_w = 3, .box_h = 2, .ofs_x = 1, .ofs_y = 0},
    {.bitmap_index = 222, .adv_w = 81, .box_w = 6, .box_h = 13, .ofs_x = 0, .ofs_y = -1},
    {.bitmap_index = 240, .adv_w = 153, .box_w = 9, .box_h = 12, .ofs_x = 0, .ofs_y = 0},
    {.bitmap_index = 264, .adv_w = 153, .box_w = 8, .box_h = 12, .ofs_x = 1, .ofs_y = 0},
    {.bitmap_index = 276, .adv_w = 153, .box_w = 8, .box_h = 12, .ofs_x = 1, .ofs_y = 0},
    {.bitmap_index = 299, .adv_w = 153, .box_w = 8, .box_h = 12, .ofs_x = 1, .ofs_y = 0},
    {.bitmap_index = 323, .adv_w = 153, .box_w = 9, .box_h = 12, .ofs_x = 0, .ofs_y = 0},
    {.bitmap_index = 346, .adv_w = 153, .box_w = 8, .box_h = 12, .ofs_x = 1, .ofs_y = 0},
    {.bitmap_index = 369, .adv_w = 153, .box_w = 8, .box_h = 12, .ofs_x = 1, .ofs_y = 0},
    {.bitmap_index = 393, .adv_w = 153, .box_w = 8, .box_h = 12, .ofs_x = 1, .ofs_y = 0},
    {.bitmap_index = 414, .adv_w = 153, .box_w = 8, .box_h = 12, .ofs_x = 1, .ofs_y = 0},
    {.bitmap_index = 438, .adv_w = 153, .box_w = 9, .box_h = 12, .ofs_x = 0, .ofs_y = 0},
    {.bitmap_index = 466, .adv_w = 81, .box_w = 3, .box_h = 8, .ofs_x = 1, .ofs_y = 0},
    {.bitmap_index = 471, .adv_w = 81, .box_w = 3, .box_h = 10, .ofs_x = 1, .ofs_y = -2},
    {.bitmap_index = 478, .adv_w = 201, .box_w = 10, .box_h = 10, .ofs_x = 1, .ofs_y = 0},
    {.bitmap_index = 501, .adv_w = 201, .box_w = 10, .box_h = 6, .ofs_x = 1, .ofs_y = 2},
    {.bitmap_index = 512, .adv_w = 201, .box_w = 10, .box_h = 10, .ofs_x = 1, .ofs_y = 0},
    {.bitmap_index = 535, .adv_w = 127, .box_w = 6, .box_h = 12, .ofs_x = 1, .ofs_y = 0},
    {.bitmap_index = 552, .adv_w = 240, .box_w = 14, .box_h = 15, .ofs_x = 0, .ofs_y = -4},
    {.bitmap_index = 604, .adv_w = 164, .box_w = 11, .box_h = 12, .ofs_x = 0, .ofs_y = 0},
    {.bitmap_index = 634, .adv_w = 165, .box_w = 9, .box_h = 12, .ofs_x = 1, .ofs_y = 0},
    {.bitmap_index = 659, .adv_w = 168, .box_w = 10, .box_h = 12, .ofs_x = 0, .ofs_y = 0},
    {.bitmap_index = 686, .adv_w = 185, .box_w = 10, .box_h = 12, .ofs_x = 1, .ofs_y = 0},
    {.bitmap_index = 708, .adv_w = 152, .box_w = 8, .box_h = 12, .ofs_x = 1, .ofs_y = 0},
    {.bitmap_index = 726, .adv_w = 138, .box_w = 7, .box_h = 12, .ofs_x = 1, .ofs_y = 0},
    {.bitmap_index = 741, .adv_w = 186, .box_w = 11, .box_h = 12, .ofs_x = 0, .ofs_y = 0},
    {.bitmap_index = 772, .adv_w = 180, .box_w = 9, .box_h = 12, .ofs_x = 1, .ofs_y = 0},
    {.bitmap_index = 785, .adv_w = 71, .box_w = 2, .box_h = 12, .ofs_x = 1, .ofs_y = 0},
    {.bitmap_index = 789, .adv_w = 71, .box_w = 4, .box_h = 15, .ofs_x = -1, .ofs_y = -3},
    {.bitmap_index = 795, .adv_w = 157, .box_w = 10, .box_h = 12, .ofs_x = 1, .ofs_y = 0},
    {.bitmap_index = 820, .adv_w = 134, .box_w = 8, .box_h = 12, .ofs_x = 1, .ofs_y = 0},
    {.bitmap_index = 828, .adv_w = 207, .box_w = 11, .box_h = 12, .ofs_x = 1, .ofs_y = 0},
    {.bitmap_index = 856, .adv_w = 180, .box_w = 9, .box_h = 12, .ofs_x = 1, .ofs_y = 0},
    {.bitmap_index = 878, .adv_w = 189, .box_w = 11, .box_h = 12, .ofs_x = 0, .ofs_y = 0},
    {.bitmap_index = 910, .adv_w = 145, .box_w = 8, .box_h = 12, .ofs_x = 1, .ofs_y = 0},
    {.bitmap_index = 927, .adv_w = 189, .box_w = 11, .box_h = 14, .ofs_x = 0, .ofs_y = -2},
    {.bitmap_index = 964, .adv_w = 167, .box_w = 9, .box_h = 12, .ofs_x = 1, .ofs_y = 0},
    {.bitmap_index = 987, .adv_w = 152, .box_w = 9, .box_h = 12, .ofs_x = 0, .ofs_y = 0},
    {.bitmap_index = 1013, .adv_w = 147, .box_w = 11, .box_h = 12, .ofs_x = -1, .ofs_y = 0},
    {.bitmap_index = 1026, .adv_w = 176, .box_w = 9, .box_h = 12, .ofs_x = 1, .ofs_y = 0},
    {.bitmap_index = 1038, .adv_w = 164, .box_w = 11, .box_h = 12, .ofs_x = 0, .ofs_y = 0},
    {.bitmap_index = 1069, .adv_w = 237, .box_w = 15, .box_h = 12, .ofs_x = 0, .ofs_y = 0},
    {.bitmap_index = 1113, .adv_w = 164, .box_w = 10, .box_h = 12, .ofs_x = 0, .ofs_y = 0},
    {.bitmap_index = 1143, .adv_w = 147, .box_w = 11, .box_h = 12, .ofs_x = -1, .ofs_y = 0},
    {.bitmap_index = 1164, .adv_w = 164, .box_w = 10, .box_h = 12, .ofs_x = 0, .ofs_y = 0},
    {.bitmap_index = 1190, .adv_w = 94, .box_w = 4, .box_h = 15, .ofs_x = 1, .ofs_y = -3},
    {.bitmap_index = 1197, .adv_w = 81, .box_w = 6, .box_h = 13, .ofs_x = 0, .ofs_y = -1},
    {.bitmap_index = 1215, .adv_w = 94, .box_w = 4, .box_h = 15, .ofs_x = 1, .ofs_y = -3},
    {.bitmap_index = 1222, .adv_w = 201, .box_w = 10, .box_h = 5, .ofs_x = 1, .ofs_y = 7},
    {.bitmap_index = 1234, .adv_w = 120, .box_w = 9, .box_h = 2, .ofs_x = -1, .ofs_y = -5},
    {.bitmap_index = 1238, .adv_w = 120, .box_w = 4, .box_h = 3, .ofs_x = 1, .ofs_y = 10},
    {.bitmap_index = 1242, .adv_w = 147, .box_w = 8, .box_h = 9, .ofs_x = 0, .ofs_y = 0},
    {.bitmap_index = 1261, .adv_w = 152, .box_w = 8, .box_h = 12, .ofs_x = 1, .ofs_y = 0},
    {.bitmap_index = 1281, .adv_w = 132, .box_w = 8, .box_h = 9, .ofs_x = 0, .ofs_y = 0},
    {.bitmap_index = 1297, .adv_w = 152, .box_w = 9, .box_h = 12, .ofs_x = 0, .ofs_y = 0},
    {.bitmap_index = 1322, .adv_w = 148, .box_w = 9, .box_h = 9, .ofs_x = 0, .ofs_y = 0},
    {.bitmap_index = 1343, .adv_w = 84, .box_w = 6, .box_h = 12, .ofs_x = 0, .ofs_y = 0},
    {.bitmap_index = 1354, .adv_w = 152, .box_w = 9, .box_h = 12, .ofs_x = 0, .ofs_y = -3},
    {.bitmap_index = 1381, .adv_w = 152, .box_w = 8, .box_h = 12, .ofs_x = 1, .ofs_y = 0},
    {.bitmap_index = 1395, .adv_w = 67, .box_w = 2, .box_h = 12, .ofs_x = 1, .ofs_y = 0},
    {.bitmap_index = 1400, .adv_w = 67, .box_w = 4, .box_h = 15, .ofs_x = -1, .ofs_y = -3},
    {.bitmap_index = 1410, .adv_w = 139, .box_w = 8, .box_h = 12, .ofs_x = 1, .ofs_y = 0},
    {.bitmap_index = 1429, .adv_w = 67, .box_w = 2, .box_h = 12, .ofs_x = 1, .ofs_y = 0},
    {.bitmap_index = 1433, .adv_w = 234, .box_w = 13, .box_h = 9, .ofs_x = 1, .ofs_y = 0},
    {.bitmap_index = 1450, .adv_w = 152, .box_w = 8, .box_h = 9, .ofs_x = 1, .ofs_y = 0},
    {.bitmap_index = 1461, .adv_w = 147, .box_w = 9, .box_h = 9, .ofs_x = 0, .ofs_y = 0},
    {.bitmap_index = 1480, .adv_w = 152, .box_w = 8, .box_h = 12, .ofs_x = 1, .ofs_y = -3},
    {.bitmap_index = 1502, .adv_w = 152, .box_w = 9, .box_h = 12, .ofs_x = 0, .ofs_y = -3},
    {.bitmap_index = 1527, .adv_w = 99, .box_w = 6, .box_h = 10, .ofs_x = 1, .ofs_y = 0},
    {.bitmap_index = 1537, .adv_w = 125, .box_w = 8, .box_h = 9, .ofs_x = 0, .ofs_y = 0},
    {.bitmap_index = 1555, .adv_w = 94, .box_w = 6, .box_h = 12, .ofs_x = 0, .ofs_y = 0},
    {.bitmap_index = 1568, .adv_w = 152, .box_w = 8, .box_h = 9, .ofs_x = 1, .ofs_y = 0},
    {.bitmap_index = 1580, .adv_w = 142, .box_w = 9, .box_h = 9, .ofs_x = 0, .ofs_y = 0},
    {.bitmap_index = 1600, .adv_w = 196, .box_w = 12, .box_h = 9, .ofs_x = 0, .ofs_y = 0},
    {.bitmap_index = 1628, .adv_w = 142, .box_w = 9, .box_h = 9, .ofs_x = 0, .ofs_y = 0},
    {.bitmap_index = 1649, .adv_w = 142, .box_w = 9, .box_h = 12, .ofs_x = 0, .ofs_y = -3},
    {.bitmap_index = 1674, .adv_w = 126, .box_w = 8, .box_h = 9, .ofs_x = 0, .ofs_y = 0},
    {.bitmap_index = 1691, .adv_w = 153, .box_w = 7, .box_h = 16, .ofs_x = 1, .ofs_y = -4},
    {.bitmap_index = 1714, .adv_w = 81, .box_w = 3, .box_h = 16, .ofs_x = 1, .ofs_y = -4},
    {.bitmap_index = 1718, .adv_w = 153, .box_w = 7, .box_h = 16, .ofs_x = 1, .ofs_y = -4},
    {.bitmap_index = 1739, .adv_w = 201, .box_w = 10, .box_h = 4, .ofs_x = 1, .ofs_y = 3},
    {.bitmap_index = 1749, .adv_w = 76, .box_w = 0, .box_h = 0, .ofs_x = 0, .ofs_y = 0},
    {.bitmap_index = 1749, .adv_w = 96, .box_w = 2, .box_h = 12, .ofs_x = 2, .ofs_y = -3},
    {.bitmap_index = 1755, .adv_w = 153, .box_w = 7, .box_h = 15, .ofs_x = 1, .ofs_y = -3},
    {.bitmap_index = 1777, .adv_w = 153, .box_w = 9, .box_h = 12, .ofs_x = 0, .ofs_y = 0},
    {.bitmap_index = 1800, .adv_w = 153, .box_w = 9, .box_h = 10, .ofs_x = 0, .ofs_y = 0},
    {.bitmap_index = 1822, .adv_w = 153, .box_w = 9, .box_h = 12, .ofs_x = 0, .ofs_y = 0},
    {.bitmap_index = 1846, .adv_w = 81, .box_w = 3, .box_h = 14, .ofs_x = 1, .ofs_y = -3},
    {.bitmap_index = 1854, .adv_w = 120, .box_w = 7, .box_h = 14, .ofs_x = 0, .ofs_y = -2},
    {.bitmap_index = 1880, .adv_w = 120, .box_w = 5, .box_h = 2, .ofs_x = 1, .ofs_y = 11},
    {.bitmap_index = 1883, .adv_w = 240, .box_w = 11, .box_h = 12, .ofs_x = 2, .ofs_y = 0},
    {.bitmap_index = 1915, .adv_w = 113, .box_w = 7, .box_h = 8, .ofs_x = 0, .ofs_y = 3},
    {.bitmap_index = 1929, .adv_w = 147, .box_w = 7, .box_h = 8, .ofs_x = 1, .ofs_y = 1},
    {.bitmap_index = 1944, .adv_w = 201, .box_w = 10, .box_h = 6, .ofs_x = 1, .ofs_y = 2},
    {.bitmap_index = 1954, .adv_w = 87, .box_w = 5, .box_h = 3, .ofs_x = 0, .ofs_y = 3},
    {.bitmap_index = 1958, .adv_w = 240, .box_w = 11, .box_h = 12, .ofs_x = 2, .ofs_y = 0},
    {.bitmap_index = 1990, .adv_w = 120, .box_w = 5, .box_h = 2, .ofs_x = 1, .ofs_y = 10},
    {.bitmap_index = 1993, .adv_w = 120, .box_w = 6, .box_h = 5, .ofs_x = 1, .ofs_y = 7},
    {.bitmap_index = 2001, .adv_w = 201, .box_w = 10, .box_h = 10, .ofs_x = 1, .ofs_y = 0},
    {.bitmap_index = 2020, .adv_w = 96, .box_w = 6, .box_h = 6, .ofs_x = 0, .ofs_y = 5},
    {.bitmap_index = 2030, .adv_w = 96, .box_w = 6, .box_h = 6, .ofs_x = 0, .ofs_y = 5},
    {.bitmap_index = 2039, .adv_w = 120, .box_w = 5, .box_h = 3, .ofs_x = 2, .ofs_y = 10},
    {.bitmap_index = 2044, .adv_w = 153, .box_w = 9, .box_h = 12, .ofs_x = 1, .ofs_y = -3},
    {.bitmap_index = 2061, .adv_w = 153, .box_w = 7, .box_h = 14, .ofs_x = 1, .ofs_y = -2},
    {.bitmap_index = 2076, .adv_w = 76, .box_w = 3, .box_h = 2, .ofs_x = 1, .ofs_y = 5},
    {.bitmap_index = 2078, .adv_w = 120, .box_w = 4, .box_h = 4, .ofs_x = 2, .ofs_y = -3},
    {.bitmap_index = 2082, .adv_w = 96, .box_w = 5, .box_h = 6, .ofs_x = 1, .ofs_y = 5},
    {.bitmap_index = 2088, .adv_w = 113, .box_w = 7, .box_h = 8, .ofs_x = 0, .ofs_y = 3},
    {.bitmap_index = 2102, .adv_w = 147, .box_w = 8, .box_h = 8, .ofs_x = 1, .ofs_y = 1},
    {.bitmap_index = 2119, .adv_w = 233, .box_w = 14, .box_h = 13, .ofs_x = 1, .ofs_y = -1},
    {.bitmap_index = 2160, .adv_w = 233, .box_w = 13, .box_h = 13, .ofs_x = 1, .ofs_y = 0},
    {.bitmap_index = 2198, .adv_w = 233, .box_w = 15, .box_h = 13, .ofs_x = 0, .ofs_y = -1},
    {.bitmap_index = 2244, .adv_w = 127, .box_w = 6, .box_h = 12, .ofs_x = 1, .ofs_y = -3},
    {.bitmap_index = 2260, .adv_w = 164, .box_w = 11, .box_h = 15, .ofs_x = 0, .ofs_y = 0},
    {.bitmap_index = 2296, .adv_w = 164, .box_w = 11, .box_h = 15, .ofs_x = 0, .ofs_y = 0},
    {.bitmap_index = 2333, .adv_w = 164, .box_w = 11, .box_h = 15, .ofs_x = 0, .ofs_y = 0},
    {.bitmap_index = 2370, .adv_w = 164, .box_w = 11, .box_h = 15, .ofs_x = 0, .ofs_y = 0},
    {.bitmap_index = 2407, .adv_w = 164, .box_w = 11, .box_h = 15, .ofs_x = 0, .ofs_y = 0},
    {.bitmap_index = 2444, .adv_w = 164, .box_w = 11, .box_h = 15, .ofs_x = 0, .ofs_y = 0},
    {.bitmap_index = 2481, .adv_w = 234, .box_w = 14, .box_h = 12, .ofs_x = 0, .ofs_y = 0},
    {.bitmap_index = 2517, .adv_w = 168, .box_w = 10, .box_h = 15, .ofs_x = 0, .ofs_y = -3},
    {.bitmap_index = 2551, .adv_w = 152, .box_w = 8, .box_h = 15, .ofs_x = 1, .ofs_y = 0},
    {.bitmap_index = 2575, .adv_w = 152, .box_w = 8, .box_h = 15, .ofs_x = 1, .ofs_y = 0},
    {.bitmap_index = 2599, .adv_w = 152, .box_w = 8, .box_h = 15, .ofs_x = 1, .ofs_y = 0},
    {.bitmap_index = 2623, .adv_w = 152, .box_w = 8, .box_h = 15, .ofs_x = 1, .ofs_y = 0},
    {.bitmap_index = 2648, .adv_w = 71, .box_w = 4, .box_h = 15, .ofs_x = 0, .ofs_y = 0},
    {.bitmap_index = 2655, .adv_w = 71, .box_w = 3, .box_h = 15, .ofs_x = 1, .ofs_y = 0},
    {.bitmap_index = 2661, .adv_w = 71, .box_w = 6, .box_h = 15, .ofs_x = -1, .ofs_y = 0},
    {.bitmap_index = 2670, .adv_w = 71, .box_w = 5, .box_h = 15, .ofs_x = 0, .ofs_y = 0},
    {.bitmap_index = 2678, .adv_w = 186, .box_w = 11, .box_h = 12, .ofs_x = 0, .ofs_y = 0},
    {.bitmap_index = 2707, .adv_w = 180, .box_w = 9, .box_h = 15, .ofs_x = 1, .ofs_y = 0},
    {.bitmap_index = 2736, .adv_w = 189, .box_w = 11, .box_h = 15, .ofs_x = 0, .ofs_y = 0},
    {.bitmap_index = 2775, .adv_w = 189, .box_w = 11, .box_h = 15, .ofs_x = 0, .ofs_y = 0},
    {.bitmap_index = 2813, .adv_w = 189, .box_w = 11, .box_h = 15, .ofs_x = 0, .ofs_y = 0},
    {.bitmap_index = 2852, .adv_w = 189, .box_w = 11, .box_h = 15, .ofs_x = 0, .ofs_y = 0},
    {.bitmap_index = 2892, .adv_w = 189, .box_w = 11, .box_h = 15, .ofs_x = 0, .ofs_y = 0},
    {.bitmap_index = 2932, .adv_w = 201, .box_w = 9, .box_h = 10, .ofs_x = 2, .ofs_y = 0},
    {.bitmap_index = 2954, .adv_w = 189, .box_w = 12, .box_h = 14, .ofs_x = 0, .ofs_y = -1},
    {.bitmap_index = 2995, .adv_w = 176, .box_w = 9, .box_h = 15, .ofs_x = 1, .ofs_y = 0},
    {.bitmap_index = 3012, .adv_w = 176, .box_w = 9, .box_h = 15, .ofs_x = 1, .ofs_y = 0},
    {.bitmap_index = 3029, .adv_w = 176, .box_w = 9, .box_h = 15, .ofs_x = 1, .ofs_y = 0},
    {.bitmap_index = 3047, .adv_w = 176, .box_w = 9, .box_h = 15, .ofs_x = 1, .ofs_y = 0},
    {.bitmap_index = 3066, .adv_w = 147, .box_w = 11, .box_h = 15, .ofs_x = -1, .ofs_y = 0},
    {.bitmap_index = 3093, .adv_w = 145, .box_w = 8, .box_h = 12, .ofs_x = 1, .ofs_y = 0},
    {.bitmap_index = 3113, .adv_w = 151, .box_w = 8, .box_h = 12, .ofs_x = 1, .ofs_y = 0},
    {.bitmap_index = 3137, .adv_w = 147, .box_w = 8, .box_h = 13, .ofs_x = 0, .ofs_y = 0},
    {.bitmap_index = 3162, .adv_w = 147, .box_w = 8, .box_h = 13, .ofs_x = 0, .ofs_y = 0},
    {.bitmap_index = 3188, .adv_w = 147, .box_w = 8, .box_h = 13, .ofs_x = 0, .ofs_y = 0},
    {.bitmap_index = 3214, .adv_w = 147, .box_w = 8, .box_h = 12, .ofs_x = 0, .ofs_y = 0},
    {.bitmap_index = 3239, .adv_w = 147, .box_w = 8, .box_h = 12, .ofs_x = 0, .ofs_y = 0},
    {.bitmap_index = 3264, .adv_w = 147, .box_w = 8, .box_h = 14, .ofs_x = 0, .ofs_y = 0},
    {.bitmap_index = 3291, .adv_w = 236, .box_w = 14, .box_h = 9, .ofs_x = 0, .ofs_y = 0},
    {.bitmap_index = 3323, .adv_w = 132, .box_w = 8, .box_h = 12, .ofs_x = 0, .ofs_y = -3},
    {.bitmap_index = 3345, .adv_w = 148, .box_w = 9, .box_h = 13, .ofs_x = 0, .ofs_y = 0},
    {.bitmap_index = 3373, .adv_w = 148, .box_w = 9, .box_h = 13, .ofs_x = 0, .ofs_y = 0},
    {.bitmap_index = 3401, .adv_w = 148, .box_w = 9, .box_h = 13, .ofs_x = 0, .ofs_y = 0},
    {.bitmap_index = 3430, .adv_w = 148, .box_w = 9, .box_h = 12, .ofs_x = 0, .ofs_y = 0},
    {.bitmap_index = 3457, .adv_w = 67, .box_w = 5, .box_h = 13, .ofs_x = -1, .ofs_y = 0},
    {.bitmap_index = 3466, .adv_w = 67, .box_w = 4, .box_h = 13, .ofs_x = 1, .ofs_y = 0},
    {.bitmap_index = 3474, .adv_w = 67, .box_w = 6, .box_h = 13, .ofs_x = -1, .ofs_y = 0},
    {.bitmap_index = 3485, .adv_w = 67, .box_w = 6, .box_h = 12, .ofs_x = -1, .ofs_y = 0},
    {.bitmap_index = 3494, .adv_w = 147, .box_w = 9, .box_h = 12, .ofs_x = 0, .ofs_y = 0},
    {.bitmap_index = 3519, .adv_w = 152, .box_w = 8, .box_h = 12, .ofs_x = 1, .ofs_y = 0},
    {.bitmap_index = 3537, .adv_w = 147, .box_w = 9, .box_h = 13, .ofs_x = 0, .ofs_y = 0},
    {.bitmap_index = 3564, .adv_w = 147, .box_w = 9, .box_h = 13, .ofs_x = 0, .ofs_y = 0},
    {.bitmap_index = 3590, .adv_w = 147, .box_w = 9, .box_h = 13, .ofs_x = 0, .ofs_y = 0},
    {.bitmap_index = 3617, .adv_w = 147, .box_w = 9, .box_h = 12, .ofs_x = 0, .ofs_y = 0},
    {.bitmap_index = 3642, .adv_w = 147, .box_w = 9, .box_h = 12, .ofs_x = 0, .ofs_y = 0},
    {.bitmap_index = 3668, .adv_w = 201, .box_w = 10, .box_h = 8, .ofs_x = 1, .ofs_y = 1},
    {.bitmap_index = 3683, .adv_w = 147, .box_w = 9, .box_h = 11, .ofs_x = 0, .ofs_y = -1},
    {.bitmap_index = 3708, .adv_w = 152, .box_w = 8, .box_h = 13, .ofs_x = 1, .ofs_y = 0},
    {.bitmap_index = 3727, .adv_w = 152, .box_w = 8, .box_h = 13, .ofs_x = 1, .ofs_y = 0},
    {.bitmap_index = 3746, .adv_w = 152, .box_w = 8, .box_h = 13, .ofs_x = 1, .ofs_y = 0},
    {.bitmap_index = 3766, .adv_w = 152, .box_w = 8, .box_h = 12, .ofs_x = 1, .ofs_y = 0},
    {.bitmap_index = 3784, .adv_w = 142, .box_w = 9, .box_h = 16, .ofs_x = 0, .ofs_y = -3},
    {.bitmap_index = 3817, .adv_w = 152, .box_w = 8, .box_h = 15, .ofs_x = 1, .ofs_y = -3},
    {.bitmap_index = 3842, .adv_w = 142, .box_w = 9, .box_h = 15, .ofs_x = 0, .ofs_y = -3},
    {.bitmap_index = 3874, .adv_w = 164, .box_w = 11, .box_h = 14, .ofs_x = 0, .ofs_y = 0},
    {.bitmap_index = 3909, .adv_w = 147, .box_w = 8, .box_h = 12, .ofs_x = 0, .ofs_y = 0},
    {.bitmap_index = 3932, .adv_w = 164, .box_w = 11, .box_h = 15, .ofs_x = 0, .ofs_y = 0},
    {.bitmap_index = 3970, .adv_w = 147, .box_w = 8, .box_h = 12, .ofs_x = 0, .ofs_y = 0},
    {.bitmap_index = 3995, .adv_w = 164, .box_w = 11, .box_h = 15, .ofs_x = 0, .ofs_y = -3},
    {.bitmap_index = 4031, .adv_w = 147, .box_w = 9, .box_h = 12, .ofs_x = 0, .ofs_y = -3},
    {.bitmap_index = 4056, .adv_w = 168, .box_w = 10, .box_h = 15, .ofs_x = 0, .ofs_y = 0},
    {.bitmap_index = 4089, .adv_w = 132, .box_w = 8, .box_h = 13, .ofs_x = 0, .ofs_y = 0},
    {.bitmap_index = 4112, .adv_w = 168, .box_w = 10, .box_h = 15, .ofs_x = 0, .ofs_y = 0},
    {.bitmap_index = 4146, .adv_w = 132, .box_w = 8, .box_h = 13, .ofs_x = 0, .ofs_y = 0},
    {.bitmap_index = 4169, .adv_w = 168, .box_w = 10, .box_h = 15, .ofs_x = 0, .ofs_y = 0},
    {.bitmap_index = 4202, .adv_w = 132, .box_w = 8, .box_h = 12, .ofs_x = 0, .ofs_y = 0},
    {.bitmap_index = 4223, .adv_w = 168, .box_w = 10, .box_h = 15, .ofs_x = 0, .ofs_y = 0},
    {.bitmap_index = 4257, .adv_w = 132, .box_w = 8, .box_h = 13, .ofs_x = 0, .ofs_y = 0},
    {.bitmap_index = 4281, .adv_w = 185, .box_w = 10, .box_h = 15, .ofs_x = 1, .ofs_y = 0},
    {.bitmap_index = 4310, .adv_w = 152, .box_w = 11, .box_h = 12, .ofs_x = 0, .ofs_y = 0},
    {.bitmap_index = 4340, .adv_w = 186, .box_w = 11, .box_h = 12, .ofs_x = 0, .ofs_y = 0},
    {.bitmap_index = 4369, .adv_w = 152, .box_w = 10, .box_h = 12, .ofs_x = 0, .ofs_y = 0},
    {.bitmap_index = 4398, .adv_w = 152, .box_w = 8, .box_h = 14, .ofs_x = 1, .ofs_y = 0},
    {.bitmap_index = 4420, .adv_w = 148, .box_w = 9, .box_h = 12, .ofs_x = 0, .ofs_y = 0},
    {.bitmap_index = 4446, .adv_w = 152, .box_w = 8, .box_h = 15, .ofs_x = 1, .ofs_y = 0},
    {.bitmap_index = 4471, .adv_w = 148, .box_w = 9, .box_h = 13, .ofs_x = 0, .ofs_y = 0},
    {.bitmap_index = 4500, .adv_w = 152, .box_w = 8, .box_h = 15, .ofs_x = 1, .ofs_y = 0},
    {.bitmap_index = 4523, .adv_w = 148, .box_w = 9, .box_h = 12, .ofs_x = 0, .ofs_y = 0},
    {.bitmap_index = 4549, .adv_w = 152, .box_w = 8, .box_h = 15, .ofs_x = 1, .ofs_y = -3},
    {.bitmap_index = 4572, .adv_w = 148, .box_w = 9, .box_h = 12, .ofs_x = 0, .ofs_y = -3},
    {.bitmap_index = 4598, .adv_w = 152, .box_w = 8, .box_h = 15, .ofs_x = 1, .ofs_y = 0},
    {.bitmap_index = 4622, .adv_w = 148, .box_w = 9, .box_h = 13, .ofs_x = 0, .ofs_y = 0},
    {.bitmap_index = 4651, .adv_w = 186, .box_w = 11, .box_h = 15, .ofs_x = 0, .ofs_y = 0},
    {.bitmap_index = 4689, .adv_w = 152, .box_w = 9, .box_h = 16, .ofs_x = 0, .ofs_y = -3},
    {.bitmap_index = 4724, .adv_w = 186, .box_w = 11, .box_h = 15, .ofs_x = 0, .ofs_y = 0},
    {.bitmap_index = 4763, .adv_w = 152, .box_w = 9, .box_h = 16, .ofs_x = 0, .ofs_y = -3},
    {.bitmap_index = 4799, .adv_w = 186, .box_w = 11, .box_h = 15, .ofs_x = 0, .ofs_y = 0},
    {.bitmap_index = 4836, .adv_w = 152, .box_w = 9, .box_h = 15, .ofs_x = 0, .ofs_y = -3},
    {.bitmap_index = 4868, .adv_w = 186, .box_w = 11, .box_h = 16, .ofs_x = 0, .ofs_y = -4},
    {.bitmap_index = 4908, .adv_w = 152, .box_w = 9, .box_h = 15, .ofs_x = 0, .ofs_y = -3},
    {.bitmap_index = 4940, .adv_w = 180, .box_w = 9, .box_h = 15, .ofs_x = 1, .ofs_y = 0},
    {.bitmap_index = 4959, .adv_w = 152, .box_w = 10, .box_h = 15, .ofs_x = -1, .ofs_y = 0},
    {.bitmap_index = 4981, .adv_w = 220, .box_w = 12, .box_h = 12, .ofs_x = 1, .ofs_y = 0},
    {.bitmap_index = 5004, .adv_w = 167, .box_w = 9, .box_h = 12, .ofs_x = 0, .ofs_y = 0},
    {.bitmap_index = 5022, .adv_w = 71, .box_w = 6, .box_h = 15, .ofs_x = -1, .ofs_y = 0},
    {.bitmap_index = 5031, .adv_w = 67, .box_w = 6, .box_h = 12, .ofs_x = -1, .ofs_y = 0},
    {.bitmap_index = 5040, .adv_w = 71, .box_w = 5, .box_h = 14, .ofs_x = 0, .ofs_y = 0},
    {.bitmap_index = 5046, .adv_w = 67, .box_w = 6, .box_h = 12, .ofs_x = -1, .ofs_y = 0},
    {.bitmap_index = 5054, .adv_w = 71, .box_w = 6, .box_h = 15, .ofs_x = -1, .ofs_y = 0},
    {.bitmap_index = 5063, .adv_w = 67, .box_w = 6, .box_h = 13, .ofs_x = -1, .ofs_y = 0},
    {.bitmap_index = 5073, .adv_w = 71, .box_w = 4, .box_h = 15, .ofs_x = 1, .ofs_y = -3},
    {.bitmap_index = 5080, .adv_w = 67, .box_w = 3, .box_h = 15, .ofs_x = 1, .ofs_y = -3},
    {.bitmap_index = 5088, .adv_w = 71, .box_w = 2, .box_h = 15, .ofs_x = 1, .ofs_y = 0},
    {.bitmap_index = 5093, .adv_w = 67, .box_w = 2, .box_h = 9, .ofs_x = 1, .ofs_y = 0},
    {.bitmap_index = 5097, .adv_w = 142, .box_w = 7, .box_h = 15, .ofs_x = 1, .ofs_y = -3},
    {.bitmap_index = 5108, .adv_w = 133, .box_w = 6, .box_h = 15, .ofs_x = 1, .ofs_y = -3},
    {.bitmap_index = 5121, .adv_w = 71, .box_w = 6, .box_h = 18, .ofs_x = -1, .ofs_y = -3},
    {.bitmap_index = 5133, .adv_w = 67, .box_w = 6, .box_h = 16, .ofs_x = -1, .ofs_y = -3},
    {.bitmap_index = 5148, .adv_w = 157, .box_w = 10, .box_h = 16, .ofs_x = 1, .ofs_y = -4},
    {.bitmap_index = 5181, .adv_w = 139, .box_w = 8, .box_h = 16, .ofs_x = 1, .ofs_y = -4},
    {.bitmap_index = 5208, .adv_w = 139, .box_w = 8, .box_h = 9, .ofs_x = 1, .ofs_y = 0},
    {.bitmap_index = 5225, .adv_w = 134, .box_w = 8, .box_h = 15, .ofs_x = 1, .ofs_y = 0},
    {.bitmap_index = 5237, .adv_w = 67, .box_w = 4, .box_h = 15, .ofs_x = 1, .ofs_y = 0},
    {.bitmap_index = 5244, .adv_w = 134, .box_w = 8, .box_h = 16, .ofs_x = 1, .ofs_y = -4},
    {.bitmap_index = 5258, .adv_w = 67, .box_w = 3, .box_h = 16, .ofs_x = 1, .ofs_y = -4},
    {.bitmap_index = 5265, .adv_w = 134, .box_w = 8, .box_h = 12, .ofs_x = 1, .ofs_y = 0},
    {.bitmap_index = 5277, .adv_w = 90, .box_w = 5, .box_h = 12, .ofs_x = 1, .ofs_y = 0},
    {.bitmap_index = 5285, .adv_w = 134, .box_w = 8, .box_h = 12, .ofs_x = 1, .ofs_y = 0},
    {.bitmap_index = 5298, .adv_w = 82, .box_w = 4, .box_h = 12, .ofs_x = 1, .ofs_y = 0},
    {.bitmap_index = 5306, .adv_w = 135, .box_w = 10, .box_h = 12, .ofs_x = -1, .ofs_y = 0},
    {.bitmap_index = 5325, .adv_w = 68, .box_w = 5, .box_h = 12, .ofs_x = 0, .ofs_y = 0},
    {.bitmap_index = 5336, .adv_w = 180, .box_w = 9, .box_h = 15, .ofs_x = 1, .ofs_y = 0},
    {.bitmap_index = 5364, .adv_w = 152, .box_w = 8, .box_h = 13, .ofs_x = 1, .ofs_y = 0},
    {.bitmap_index = 5383, .adv_w = 180, .box_w = 9, .box_h = 16, .ofs_x = 1, .ofs_y = -4},
    {.bitmap_index = 5413, .adv_w = 152, .box_w = 8, .box_h = 13, .ofs_x = 1, .ofs_y = -4},
    {.bitmap_index = 5431, .adv_w = 180, .box_w = 9, .box_h = 15, .ofs_x = 1, .ofs_y = 0},
    {.bitmap_index = 5460, .adv_w = 152, .box_w = 8, .box_h = 13, .ofs_x = 1, .ofs_y = 0},
    {.bitmap_index = 5479, .adv_w = 195, .box_w = 10, .box_h = 12, .ofs_x = 1, .ofs_y = 0},
    {.bitmap_index = 5499, .adv_w = 180, .box_w = 9, .box_h = 15, .ofs_x = 1, .ofs_y = -3},
    {.bitmap_index = 5518, .adv_w = 152, .box_w = 8, .box_h = 12, .ofs_x = 1, .ofs_y = -3},
    {.bitmap_index = 5534, .adv_w = 189, .box_w = 11, .box_h = 15, .ofs_x = 0, .ofs_y = 0},
    {.bitmap_index = 5572, .adv_w = 147, .box_w = 9, .box_h = 12, .ofs_x = 0, .ofs_y = 0},
    {.bitmap_index = 5597, .adv_w = 189, .box_w = 11, .box_h = 15, .ofs_x = 0, .ofs_y = 0},
    {.bitmap_index = 5637, .adv_w = 147, .box_w = 9, .box_h = 13, .ofs_x = 0, .ofs_y = 0},
    {.bitmap_index = 5664, .adv_w = 189, .box_w = 11, .box_h = 16, .ofs_x = 0, .ofs_y = 0},
    {.bitmap_index = 5705, .adv_w = 147, .box_w = 9, .box_h = 13, .ofs_x = 0, .ofs_y = 0},
    {.bitmap_index = 5733, .adv_w = 257, .box_w = 16, .box_h = 12, .ofs_x = 0, .ofs_y = 0},
    {.bitmap_index = 5775, .adv_w = 246, .box_w = 15, .box_h = 9, .ofs_x = 0, .ofs_y = 0},
    {.bitmap_index = 5808, .adv_w = 167, .box_w = 9, .box_h = 15, .ofs_x = 1, .ofs_y = 0},
    {.bitmap_index = 5837, .adv_w = 99, .box_w = 6, .box_h = 13, .ofs_x = 1, .ofs_y = 0},
    {.bitmap_index = 5852, .adv_w = 167, .box_w = 9, .box_h = 16, .ofs_x = 1, .ofs_y = -4},
    {.bitmap_index = 5883, .adv_w = 99, .box_w = 7, .box_h = 14, .ofs_x = 0, .ofs_y = -4},
    {.bitmap_index = 5901, .adv_w = 167, .box_w = 9, .box_h = 15, .ofs_x = 1, .ofs_y = 0},
    {.bitmap_index = 5931, .adv_w = 99, .box_w = 6, .box_h = 13, .ofs_x = 1, .ofs_y = 0},
    {.bitmap_index = 5946, .adv_w = 152, .box_w = 9, .box_h = 15, .ofs_x = 0, .ofs_y = 0},
    {.bitmap_index = 5977, .adv_w = 125, .box_w = 8, .box_h = 13, .ofs_x = 0, .ofs_y = 0},
    {.bitmap_index = 6002, .adv_w = 152, .box_w = 9, .box_h = 15, .ofs_x = 0, .ofs_y = 0},
    {.bitmap_index = 6034, .adv_w = 125, .box_w = 8, .box_h = 13, .ofs_x = 0, .ofs_y = 0},
    {.bitmap_index = 6059, .adv_w = 152, .box_w = 9, .box_h = 15, .ofs_x = 0, .ofs_y = -3},
    {.bitmap_index = 6091, .adv_w = 125, .box_w = 8, .box_h = 12, .ofs_x = 0, .ofs_y = -3},
    {.bitmap_index = 6115, .adv_w = 152, .box_w = 9, .box_h = 15, .ofs_x = 0, .ofs_y = 0},
    {.bitmap_index = 6147, .adv_w = 125, .box_w = 8, .box_h = 13, .ofs_x = 0, .ofs_y = 0},
    {.bitmap_index = 6172, .adv_w = 147, .box_w = 11, .box_h = 15, .ofs_x = -1, .ofs_y = -3},
    {.bitmap_index = 6190, .adv_w = 94, .box_w = 6, .box_h = 15, .ofs_x = 0, .ofs_y = -3},
    {.bitmap_index = 6208, .adv_w = 147, .box_w = 11, .box_h = 15, .ofs_x = -1, .ofs_y = 0},
    {.bitmap_index = 6229, .adv_w = 94, .box_w = 6, .box_h = 13, .ofs_x = 0, .ofs_y = 0},
    {.bitmap_index = 6244, .adv_w = 147, .box_w = 11, .box_h = 12, .ofs_x = -1, .ofs_y = 0},
    {.bitmap_index = 6264, .adv_w = 94, .box_w = 6, .box_h = 12, .ofs_x = 0, .ofs_y = 0},
    {.bitmap_index = 6281, .adv_w = 176, .box_w = 9, .box_h = 15, .ofs_x = 1, .ofs_y = 0},
    {.bitmap_index = 6299, .adv_w = 152, .box_w = 8, .box_h = 12, .ofs_x = 1, .ofs_y = 0},
    {.bitmap_index = 6317, .adv_w = 176, .box_w = 9, .box_h = 15, .ofs_x = 1, .ofs_y = 0},
    {.bitmap_index = 6334, .adv_w = 152, .box_w = 8, .box_h = 12, .ofs_x = 1, .ofs_y = 0},
    {.bitmap_index = 6351, .adv_w = 176, .box_w = 9, .box_h = 15, .ofs_x = 1, .ofs_y = 0},
    {.bitmap_index = 6369, .adv_w = 152, .box_w = 8, .box_h = 13, .ofs_x = 1, .ofs_y = 0},
    {.bitmap_index = 6388, .adv_w = 176, .box_w = 9, .box_h = 15, .ofs_x = 1, .ofs_y = 0},
    {.bitmap_index = 6407, .adv_w = 152, .box_w = 8, .box_h = 14, .ofs_x = 1, .ofs_y = 0},
    {.bitmap_index = 6429, .adv_w = 176, .box_w = 9, .box_h = 16, .ofs_x = 1, .ofs_y = 0},
    {.bitmap_index = 6449, .adv_w = 152, .box_w = 8, .box_h = 13, .ofs_x = 1, .ofs_y = 0},
    {.bitmap_index = 6469, .adv_w = 176, .box_w = 9, .box_h = 15, .ofs_x = 1, .ofs_y = -3},
    {.bitmap_index = 6487, .adv_w = 152, .box_w = 9, .box_h = 12, .ofs_x = 1, .ofs_y = -3},
    {.bitmap_index = 6505, .adv_w = 237, .box_w = 15, .box_h = 15, .ofs_x = 0, .ofs_y = 0},
    {.bitmap_index = 6557, .adv_w = 196, .box_w = 12, .box_h = 13, .ofs_x = 0, .ofs_y = 0},
    {.bitmap_index = 6595, .adv_w = 147, .box_w = 11, .box_h = 15, .ofs_x = -1, .ofs_y = 0},
    {.bitmap_index = 6623, .adv_w = 142, .box_w = 9, .box_h = 17, .ofs_x = 0, .ofs_y = -3},
    {.bitmap_index = 6658, .adv_w = 147, .box_w = 11, .box_h = 15, .ofs_x = -1, .ofs_y = 0},
    {.bitmap_index = 6686, .adv_w = 164, .box_w = 10, .box_h = 15, .ofs_x = 0, .ofs_y = 0},
    {.bitmap_index = 6718, .adv_w = 126, .box_w = 8, .box_h = 13, .ofs_x = 0, .ofs_y = 0},
    {.bitmap_index = 6742, .adv_w = 164, .box_w = 10, .box_h = 15, .ofs_x = 0, .ofs_y = 0},
    {.bitmap_index = 6774, .adv_w = 126, .box_w = 8, .box_h = 12, .ofs_x = 0, .ofs_y = 0},
    {.bitmap_index = 6796, .adv_w = 164, .box_w = 10, .box_h = 15, .ofs_x = 0, .ofs_y = 0},
    {.bitmap_index = 6829, .adv_w = 126, .box_w = 8, .box_h = 13, .ofs_x = 0, .ofs_y = 0},
    {.bitmap_index = 6853, .adv_w = 84, .box_w = 6, .box_h = 12, .ofs_x = 0, .ofs_y = 0},
    {.bitmap_index = 6863, .adv_w = 240, .box_w = 16, .box_h = 16, .ofs_x = 0, .ofs_y = -2},
    {.bitmap_index = 6905, .adv_w = 240, .box_w = 15, .box_h = 12, .ofs_x = 0, .ofs_y = 0},
    {.bitmap_index = 6948, .adv_w = 240, .box_w = 15, .box_h = 14, .ofs_x = 0, .ofs_y = -1},
    {.bitmap_index = 6981, .adv_w = 240, .box_w = 15, .box_h = 12, .ofs_x = 0, .ofs_y = 0},
    {.bitmap_index = 7018, .adv_w = 165, .box_w = 11, .box_h = 11, .ofs_x = 0, .ofs_y = 0},
    {.bitmap_index = 7048, .adv_w = 240, .box_w = 15, .box_h = 16, .ofs_x = 0, .ofs_y = -2},
    {.bitmap_index = 7101, .adv_w = 240, .box_w = 15, .box_h = 16, .ofs_x = 0, .ofs_y = -2},
    {.bitmap_index = 7154, .adv_w = 270, .box_w = 17, .box_h = 14, .ofs_x = 0, .ofs_y = -1},
    {.bitmap_index = 7199, .adv_w = 240, .box_w = 15, .box_h = 16, .ofs_x = 0, .ofs_y = -2},
    {.bitmap_index = 7238, .adv_w = 270, .box_w = 17, .box_h = 12, .ofs_x = 0, .ofs_y = 0},
    {.bitmap_index = 7275, .adv_w = 240, .box_w = 15, .box_h = 16, .ofs_x = 0, .ofs_y = -2},
    {.bitmap_index = 7332, .adv_w = 120, .box_w = 8, .box_h = 12, .ofs_x = 0, .ofs_y = 0},
    {.bitmap_index = 7348, .adv_w = 180, .box_w = 12, .box_h = 12, .ofs_x = 0, .ofs_y = 0},
    {.bitmap_index = 7376, .adv_w = 270, .box_w = 17, .box_h = 15, .ofs_x = 0, .ofs_y = -2},
    {.bitmap_index = 7432, .adv_w = 240, .box_w = 15, .box_h = 12, .ofs_x = 0, .ofs_y = 0},
    {.bitmap_index = 7468, .adv_w = 165, .box_w = 11, .box_h = 16, .ofs_x = 0, .ofs_y = -2},
    {.bitmap_index = 7508, .adv_w = 210, .box_w = 11, .box_h = 15, .ofs_x = 1, .ofs_y = -2},
    {.bitmap_index = 7537, .adv_w = 210, .box_w = 14, .box_h = 17, .ofs_x = 0, .ofs_y = -3},
    {.bitmap_index = 7584, .adv_w = 210, .box_w = 14, .box_h = 14, .ofs_x = 0, .ofs_y = -1},
    {.bitmap_index = 7601, .adv_w = 210, .box_w = 14, .box_h = 14, .ofs_x = 0, .ofs_y = -1},
    {.bitmap_index = 7616, .adv_w = 210, .box_w = 11, .box_h = 15, .ofs_x = 1, .ofs_y = -2},
    {.bitmap_index = 7645, .adv_w = 210, .box_w = 15, .box_h = 14, .ofs_x = -1, .ofs_y = -1},
    {.bitmap_index = 7684, .adv_w = 150, .box_w = 9, .box_h = 14, .ofs_x = 0, .ofs_y = -1},
    {.bitmap_index = 7714, .adv_w = 150, .box_w = 9, .box_h = 14, .ofs_x = 0, .ofs_y = -1},
    {.bitmap_index = 7743, .adv_w = 210, .box_w = 14, .box_h = 14, .ofs_x = 0, .ofs_y = -1},
    {.bitmap_index = 7767, .adv_w = 210, .box_w = 14, .box_h = 4, .ofs_x = 0, .ofs_y = 4},
    {.bitmap_index = 7778, .adv_w = 270, .box_w = 17, .box_h = 12, .ofs_x = 0, .ofs_y = 0},
    {.bitmap_index = 7827, .adv_w = 300, .box_w = 19, .box_h = 16, .ofs_x = 0, .ofs_y = -2},
    {.bitmap_index = 7897, .adv_w = 270, .box_w = 19, .box_h = 16, .ofs_x = -1, .ofs_y = -2},
    {.bitmap_index = 7957, .adv_w = 240, .box_w = 15, .box_h = 15, .ofs_x = 0, .ofs_y = -2},
    {.bitmap_index = 8009, .adv_w = 210, .box_w = 13, .box_h = 9, .ofs_x = 0, .ofs_y = 1},
    {.bitmap_index = 8036, .adv_w = 210, .box_w = 13, .box_h = 9, .ofs_x = 0, .ofs_y = 1},
    {.bitmap_index = 8063, .adv_w = 300, .box_w = 19, .box_h = 13, .ofs_x = 0, .ofs_y = -1},
    {.bitmap_index = 8112, .adv_w = 240, .box_w = 15, .box_h = 12, .ofs_x = 0, .ofs_y = 0},
    {.bitmap_index = 8132, .adv_w = 240, .box_w = 15, .box_h = 16, .ofs_x = 0, .ofs_y = -2},
    {.bitmap_index = 8173, .adv_w = 240, .box_w = 16, .box_h = 16, .ofs_x = -1, .ofs_y = -2},
    {.bitmap_index = 8223, .adv_w = 210, .box_w = 14, .box_h = 14, .ofs_x = 0, .ofs_y = -1},
    {.bitmap_index = 8270, .adv_w = 210, .box_w = 14, .box_h = 16, .ofs_x = 0, .ofs_y = -2},
    {.bitmap_index = 8303, .adv_w = 210, .box_w = 14, .box_h = 14, .ofs_x = 0, .ofs_y = -1},
    {.bitmap_index = 8337, .adv_w = 210, .box_w = 14, .box_h = 13, .ofs_x = 0, .ofs_y = -1},
    {.bitmap_index = 8369, .adv_w = 240, .box_w = 15, .box_h = 12, .ofs_x = 0, .ofs_y = 0},
    {.bitmap_index = 8406, .adv_w = 150, .box_w = 11, .box_h = 16, .ofs_x = -1, .ofs_y = -2},
    {.bitmap_index = 8442, .adv_w = 210, .box_w = 14, .box_h = 16, .ofs_x = 0, .ofs_y = -2},
    {.bitmap_index = 8478, .adv_w = 210, .box_w = 14, .box_h = 16, .ofs_x = 0, .ofs_y = -2},
    {.bitmap_index = 8519, .adv_w = 270, .box_w = 17, .box_h = 12, .ofs_x = 0, .ofs_y = 0},
    {.bitmap_index = 8562, .adv_w = 240, .box_w = 17, .box_h = 16, .ofs_x = -1, .ofs_y = -2},
    {.bitmap_index = 8612, .adv_w = 180, .box_w = 12, .box_h = 16, .ofs_x = 0, .ofs_y = -2},
    {.bitmap_index = 8634, .adv_w = 300, .box_w = 19, .box_h = 14, .ofs_x = 0, .ofs_y = -1},
    {.bitmap_index = 8687, .adv_w = 300, .box_w = 19, .box_h = 11, .ofs_x = 0, .ofs_y = 0},
    {.bitmap_index = 8727, .adv_w = 300, .box_w = 19, .box_h = 11, .ofs_x = 0, .ofs_y = 0},
    {.bitmap_index = 8765, .adv_w = 300, .box_w = 19, .box_h = 11, .ofs_x = 0, .ofs_y = 0},
    {.bitmap_index = 8804, .adv_w = 300, .box_w = 19, .box_h = 11, .ofs_x = 0, .ofs_y = 0},
    {.bitmap_index = 8843, .adv_w = 300, .box_w = 19, .box_h = 11, .ofs_x = 0, .ofs_y = 0},
    {.bitmap_index = 8880, .adv_w = 300, .box_w = 19, .box_h = 13, .ofs_x = 0, .ofs_y = -1},
    {.bitmap_index = 8931, .adv_w = 210, .box_w = 13, .box_h = 16, .ofs_x = 0, .ofs_y = -2},
    {.bitmap_index = 8980, .adv_w = 210, .box_w = 14, .box_h = 15, .ofs_x = 0, .ofs_y = -2},
    {.bitmap_index = 9009, .adv_w = 240, .box_w = 16, .box_h = 16, .ofs_x = -1, .ofs_y = -2},
    {.bitmap_index = 9059, .adv_w = 300, .box_w = 19, .box_h = 12, .ofs_x = 0, .ofs_y = 0},
    {.bitmap_index = 9109, .adv_w = 180, .box_w = 12, .box_h = 16, .ofs_x = 0, .ofs_y = -2},
    {.bitmap_index = 9134, .adv_w = 241, .box_w = 16, .box_h = 10, .ofs_x = 0, .ofs_y = 1}
};

/*---------------------
 *  CHARACTER MAPPING
 *--------------------*/

static const uint16_t unicode_list_2[] = {
    0x0, 0x7, 0xa, 0xb, 0xc, 0x10, 0x12, 0x14,
    0x18, 0x1b, 0x20, 0x25, 0x26, 0x27, 0x3d, 0x42,
    0x47, 0x4a, 0x4b, 0x4c, 0x50, 0x51, 0x52, 0x53,
    0x66, 0x67, 0x6d, 0x6f, 0x70, 0x73, 0x76, 0x77,
    0x78, 0x7a, 0x92, 0x94, 0xc3, 0xc4, 0xc6, 0xc8,
    0xdf, 0xe6, 0xe9, 0xf2, 0x11b, 0x123, 0x15a, 0x1ea,
    0x23f, 0x240, 0x241, 0x242, 0x243, 0x286, 0x292, 0x2ec,
    0x303, 0x559, 0x7c1, 0x8a1
};

/*Collect the unicode lists and glyph_id offsets*/
static const lv_font_fmt_txt_cmap_t cmaps[] =
{
    {
        .range_start = 32, .range_length = 95, .glyph_id_start = 1,
        .unicode_list = NULL, .glyph_id_ofs_list = NULL, .list_length = 0, .type = LV_FONT_FMT_TXT_CMAP_FORMAT0_TINY
    },
    {
        .range_start = 160, .range_length = 224, .glyph_id_start = 96,
        .unicode_list = NULL, .glyph_id_ofs_list = NULL, .list_length = 0, .type = LV_FONT_FMT_TXT_CMAP_FORMAT0_TINY
    },
    {
        .range_start = 61441, .range_length = 2210, .glyph_id_start = 320,
        .unicode_list = unicode_list_2, .glyph_id_ofs_list = NULL, .list_length = 60, .type = LV_FONT_FMT_TXT_CMAP_SPARSE_TINY
    }
};



/*--------------------
 *  ALL CUSTOM DATA
 *--------------------*/

#if LVGL_VERSION_MAJOR == 8
/*Store all the custom data of the font*/
static  lv_font_fmt_txt_glyph_cache_t cache;
#endif

#if LVGL_VERSION_MAJOR >= 8
static const lv_font_fmt_txt_dsc_t font_dsc = {
#else
static lv_font_fmt_txt_dsc_t font_dsc = {
#endif
    .glyph_bitmap = glyph_bitmap,
    .glyph_dsc = glyph_dsc,
    .cmaps = cmaps,
    .kern_dsc = NULL,
    .kern_scale = 0,
    .cmap_num = 3,
    .bpp = 2,
    .kern_classes = 0,
    .bitmap_format = 1,
#if LVGL_VERSION_MAJOR == 8
    .cache = &cache
#endif
};



/*-----------------
 *  PUBLIC FONT
 *----------------*/

/*Initialize a public general font descriptor*/
#if LVGL_VERSION_MAJOR >= 8
const lv_font_t dejavu_20 = {
#else
lv_font_t dejavu_20 = {
#endif
    .get_glyph_dsc = lv_font_get_glyph_dsc_fmt_txt,    /*Function pointer to get glyph's data*/
    .get_glyph_bitmap = lv_font_get_bitmap_fmt_txt,    /*Function pointer to get glyph's bitmap*/
    .line_height = 21,          /*The maximum line height required by the font*/
    .base_line = 5,             /*Baseline measured from the bottom of the line*/
#if !(LVGL_VERSION_MAJOR == 6 && LVGL_VERSION_MINOR == 0)
    .subpx = LV_FONT_SUBPX_NONE,
#endif
#if LV_VERSION_CHECK(7, 4, 0) || LVGL_VERSION_MAJOR >= 8
    .underline_position = -1,
    .underline_thickness = 1,
#endif
    .dsc = &font_dsc,          /*The custom font data. Will be accessed by `get_glyph_bitmap/dsc` */
#if LV_VERSION_CHECK(8, 2, 0) || LVGL_VERSION_MAJOR >= 9
    .fallback = NULL,
#endif
    .user_data = NULL,
};



#endif /*#if DEJAVU_20*/

